applicant_id,age,gender,region,occupation,education,wealth_quintile,is_smoking,alcohol_use,is_exercise,bmi,self_reported_health,pre_existing_conditions,monthly_income_usd,health_score,has_family_history,mortality_multiplier,application_date
KH-00001,36,Female,Other Provinces,Rice Farmer,No education,Richest,0,0,1,23.2,Fair,None,62.0,81.4,0,1.47,2024-06-23
KH-00002,24,Male,Siem Reap,Monk/Retired,Secondary,Richer,1,1,1,19.2,Good,None,87.0,95.0,0,2.19,2024-09-16
KH-00003,34,Female,Phnom Penh,Rice Farmer,Primary,Middle,0,0,1,27.0,Good,Hypertension; Arthritis,179.0,78.7,1,1.87,2024-08-18
KH-00004,39,Male,Other Provinces,Civil Servant,No education,Poorer,0,1,1,19.0,Good,Hypertension,273.0,89.9,0,1.75,2024-08-09
KH-00005,35,Male,Kandal,Monk/Retired,Secondary,Richest,1,1,0,19.6,Good,Hepatitis B,61.0,82.1,0,2.85,2024-05-16
KH-00006,25,Female,Other Provinces,Rice Farmer,Primary,Poorer,0,0,0,19.6,Good,COPD/Asthma,110.0,95.0,0,1.57,2024-08-05
KH-00007,43,Female,Other Provinces,Garment Worker,Secondary,Middle,0,0,0,25.7,Good,Hypertension,159.0,76.6,0,1.84,2024-10-24
KH-00008,30,Male,Other Provinces,Construction Worker,Secondary,Poorer,0,1,1,24.1,Good,Hepatitis B,206.0,78.6,1,2.19,2024-04-08
KH-00009,31,Female,Other Provinces,Rice Farmer,Secondary,Poorest,0,0,0,16.0,Good,None,146.0,95.0,0,1.47,2024-11-12
KH-00010,43,Female,Other Provinces,Construction Worker,Higher,Middle,0,0,0,24.6,Fair,None,237.0,75.0,0,1.98,2024-06-22
KH-00011,34,Male,Phnom Penh,Moto/Tuk-tuk Driver,Secondary,Richest,0,0,0,21.6,Good,None,254.0,85.2,1,1.97,2024-08-02
KH-00012,23,Male,Kampong Cham,Rice Farmer,Secondary,Richest,1,1,0,26.7,Fair,Hepatitis B,103.0,77.5,0,2.16,2024-10-01
KH-00013,27,Male,Other Provinces,Civil Servant,Primary,Poorest,1,0,1,20.7,Good,None,293.0,94.9,0,1.42,2024-08-05
KH-00014,39,Female,Other Provinces,Garment Worker,Secondary,Poorest,0,1,0,29.2,Good,None,192.0,69.1,1,1.69,2024-06-27
KH-00015,36,Female,Other Provinces,Rice Farmer,Primary,Poorer,0,0,0,26.8,Good,TB,99.0,70.5,0,1.97,2024-07-10
KH-00016,36,Female,Other Provinces,Rice Farmer,Secondary,Richest,0,0,1,22.5,Good,None,199.0,86.3,0,1.47,2024-02-21
KH-00017,53,Female,Kampong Cham,Garment Worker,Secondary,Richer,0,1,0,27.3,Good,Diabetes; Hepatitis B,169.0,62.6,0,2.53,2024-05-01
KH-00018,34,Male,Prey Veng,Rice Farmer,Secondary,Richest,0,1,0,28.2,Good,None,83.0,73.5,0,1.76,2024-01-01
KH-00019,25,Female,Battambang,Rice Farmer,Primary,Richest,0,1,0,25.8,Good,Diabetes,138.0,82.3,0,1.72,2024-11-25
KH-00020,27,Female,Other Provinces,Garment Worker,Primary,Poorest,0,1,0,23.0,Good,None,216.0,87.0,0,1.45,2024-01-10
KH-00021,43,Male,Phnom Penh,Moto/Tuk-tuk Driver,Higher,Richest,0,1,0,23.2,Good,None,311.0,76.4,0,2.3,2024-07-23
KH-00022,31,Female,Other Provinces,Construction Worker,Primary,Poorest,0,0,0,20.4,Good,None,250.0,86.0,0,1.74,2024-11-30
KH-00023,40,Male,Prey Veng,Construction Worker,Secondary,Richest,1,1,0,23.1,Good,None,167.0,72.7,0,2.43,2024-07-13
KH-00024,36,Male,Prey Veng,Monk/Retired,Primary,Richest,0,1,1,19.0,Fair,TB,55.0,82.5,1,2.55,2024-12-20
KH-00025,28,Female,Battambang,Market Vendor,Primary,Richer,0,0,0,20.2,Fair,TB,110.0,91.4,1,1.63,2024-05-24
KH-00026,25,Female,Battambang,Garment Worker,Secondary,Middle,0,0,1,23.0,Good,COPD/Asthma,204.0,94.9,0,1.38,2024-11-13
KH-00027,39,Male,Other Provinces,Moto/Tuk-tuk Driver,Secondary,Richer,0,1,0,23.2,Fair,None,206.0,78.0,0,2.22,2024-01-10
KH-00028,22,Male,Prey Veng,Rice Farmer,No education,Poorest,1,1,1,22.7,Good,Hepatitis B,105.0,83.9,0,2.04,2024-09-23
KH-00029,28,Male,Kandal,Construction Worker,Secondary,Poorer,0,1,0,24.3,Fair,None,229.0,80.5,0,1.91,2024-06-27
KH-00030,34,Male,Phnom Penh,Construction Worker,Secondary,Richest,1,1,1,29.8,Good,None,325.0,65.6,1,2.21,2024-02-16
KH-00031,46,Male,Other Provinces,Moto/Tuk-tuk Driver,Secondary,Richest,1,1,0,22.2,Good,Hypertension; Diabetes,215.0,71.7,0,3.08,2024-02-20
KH-00032,38,Male,Other Provinces,Civil Servant,Primary,Richest,1,0,0,20.9,Fair,Diabetes,277.0,85.8,0,1.96,2024-12-12
KH-00033,23,Female,Phnom Penh,Rice Farmer,Secondary,Richest,0,1,1,23.3,Good,Hepatitis B,149.0,88.3,0,1.7,2024-02-01
KH-00034,38,Female,Other Provinces,Garment Worker,Secondary,Poorer,0,0,0,21.8,Fair,None,161.0,85.9,0,1.52,2024-01-08
KH-00035,38,Male,Phnom Penh,Construction Worker,Secondary,Poorer,1,0,1,20.0,Good,COPD/Asthma; Hepatitis B,323.0,80.5,0,2.7,2024-01-02
KH-00036,24,Female,Other Provinces,Garment Worker,Primary,Poorest,0,0,1,22.2,Good,None,136.0,93.9,0,1.14,2024-10-04
KH-00037,24,Female,Phnom Penh,Civil Servant,Secondary,Middle,0,0,1,23.5,Good,None,502.0,95.0,1,1.0,2024-11-05
KH-00038,20,Female,Phnom Penh,Market Vendor,Secondary,Middle,0,0,0,23.4,Fair,None,230.0,95.0,0,1.07,2024-03-13
KH-00039,34,Female,Other Provinces,Garment Worker,Secondary,Richer,0,0,0,21.5,Fair,None,217.0,90.3,0,1.44,2024-01-25
KH-00040,42,Female,Other Provinces,Market Vendor,Secondary,Poorest,0,0,1,19.6,Fair,None,159.0,89.4,0,1.41,2024-05-31
KH-00041,29,Female,Other Provinces,Garment Worker,No education,Poorer,0,0,0,21.3,Good,Hypertension; Heart Disease,132.0,90.1,0,1.78,2024-07-03
KH-00042,46,Female,Kampong Cham,Garment Worker,Primary,Middle,1,0,0,17.7,Good,Hypertension,181.0,85.5,0,2.18,2024-10-21
KH-00043,59,Male,Other Provinces,Rice Farmer,Secondary,Richer,1,1,0,21.2,Good,Hypertension,130.0,69.2,0,2.76,2024-06-08
KH-00044,42,Female,Other Provinces,Market Vendor,Secondary,Richest,0,0,0,23.5,Good,COPD/Asthma; TB,137.0,76.6,0,2.13,2024-06-24
KH-00045,28,Male,Prey Veng,Moto/Tuk-tuk Driver,Secondary,Poorer,0,0,0,22.9,Good,None,176.0,86.9,0,1.85,2024-06-06
KH-00046,33,Male,Phnom Penh,Moto/Tuk-tuk Driver,Primary,Poorer,0,1,1,22.8,Fair,Hypertension,265.0,81.3,0,2.22,2024-08-29
KH-00047,39,Male,Phnom Penh,Rice Farmer,Higher,Richer,0,1,0,27.1,Good,Heart Disease,206.0,75.9,0,2.08,2024-03-15
KH-00048,43,Male,Phnom Penh,Market Vendor,Primary,Richest,0,1,1,27.7,Fair,Diabetes,198.0,70.6,0,1.88,2024-05-24
KH-00049,49,Male,Other Provinces,Garment Worker,Higher,Poorest,1,1,0,16.0,Fair,Hypertension,270.0,86.3,0,2.47,2024-04-04
KH-00050,29,Male,Other Provinces,Construction Worker,Secondary,Richer,1,1,0,20.1,Good,None,166.0,87.0,0,2.21,2024-06-14
KH-00051,51,Female,Kandal,Rice Farmer,Secondary,Richer,0,0,0,25.8,Good,None,196.0,70.4,0,1.87,2024-12-27
KH-00052,27,Male,Other Provinces,Moto/Tuk-tuk Driver,Secondary,Richer,0,0,1,17.5,Good,None,214.0,95.0,0,1.73,2024-07-31
KH-00053,41,Male,Siem Reap,Garment Worker,No education,Richest,0,1,0,26.4,Good,None,217.0,70.4,0,1.81,2024-03-27
KH-00054,27,Male,Siem Reap,Moto/Tuk-tuk Driver,No education,Middle,0,1,1,17.4,Good,Diabetes,235.0,95.0,0,2.1,2024-04-27
KH-00055,33,Female,Other Provinces,Garment Worker,Secondary,Richer,0,0,1,18.1,Good,Hepatitis B,201.0,95.0,1,1.66,2024-04-28
KH-00056,32,Female,Kandal,Rice Farmer,Secondary,Richer,0,1,0,17.2,Good,None,152.0,95.0,0,1.64,2024-12-06
KH-00057,34,Male,Other Provinces,Rice Farmer,Secondary,Richest,0,0,1,20.8,Good,None,136.0,90.8,0,1.51,2024-03-17
KH-00058,30,Male,Phnom Penh,Market Vendor,Higher,Richer,0,0,1,18.4,Good,None,301.0,95.0,1,1.25,2024-09-23
KH-00059,49,Male,Battambang,Garment Worker,Secondary,Middle,0,1,0,26.4,Good,Arthritis; Hepatitis B,202.0,66.4,0,2.53,2024-07-21
KH-00060,34,Female,Kandal,Garment Worker,Primary,Richer,0,0,1,20.1,Good,None,253.0,93.4,0,1.34,2024-10-24
KH-00061,31,Female,Other Provinces,Garment Worker,Primary,Poorest,0,0,1,24.8,Good,None,192.0,84.5,0,1.28,2024-08-29
KH-00062,37,Male,Kandal,Civil Servant,Secondary,Poorest,1,0,0,24.0,Good,COPD/Asthma,354.0,82.2,0,1.94,2024-10-14
KH-00063,29,Female,Other Provinces,Rice Farmer,Primary,Poorer,0,0,0,21.8,Good,None,144.0,89.4,0,1.43,2024-09-20
KH-00064,36,Male,Phnom Penh,Monk/Retired,Secondary,Poorer,0,1,0,16.0,Fair,Diabetes,109.0,93.4,0,2.47,2024-08-18
KH-00065,35,Female,Phnom Penh,Rice Farmer,Primary,Middle,0,0,1,27.5,Good,None,179.0,77.1,0,1.45,2024-06-06
KH-00066,20,Male,Other Provinces,Construction Worker,Primary,Poorest,1,1,0,20.5,Good,None,185.0,88.5,1,2.03,2024-04-26
KH-00067,32,Male,Kandal,Rice Farmer,Primary,Middle,0,0,1,18.5,Good,None,83.0,95.0,0,1.47,2024-04-08
KH-00068,40,Female,Other Provinces,Rice Farmer,Secondary,Richer,0,0,0,24.7,Good,None,128.0,79.6,0,1.65,2024-07-01
KH-00069,28,Male,Kampong Cham,Construction Worker,Secondary,Poorer,1,0,1,16.0,Fair,COPD/Asthma,193.0,95.0,0,2.16,2024-02-11
KH-00070,50,Male,Other Provinces,Monk/Retired,Primary,Richer,1,1,0,28.1,Good,Heart Disease,104.0,59.4,0,3.03,2024-11-28
KH-00071,42,Male,Phnom Penh,Moto/Tuk-tuk Driver,Secondary,Richest,0,1,0,26.8,Good,Hypertension,281.0,68.2,0,2.5,2024-04-28
KH-00072,31,Male,Other Provinces,Construction Worker,Higher,Richer,0,1,1,18.7,Good,None,181.0,94.4,0,1.87,2024-02-01
KH-00073,39,Female,Prey Veng,Market Vendor,Higher,Richer,0,0,1,21.5,Good,None,142.0,92.4,0,1.35,2024-12-18
KH-00074,22,Male,Kampong Cham,Moto/Tuk-tuk Driver,Secondary,Richer,1,1,0,26.3,Fair,None,169.0,80.8,1,2.16,2024-03-30
KH-00075,35,Male,Other Provinces,Construction Worker,Secondary,Richest,0,1,0,24.5,Fair,Heart Disease; Arthritis,158.0,75.3,0,2.49,2024-08-08
KH-00076,23,Male,Phnom Penh,Moto/Tuk-tuk Driver,Secondary,Richer,0,0,1,22.5,Good,None,274.0,93.8,1,1.65,2024-04-25
KH-00077,39,Female,Kandal,Market Vendor,Primary,Richer,0,0,0,25.9,Good,None,148.0,79.1,0,1.45,2024-02-18
KH-00078,24,Male,Other Provinces,Market Vendor,No education,Richest,0,1,1,24.9,Good,Hypertension; COPD/Asthma,110.0,87.1,0,1.72,2024-06-30
KH-00079,43,Female,Phnom Penh,Civil Servant,Secondary,Richer,0,1,0,23.3,Good,None,468.0,82.2,0,1.63,2024-12-10
KH-00080,37,Female,Other Provinces,Rice Farmer,Secondary,Middle,0,0,1,27.9,Good,None,113.0,76.6,1,1.49,2024-05-23
KH-00081,51,Male,Phnom Penh,Moto/Tuk-tuk Driver,Secondary,Poorest,1,1,0,20.3,Good,Hypertension,285.0,71.5,0,2.96,2024-04-06
KH-00082,27,Female,Other Provinces,Garment Worker,Primary,Poorest,0,1,0,18.5,Good,None,132.0,95.0,0,1.45,2024-10-09
KH-00083,30,Female,Other Provinces,Market Vendor,Primary,Richer,0,0,1,20.9,Good,Hepatitis B,162.0,92.8,0,1.51,2024-06-02
KH-00084,63,Male,Other Provinces,Rice Farmer,Secondary,Middle,1,0,0,28.2,Fair,Hypertension; COPD/Asthma,107.0,54.5,0,2.91,2024-11-09
KH-00085,25,Male,Other Provinces,Construction Worker,Primary,Poorest,1,1,1,28.6,Good,Diabetes; Heart Disease,220.0,71.6,0,2.47,2024-02-08
KH-00086,28,Male,Phnom Penh,Civil Servant,Secondary,Poorest,0,1,1,26.9,Good,Hypertension,481.0,84.7,0,1.53,2024-10-01
KH-00087,40,Male,Other Provinces,Rice Farmer,Secondary,Poorest,1,1,1,20.2,Fair,Diabetes,128.0,82.5,1,2.28,2024-02-04
KH-00088,28,Male,Other Provinces,Moto/Tuk-tuk Driver,Primary,Poorer,0,1,1,20.3,Good,None,170.0,89.7,0,1.9,2024-06-27
KH-00089,33,Male,Siem Reap,Moto/Tuk-tuk Driver,Higher,Richer,0,1,1,16.8,Good,Hypertension,260.0,95.0,0,2.22,2024-05-20
KH-00090,39,Male,Other Provinces,Rice Farmer,Secondary,Poorer,0,1,1,20.5,Good,COPD/Asthma; TB,132.0,81.3,0,2.38,2024-02-14
KH-00091,24,Female,Other Provinces,Market Vendor,Primary,Richest,0,0,1,16.4,Fair,None,171.0,95.0,1,1.05,2024-08-30
KH-00092,29,Male,Other Provinces,Market Vendor,Primary,Middle,0,1,0,22.0,Fair,Hypertension; TB,108.0,84.9,0,2.1,2024-08-10
KH-00093,45,Male,Siem Reap,Civil Servant,No education,Richer,0,1,0,22.0,Good,Hypertension; Heart Disease,316.0,80.2,0,2.19,2024-02-25
KH-00094,32,Female,Other Provinces,Garment Worker,Primary,Poorest,0,1,0,23.0,Good,None,196.0,83.7,1,1.55,2024-12-28
KH-00095,25,Female,Other Provinces,Garment Worker,Secondary,Poorest,0,0,0,20.4,Good,None,225.0,95.0,0,1.26,2024-02-11
KH-00096,34,Female,Other Provinces,Rice Farmer,Secondary,Poorer,0,0,1,20.9,Good,None,123.0,90.9,0,1.43,2024-04-10
KH-00097,23,Female,Other Provinces,Market Vendor,Secondary,Poorest,0,0,0,22.4,Fair,None,160.0,95.0,0,1.13,2024-07-21
KH-00098,27,Male,Siem Reap,Market Vendor,Secondary,Middle,0,1,1,18.1,Good,None,177.0,95.0,1,1.34,2024-11-18
KH-00099,27,Male,Siem Reap,Construction Worker,Primary,Richest,0,0,1,24.4,Good,None,261.0,83.2,1,1.64,2024-09-21
KH-00100,42,Female,Kampong Cham,Market Vendor,Primary,Middle,0,1,0,20.5,Good,None,138.0,84.7,0,1.66,2024-08-02
KH-00101,31,Female,Kampong Cham,Garment Worker,Secondary,Richest,0,1,1,25.8,Good,None,187.0,82.7,0,1.43,2024-07-23
KH-00102,46,Female,Other Provinces,Garment Worker,Secondary,Richest,0,1,0,26.5,Good,None,226.0,70.1,1,1.83,2024-05-16
KH-00103,29,Male,Other Provinces,Garment Worker,Primary,Richest,0,1,0,25.8,Poor,None,146.0,79.0,0,1.63,2024-05-19
KH-00104,30,Male,Phnom Penh,Moto/Tuk-tuk Driver,Secondary,Richer,0,1,1,16.0,Good,Hepatitis B,324.0,95.0,0,2.28,2024-09-20
KH-00105,44,Female,Other Provinces,Garment Worker,Primary,Richest,0,1,1,26.8,Good,Hypertension; COPD/Asthma,185.0,70.8,0,2.13,2024-01-24
KH-00106,20,Female,Other Provinces,Rice Farmer,Secondary,Middle,0,0,1,16.7,Fair,None,70.0,95.0,0,1.15,2024-05-14
KH-00107,35,Female,Other Provinces,Market Vendor,Primary,Poorest,0,0,1,24.8,Good,None,110.0,83.2,0,1.27,2024-07-17
KH-00108,38,Male,Other Provinces,Construction Worker,Primary,Richest,0,1,0,22.6,Good,Diabetes; COPD/Asthma,128.0,75.8,0,2.55,2024-08-13
KH-00109,32,Male,Phnom Penh,Rice Farmer,Secondary,Richer,1,1,1,17.6,Good,None,172.0,95.0,0,1.9,2024-03-29
KH-00110,35,Female,Kandal,Rice Farmer,No education,Richest,0,0,0,27.3,Good,None,103.0,73.4,0,1.55,2024-03-14
KH-00111,28,Male,Other Provinces,Rice Farmer,Primary,Middle,1,1,1,26.4,Good,Hypertension,95.0,79.2,0,2.04,2024-01-17
KH-00112,27,Male,Kampong Cham,Moto/Tuk-tuk Driver,Secondary,Poorer,0,1,1,20.6,Good,None,200.0,91.4,0,1.88,2024-11-22
KH-00113,30,Male,Other Provinces,Civil Servant,Primary,Poorer,0,0,1,25.6,Good,Diabetes,282.0,87.0,0,1.42,2024-06-29
KH-00114,45,Female,Battambang,Rice Farmer,Secondary,Poorest,0,0,1,19.2,Poor,None,87.0,84.1,0,1.71,2024-07-08
KH-00115,28,Male,Phnom Penh,Garment Worker,Secondary,Poorer,0,1,0,25.6,Poor,None,261.0,81.8,0,1.61,2024-08-28
KH-00116,35,Male,Prey Veng,Garment Worker,Secondary,Richer,0,1,0,25.1,Fair,None,164.0,81.0,0,1.69,2024-03-05
KH-00117,31,Female,Siem Reap,Civil Servant,Secondary,Poorest,0,1,1,16.0,Good,None,446.0,95.0,0,1.29,2024-04-04
KH-00118,30,Male,Kampong Cham,Civil Servant,Secondary,Poorer,0,0,0,22.0,Good,Hepatitis B,292.0,90.8,0,1.64,2024-11-13
KH-00119,30,Female,Phnom Penh,Rice Farmer,Higher,Richest,0,0,0,22.4,Good,Heart Disease,204.0,91.0,0,1.67,2024-08-06
KH-00120,35,Female,Phnom Penh,Market Vendor,Secondary,Richer,0,0,0,23.4,Good,None,205.0,87.9,0,1.37,2024-12-17
KH-00121,23,Male,Other Provinces,Civil Servant,Primary,Poorest,0,1,0,24.2,Good,Diabetes,270.0,89.9,0,1.53,2024-06-24
KH-00122,36,Female,Prey Veng,Market Vendor,Secondary,Poorest,0,0,0,23.1,Good,Hepatitis B,99.0,82.8,0,1.73,2024-03-09
KH-00123,26,Male,Other Provinces,Moto/Tuk-tuk Driver,Primary,Richest,0,0,0,16.2,Fair,None,152.0,95.0,0,1.81,2024-05-02
KH-00124,46,Female,Battambang,Garment Worker,Higher,Poorest,0,1,0,22.7,Good,Hypertension,196.0,78.7,1,2.05,2024-07-20
KH-00125,39,Male,Other Provinces,Rice Farmer,Primary,Middle,0,0,1,24.4,Good,None,106.0,80.3,0,1.61,2024-03-27
KH-00126,21,Female,Other Provinces,Market Vendor,Secondary,Poorest,0,0,1,21.8,Fair,Diabetes,191.0,95.0,0,1.21,2024-07-19
KH-00127,27,Female,Kampong Cham,Rice Farmer,Secondary,Middle,0,0,1,18.8,Good,None,129.0,95.0,0,1.29,2024-12-09
KH-00128,32,Male,Kandal,Garment Worker,Primary,Middle,1,1,0,27.2,Fair,Hypertension,237.0,74.4,0,2.13,2024-08-20
KH-00129,42,Female,Siem Reap,Moto/Tuk-tuk Driver,Primary,Richer,0,1,1,34.2,Good,None,208.0,55.9,0,2.1,2024-02-09
KH-00130,31,Female,Siem Reap,Garment Worker,Secondary,Richer,0,0,0,23.4,Fair,None,296.0,88.8,0,1.38,2024-07-10
KH-00131,27,Female,Siem Reap,Garment Worker,Primary,Richer,0,0,1,27.6,Good,None,256.0,84.0,0,1.2,2024-08-05
KH-00132,40,Male,Siem Reap,Construction Worker,Secondary,Poorer,1,1,1,24.9,Fair,None,251.0,70.6,1,2.33,2024-12-22
KH-00133,28,Female,Battambang,Rice Farmer,Secondary,Richest,0,0,0,24.8,Good,None,176.0,85.7,0,1.41,2024-09-25
KH-00134,25,Female,Phnom Penh,Garment Worker,Secondary,Middle,0,0,0,27.1,Good,None,343.0,85.7,0,1.26,2024-10-02
KH-00135,42,Male,Siem Reap,Market Vendor,Secondary,Middle,0,0,0,23.2,Good,None,244.0,83.2,0,1.59,2024-07-11
KH-00136,35,Female,Other Provinces,Garment Worker,Secondary,Poorest,0,0,0,22.4,Good,None,196.0,86.4,0,1.46,2024-05-29
KH-00137,29,Female,Other Provinces,Market Vendor,Secondary,Middle,0,0,0,22.9,Fair,None,132.0,91.8,0,1.25,2024-09-24
KH-00138,26,Female,Other Provinces,Monk/Retired,Primary,Poorest,0,0,1,16.0,Good,None,57.0,95.0,1,1.72,2024-04-10
KH-00139,40,Male,Battambang,Construction Worker,Primary,Poorest,0,0,0,27.6,Fair,Diabetes,222.0,66.2,0,2.22,2024-08-05
KH-00140,35,Female,Prey Veng,Market Vendor,Secondary,Richest,0,0,0,22.6,Good,None,134.0,87.9,0,1.37,2024-06-08
KH-00141,27,Male,Kandal,Civil Servant,Primary,Richest,0,1,1,21.0,Good,Hepatitis B,363.0,92.3,0,1.63,2024-01-13
KH-00142,23,Female,Other Provinces,Rice Farmer,Primary,Poorer,0,0,0,24.6,Good,Diabetes,102.0,88.1,0,1.53,2024-01-13
KH-00143,28,Female,Kandal,Rice Farmer,Primary,Middle,0,0,1,27.3,Good,COPD/Asthma; Hepatitis B,109.0,79.0,0,1.87,2024-03-12
KH-00144,35,Female,Other Provinces,Market Vendor,No education,Middle,0,0,0,17.6,Good,None,85.0,95.0,1,1.37,2024-12-24
KH-00145,38,Male,Kampong Cham,Civil Servant,Secondary,Richer,1,1,0,17.1,Good,COPD/Asthma,297.0,94.5,0,2.11,2024-05-16
KH-00146,25,Female,Other Provinces,Rice Farmer,Primary,Richest,1,0,1,21.1,Fair,None,73.0,91.6,0,1.53,2024-05-19
KH-00147,30,Female,Kampong Cham,Rice Farmer,Primary,Middle,0,0,0,24.6,Good,None,121.0,84.3,0,1.45,2024-08-14
KH-00148,44,Female,Other Provinces,Civil Servant,Primary,Poorest,0,0,1,23.0,Good,Hypertension,261.0,82.0,0,1.62,2024-08-07
KH-00149,32,Male,Phnom Penh,Rice Farmer,Secondary,Poorer,1,1,0,24.9,Good,None,205.0,78.7,0,2.0,2024-08-26
KH-00150,32,Male,Other Provinces,Construction Worker,Primary,Poorer,0,1,0,18.6,Good,None,156.0,87.5,0,1.99,2024-08-26
KH-00151,28,Female,Prey Veng,Garment Worker,Secondary,Richer,0,0,0,23.1,Good,TB,138.0,86.8,0,1.72,2024-06-19
KH-00152,35,Female,Kampong Cham,Civil Servant,Primary,Poorer,0,0,0,18.4,Good,Diabetes,221.0,95.0,0,1.54,2024-09-27
KH-00153,59,Female,Other Provinces,Garment Worker,Primary,Poorest,0,0,0,16.0,Good,TB,199.0,76.1,1,2.34,2024-08-20
KH-00154,42,Male,Phnom Penh,Civil Servant,Secondary,Richest,1,1,0,20.6,Good,Hypertension; COPD/Asthma,527.0,83.8,0,2.41,2024-07-27
KH-00155,36,Female,Battambang,Rice Farmer,Secondary,Poorer,0,0,1,21.6,Good,None,131.0,88.2,1,1.47,2024-01-12
KH-00156,21,Female,Kandal,Rice Farmer,Primary,Poorest,0,0,1,25.8,Good,None,90.0,87.9,0,1.17,2024-11-06
KH-00157,31,Female,Siem Reap,Garment Worker,No education,Poorest,0,0,0,21.4,Good,None,195.0,87.8,0,1.38,2024-05-05
KH-00158,43,Male,Phnom Penh,Rice Farmer,No education,Richer,1,1,0,22.6,Good,Arthritis,180.0,74.0,1,2.44,2024-12-06
KH-00159,26,Female,Kampong Cham,Civil Servant,Primary,Richest,0,0,0,20.5,Good,None,319.0,95.0,0,1.14,2024-09-02
KH-00160,38,Female,Other Provinces,Civil Servant,Secondary,Poorer,0,0,1,18.9,Good,None,363.0,95.0,0,1.28,2024-10-06
KH-00161,38,Male,Phnom Penh,Construction Worker,Primary,Richest,0,0,1,17.3,Good,None,279.0,89.2,1,1.86,2024-12-02
KH-00162,25,Female,Preah Sihanouk,Garment Worker,Primary,Richest,0,0,0,19.8,Good,Hypertension,267.0,95.0,0,1.48,2024-10-04
KH-00163,28,Male,Phnom Penh,Rice Farmer,Higher,Middle,1,1,0,18.4,Fair,None,208.0,95.0,0,1.92,2024-06-15
KH-00164,26,Female,Prey Veng,Market Vendor,Primary,Poorest,0,0,1,30.6,Good,Hypertension; Diabetes,111.0,78.2,0,1.53,2024-10-20
KH-00165,22,Female,Other Provinces,Market Vendor,Higher,Middle,0,0,0,22.6,Good,None,187.0,95.0,0,1.11,2024-05-01
KH-00166,34,Female,Other Provinces,Rice Farmer,Secondary,Richest,0,0,0,19.5,Fair,Hepatitis B,60.0,88.2,0,1.87,2024-01-07
KH-00167,35,Female,Battambang,Market Vendor,Primary,Poorer,0,0,1,23.1,Good,Hepatitis B,153.0,84.1,0,1.61,2024-01-16
KH-00168,33,Female,Other Provinces,Garment Worker,Secondary,Poorer,0,0,0,17.7,Fair,None,153.0,95.0,0,1.42,2024-04-04
KH-00169,37,Female,Other Provinces,Rice Farmer,Secondary,Poorer,1,1,0,27.4,Good,None,106.0,70.8,0,2.02,2024-03-25
KH-00170,39,Male,Other Provinces,Moto/Tuk-tuk Driver,Primary,Richer,1,1,0,25.1,Fair,TB,132.0,65.4,0,2.9,2024-05-26
KH-00171,30,Female,Battambang,Rice Farmer,Secondary,Middle,0,1,0,24.6,Good,None,126.0,83.8,0,1.6,2024-10-05
KH-00172,39,Female,Other Provinces,Monk/Retired,Primary,Middle,1,0,0,21.8,Fair,None,68.0,79.3,0,2.36,2024-01-25
KH-00173,33,Female,Other Provinces,Rice Farmer,Secondary,Middle,0,0,0,20.8,Good,Arthritis,134.0,91.0,0,1.73,2024-01-28
KH-00174,26,Male,Other Provinces,Rice Farmer,Primary,Middle,0,0,0,18.3,Fair,None,89.0,95.0,0,1.45,2024-12-17
KH-00175,43,Female,Phnom Penh,Garment Worker,Secondary,Poorer,1,0,1,18.2,Good,None,337.0,88.8,0,1.8,2024-01-25
KH-00176,23,Female,Siem Reap,Civil Servant,Primary,Middle,0,1,0,18.8,Good,None,384.0,95.0,0,1.23,2024-01-25
KH-00177,35,Female,Kandal,Rice Farmer,Primary,Poorer,0,0,1,23.5,Fair,TB,155.0,78.3,0,1.85,2024-09-28
KH-00178,37,Male,Preah Sihanouk,Market Vendor,Secondary,Richest,1,1,0,21.6,Fair,Hypertension; Heart Disease,195.0,83.4,1,2.36,2024-07-17
KH-00179,27,Male,Other Provinces,Market Vendor,Primary,Richer,0,1,0,16.0,Good,None,114.0,95.0,0,1.44,2024-11-13
KH-00180,24,Female,Other Provinces,Garment Worker,Secondary,Richest,0,0,0,21.9,Good,None,168.0,95.0,0,1.24,2024-08-02
KH-00181,29,Female,Other Provinces,Rice Farmer,Primary,Poorest,1,1,1,25.1,Good,Hepatitis B,133.0,76.4,0,2.1,2024-08-24
KH-00182,47,Female,Other Provinces,Garment Worker,Primary,Poorest,0,0,0,27.3,Good,Diabetes,159.0,67.9,0,1.92,2024-05-30
KH-00183,23,Male,Phnom Penh,Garment Worker,Primary,Richest,0,0,0,26.7,Good,Diabetes,241.0,85.2,0,1.52,2024-07-27
KH-00184,31,Male,Other Provinces,Moto/Tuk-tuk Driver,Primary,Richest,0,1,1,23.8,Good,COPD/Asthma,179.0,81.0,0,2.18,2024-11-17
KH-00185,36,Male,Phnom Penh,Rice Farmer,Higher,Middle,0,1,0,25.9,Fair,Hypertension; TB,187.0,74.1,0,2.42,2024-10-21
KH-00186,42,Male,Other Provinces,Construction Worker,No education,Middle,0,1,0,22.1,Good,Hepatitis B,186.0,70.6,0,2.53,2024-11-23
KH-00187,25,Male,Phnom Penh,Rice Farmer,Primary,Middle,0,1,1,20.2,Good,None,129.0,95.0,1,1.48,2024-10-17
KH-00188,35,Female,Phnom Penh,Civil Servant,Primary,Richer,0,0,1,23.8,Poor,None,480.0,86.4,0,1.28,2024-04-05
KH-00189,26,Male,Prey Veng,Construction Worker,Secondary,Poorest,1,1,1,23.4,Good,Heart Disease,187.0,82.2,0,2.27,2024-04-28
KH-00190,34,Male,Battambang,Construction Worker,Secondary,Middle,0,1,0,29.1,Good,None,217.0,68.9,0,2.03,2024-11-02
KH-00191,43,Male,Siem Reap,Construction Worker,Secondary,Richest,1,1,1,29.6,Good,Diabetes; TB,263.0,55.1,0,3.01,2024-05-09
KH-00192,30,Male,Kampong Cham,Construction Worker,Primary,Middle,0,1,1,23.6,Fair,Arthritis,196.0,81.3,0,2.07,2024-04-17
KH-00193,23,Female,Other Provinces,Garment Worker,Higher,Middle,0,0,0,21.4,Good,None,227.0,95.0,0,1.22,2024-02-18
KH-00194,35,Female,Phnom Penh,Garment Worker,Secondary,Richer,0,1,0,23.6,Fair,None,278.0,83.8,0,1.61,2024-04-07
KH-00195,33,Female,Phnom Penh,Rice Farmer,Primary,Middle,0,0,0,31.2,Good,None,165.0,70.0,0,1.51,2024-03-11
KH-00196,42,Male,Other Provinces,Rice Farmer,No education,Poorer,1,0,1,21.1,Good,None,67.0,79.6,0,1.95,2024-10-20
KH-00197,22,Female,Other Provinces,Rice Farmer,Secondary,Middle,0,0,0,22.8,Good,None,55.0,94.4,0,1.29,2024-01-10
KH-00198,35,Male,Kampong Cham,Construction Worker,Secondary,Richest,0,1,1,26.9,Good,COPD/Asthma; Hepatitis B,171.0,69.8,0,2.51,2024-04-29
KH-00199,32,Male,Kampong Cham,Moto/Tuk-tuk Driver,No education,Poorest,1,1,1,23.5,Good,Hypertension; Diabetes; Heart Disease; TB,133.0,71.3,0,3.32,2024-08-13
KH-00200,38,Female,Other Provinces,Garment Worker,Primary,Richer,0,0,0,16.5,Good,None,168.0,95.0,0,1.52,2024-01-18
KH-00201,34,Male,Kampong Cham,Garment Worker,Secondary,Middle,1,1,1,24.8,Good,None,202.0,81.2,0,1.85,2024-06-29
KH-00202,34,Female,Other Provinces,Garment Worker,Primary,Poorer,0,0,0,22.6,Good,None,167.0,85.9,0,1.44,2024-12-27
KH-00203,32,Female,Other Provinces,Rice Farmer,Secondary,Poorer,0,0,0,20.9,Good,None,126.0,90.7,1,1.49,2024-03-23
KH-00204,39,Male,Kandal,Monk/Retired,No education,Poorer,1,1,0,29.8,Fair,None,96.0,60.0,0,2.59,2024-01-01
KH-00205,29,Male,Phnom Penh,Moto/Tuk-tuk Driver,Primary,Richer,0,1,1,19.7,Good,Diabetes,277.0,91.5,0,2.14,2024-01-27
KH-00206,49,Male,Battambang,Garment Worker,Secondary,Poorest,0,1,0,24.2,Good,Hypertension,167.0,71.9,0,2.19,2024-03-02
KH-00207,52,Female,Kandal,Rice Farmer,Primary,Richest,0,1,1,24.8,Good,Hepatitis B,115.0,65.0,0,2.28,2024-06-19
KH-00208,24,Male,Other Provinces,Rice Farmer,Secondary,Middle,0,0,1,24.1,Good,None,113.0,92.2,0,1.31,2024-12-18
KH-00209,27,Male,Battambang,Moto/Tuk-tuk Driver,Primary,Poorest,0,1,0,22.1,Poor,Hepatitis B,154.0,79.8,0,2.38,2024-01-17
KH-00210,23,Female,Other Provinces,Monk/Retired,Secondary,Poorest,0,0,1,20.7,Fair,Arthritis; Hepatitis B,61.0,92.8,0,2.22,2024-07-06
KH-00211,35,Female,Other Provinces,Rice Farmer,Secondary,Poorer,0,0,0,27.6,Good,Hypertension,55.0,76.2,0,1.77,2024-07-18
KH-00212,26,Female,Other Provinces,Rice Farmer,Secondary,Richest,0,0,0,17.6,Good,None,73.0,95.0,0,1.37,2024-05-01
KH-00213,29,Female,Other Provinces,Garment Worker,No education,Middle,0,0,1,27.1,Good,None,119.0,81.5,0,1.24,2024-08-06
KH-00214,41,Male,Phnom Penh,Civil Servant,Secondary,Richer,0,1,1,19.7,Good,None,505.0,91.7,0,1.57,2024-11-18
KH-00215,29,Female,Other Provinces,Monk/Retired,Secondary,Richer,0,0,0,16.3,Good,None,55.0,95.0,0,1.88,2024-01-20
KH-00216,31,Female,Kampong Cham,Garment Worker,Higher,Richest,0,0,1,26.9,Good,None,228.0,84.7,0,1.28,2024-05-17
KH-00217,29,Male,Kandal,Rice Farmer,Secondary,Middle,1,1,0,16.3,Good,None,151.0,95.0,0,1.94,2024-03-04
KH-00218,19,Male,Other Provinces,Garment Worker,Primary,Poorer,1,0,0,23.1,Good,TB,194.0,87.3,0,1.9,2024-03-09
KH-00219,31,Female,Other Provinces,Rice Farmer,Higher,Poorer,0,0,0,26.6,Good,Hypertension; Arthritis,159.0,82.8,0,1.91,2024-03-30
KH-00220,32,Male,Battambang,Civil Servant,Primary,Middle,1,0,1,21.1,Fair,None,313.0,91.9,1,1.52,2024-08-19
KH-00221,33,Male,Kandal,Monk/Retired,Primary,Richest,0,0,0,19.4,Good,Hepatitis B,55.0,86.7,0,2.38,2024-01-06
KH-00222,33,Male,Other Provinces,Construction Worker,Secondary,Poorest,0,1,0,22.2,Fair,None,185.0,80.4,0,2.01,2024-01-28
KH-00223,27,Male,Kampong Cham,Civil Servant,Primary,Richest,0,1,0,20.2,Good,None,294.0,95.0,0,1.39,2024-10-02
KH-00224,24,Female,Other Provinces,Market Vendor,Primary,Poorer,0,0,1,23.3,Fair,None,103.0,93.5,0,1.05,2024-10-26
KH-00225,24,Male,Battambang,Civil Servant,Secondary,Richest,0,0,0,24.9,Good,None,259.0,92.1,0,1.18,2024-04-15
KH-00226,28,Female,Other Provinces,Monk/Retired,Secondary,Middle,0,0,1,24.8,Good,None,107.0,87.0,1,1.76,2024-12-27
KH-00227,30,Female,Other Provinces,Rice Farmer,Secondary,Richest,0,1,0,24.9,Fair,None,108.0,81.7,0,1.6,2024-05-20
KH-00228,33,Female,Phnom Penh,Rice Farmer,Primary,Richer,0,0,1,24.5,Good,TB,155.0,79.5,0,1.81,2024-07-16
KH-00229,36,Male,Siem Reap,Market Vendor,Primary,Poorer,1,1,0,26.7,Fair,None,182.0,73.3,0,1.9,2024-06-18
KH-00230,30,Male,Other Provinces,Rice Farmer,Primary,Richest,1,1,0,28.1,Poor,Diabetes; COPD/Asthma,115.0,70.2,0,2.46,2024-08-28
KH-00231,39,Female,Battambang,Market Vendor,Secondary,Poorest,0,0,0,22.8,Good,None,126.0,84.4,0,1.45,2024-09-25
KH-00232,29,Female,Other Provinces,Rice Farmer,No education,Richest,0,0,0,24.9,Poor,COPD/Asthma,87.0,79.8,0,1.71,2024-11-09
KH-00233,27,Female,Siem Reap,Rice Farmer,Secondary,Richest,0,0,1,20.6,Fair,None,140.0,95.0,0,1.29,2024-07-16
KH-00234,44,Male,Phnom Penh,Rice Farmer,Secondary,Middle,0,1,1,17.0,Good,None,201.0,90.4,1,1.86,2024-01-02
KH-00235,41,Female,Prey Veng,Garment Worker,No education,Richer,0,1,1,24.8,Good,None,161.0,76.5,0,1.63,2024-03-09
KH-00236,36,Female,Other Provinces,Rice Farmer,Secondary,Poorest,0,1,1,20.5,Good,None,116.0,87.5,1,1.62,2024-09-19
KH-00237,28,Female,Battambang,Rice Farmer,Secondary,Middle,0,0,0,22.1,Good,None,111.0,91.8,0,1.41,2024-11-21
KH-00238,34,Female,Battambang,Garment Worker,Primary,Richest,0,0,1,31.0,Good,None,215.0,71.5,0,1.34,2024-04-01
KH-00239,25,Male,Kampong Cham,Market Vendor,Secondary,Middle,0,1,1,24.2,Fair,None,117.0,91.5,1,1.3,2024-02-06
KH-00240,43,Female,Other Provinces,Monk/Retired,Secondary,Poorest,1,0,0,19.9,Fair,COPD/Asthma; Arthritis,64.0,80.3,0,2.88,2024-10-05
KH-00241,33,Female,Other Provinces,Market Vendor,Secondary,Poorest,0,1,1,26.2,Good,None,157.0,81.4,1,1.38,2024-01-09
KH-00242,35,Female,Other Provinces,Market Vendor,Primary,Poorer,0,1,0,26.9,Good,Diabetes; Arthritis,103.0,76.5,0,1.96,2024-12-09
KH-00243,41,Female,Other Provinces,Market Vendor,Primary,Richest,0,0,0,28.5,Fair,None,81.0,70.9,0,1.49,2024-10-31
KH-00244,25,Female,Prey Veng,Moto/Tuk-tuk Driver,Secondary,Poorer,0,1,0,21.8,Good,Diabetes,164.0,89.0,0,2.08,2024-09-19
KH-00245,25,Male,Other Provinces,Moto/Tuk-tuk Driver,Primary,Poorest,1,0,1,23.7,Fair,Diabetes,125.0,83.6,0,2.19,2024-09-14
KH-00246,33,Male,Other Provinces,Garment Worker,Higher,Richer,0,0,0,25.8,Good,None,224.0,85.5,0,1.5,2024-10-24
KH-00247,25,Male,Other Provinces,Garment Worker,Secondary,Poorer,0,0,1,21.2,Good,None,238.0,95.0,0,1.24,2024-01-09
KH-00248,34,Male,Kandal,Moto/Tuk-tuk Driver,No education,Richer,0,1,0,26.4,Good,None,155.0,72.7,0,2.12,2024-04-27
KH-00249,22,Male,Other Provinces,Market Vendor,Primary,Poorest,0,0,0,19.8,Fair,None,127.0,95.0,0,1.19,2024-05-20
KH-00250,27,Male,Kampong Cham,Construction Worker,Secondary,Poorest,0,1,0,23.8,Good,Hypertension,244.0,81.8,0,2.11,2024-03-02
KH-00251,26,Female,Phnom Penh,Garment Worker,Secondary,Richest,0,0,0,27.6,Good,None,313.0,83.1,0,1.28,2024-03-13
KH-00252,29,Male,Other Provinces,Construction Worker,Secondary,Poorer,1,1,0,26.8,Good,Hypertension,184.0,73.2,0,2.43,2024-11-09
KH-00253,33,Female,Phnom Penh,Market Vendor,Secondary,Richer,0,0,0,20.0,Good,None,250.0,95.0,0,1.33,2024-12-20
KH-00254,25,Female,Phnom Penh,Moto/Tuk-tuk Driver,Higher,Richest,0,0,0,20.9,Good,Arthritis,343.0,94.5,0,1.93,2024-06-19
KH-00255,49,Female,Kampong Cham,Garment Worker,Higher,Poorest,0,0,1,20.8,Good,Hypertension; Diabetes,226.0,83.8,0,2.08,2024-05-07
KH-00256,36,Female,Other Provinces,Rice Farmer,Secondary,Richer,0,0,0,22.1,Good,None,89.0,87.1,1,1.57,2024-07-12
KH-00257,24,Female,Other Provinces,Rice Farmer,No education,Middle,0,0,0,23.7,Poor,None,59.0,86.3,0,1.39,2024-09-16
KH-00258,28,Male,Other Provinces,Moto/Tuk-tuk Driver,Primary,Middle,1,1,0,19.4,Good,COPD/Asthma,125.0,88.2,1,2.5,2024-08-05
KH-00259,27,Female,Other Provinces,Market Vendor,Primary,Richest,0,0,0,18.5,Fair,None,134.0,95.0,1,1.21,2024-11-16
KH-00260,27,Female,Other Provinces,Rice Farmer,Secondary,Richer,0,0,1,24.5,Good,None,134.0,90.0,0,1.29,2024-11-06
KH-00261,28,Male,Kandal,Market Vendor,No education,Middle,0,0,1,16.5,Good,None,91.0,95.0,0,1.21,2024-07-31
KH-00262,40,Male,Other Provinces,Construction Worker,Secondary,Poorest,0,1,1,23.6,Fair,None,225.0,74.7,1,2.05,2024-10-21
KH-00263,42,Male,Other Provinces,Construction Worker,Primary,Poorer,0,1,1,18.8,Poor,Hypertension,160.0,80.1,0,2.37,2024-05-29
KH-00264,25,Female,Phnom Penh,Rice Farmer,Secondary,Poorer,0,0,1,28.4,Poor,COPD/Asthma; Arthritis,181.0,80.7,0,1.75,2024-03-17
KH-00265,42,Female,Other Provinces,Market Vendor,Higher,Middle,0,1,0,23.7,Good,None,159.0,82.4,1,1.66,2024-01-28
KH-00266,39,Male,Phnom Penh,Market Vendor,Primary,Poorest,0,1,0,20.6,Good,None,161.0,84.9,0,1.68,2024-09-27
KH-00267,28,Female,Phnom Penh,Rice Farmer,Secondary,Richer,0,0,0,22.6,Fair,Hypertension,166.0,90.9,0,1.63,2024-02-12
KH-00268,52,Female,Other Provinces,Rice Farmer,Secondary,Poorest,0,0,0,18.7,Fair,None,63.0,80.4,0,1.89,2024-06-07
KH-00269,24,Male,Phnom Penh,Rice Farmer,Higher,Richest,0,1,0,16.1,Fair,None,218.0,95.0,0,1.56,2024-10-13
KH-00270,33,Male,Siem Reap,Civil Servant,Primary,Poorer,1,1,1,19.9,Fair,None,360.0,90.7,0,1.69,2024-06-18
KH-00271,33,Male,Other Provinces,Civil Servant,Secondary,Richer,1,1,1,26.9,Poor,None,318.0,79.0,0,1.75,2024-12-05
KH-00272,34,Female,Prey Veng,Market Vendor,Primary,Richer,0,1,0,22.9,Good,Arthritis,112.0,86.0,0,1.72,2024-05-20
KH-00273,27,Male,Phnom Penh,Garment Worker,Secondary,Middle,0,1,0,25.6,Good,Hepatitis B,339.0,82.2,0,1.87,2024-03-15
KH-00274,41,Female,Siem Reap,Garment Worker,Secondary,Richer,0,0,1,21.2,Good,None,287.0,88.3,0,1.48,2024-04-20
KH-00275,38,Female,Siem Reap,Market Vendor,Primary,Richest,0,1,0,19.4,Good,Hypertension; Diabetes,203.0,88.3,0,2.02,2024-11-06
KH-00276,29,Male,Phnom Penh,Monk/Retired,Primary,Richer,0,1,1,29.2,Good,None,55.0,75.1,1,2.01,2024-09-13
KH-00277,31,Female,Kampong Cham,Garment Worker,Primary,Richest,0,0,1,19.5,Good,None,159.0,94.9,0,1.28,2024-07-25
KH-00278,32,Male,Kampong Cham,Rice Farmer,Secondary,Poorer,0,0,1,18.3,Good,None,75.0,95.0,0,1.47,2024-05-14
KH-00279,30,Female,Other Provinces,Garment Worker,Secondary,Richest,0,0,1,26.6,Good,None,172.0,83.9,0,1.26,2024-12-24
KH-00280,22,Female,Phnom Penh,Civil Servant,Higher,Richest,0,0,0,26.8,Good,Hypertension,593.0,91.9,0,1.28,2024-09-27
KH-00281,26,Male,Phnom Penh,Civil Servant,Secondary,Richer,1,1,0,26.3,Fair,None,480.0,84.7,0,1.65,2024-11-18
KH-00282,27,Male,Siem Reap,Moto/Tuk-tuk Driver,Secondary,Middle,1,1,0,18.7,Good,None,244.0,91.7,0,2.26,2024-01-23
KH-00283,33,Male,Other Provinces,Moto/Tuk-tuk Driver,Higher,Richest,1,1,0,17.1,Good,COPD/Asthma; TB,206.0,86.8,0,3.0,2024-09-26
KH-00284,21,Male,Battambang,Construction Worker,Primary,Middle,1,0,0,23.4,Fair,Diabetes; Heart Disease,172.0,85.5,0,2.34,2024-07-23
KH-00285,43,Female,Phnom Penh,Garment Worker,Higher,Poorer,0,1,1,21.4,Good,None,343.0,85.4,0,1.67,2024-08-03
KH-00286,37,Male,Phnom Penh,Moto/Tuk-tuk Driver,Higher,Poorer,0,1,1,27.2,Poor,Hepatitis B,322.0,69.6,0,2.48,2024-03-05
KH-00287,39,Female,Other Provinces,Garment Worker,Secondary,Richer,0,0,1,21.5,Fair,None,217.0,88.6,0,1.44,2024-01-17
KH-00288,32,Female,Kampong Cham,Garment Worker,Secondary,Richest,0,0,0,24.4,Good,None,174.0,85.2,0,1.4,2024-01-02
KH-00289,22,Female,Kampong Cham,Rice Farmer,Primary,Poorer,0,0,0,22.8,Good,Heart Disease,136.0,92.1,0,1.51,2024-10-01
KH-00290,55,Female,Phnom Penh,Market Vendor,Secondary,Poorer,0,0,1,18.0,Good,None,200.0,85.1,0,1.67,2024-03-08
KH-00291,24,Female,Siem Reap,Rice Farmer,Secondary,Richer,0,0,0,16.0,Fair,None,187.0,95.0,0,1.33,2024-05-30
KH-00292,26,Male,Other Provinces,Rice Farmer,Primary,Richer,1,0,1,20.2,Good,None,100.0,94.6,0,1.63,2024-01-31
KH-00293,20,Male,Other Provinces,Rice Farmer,Primary,Poorer,0,1,1,22.6,Good,None,86.0,93.3,0,1.38,2024-05-11
KH-00294,36,Male,Phnom Penh,Rice Farmer,Higher,Middle,0,0,1,24.4,Good,None,178.0,85.9,0,1.55,2024-11-29
KH-00295,38,Female,Other Provinces,Garment Worker,Primary,Richest,0,1,0,26.8,Good,None,139.0,73.2,0,1.67,2024-08-15
KH-00296,34,Male,Prey Veng,Rice Farmer,Secondary,Poorer,0,0,1,16.6,Good,None,77.0,95.0,0,1.51,2024-03-08
KH-00297,49,Female,Other Provinces,Market Vendor,No education,Poorest,0,0,1,25.0,Fair,Hepatitis B,87.0,68.6,0,1.89,2024-02-02
KH-00298,37,Male,Other Provinces,Civil Servant,Secondary,Richest,1,0,1,21.3,Good,COPD/Asthma,314.0,89.3,0,1.84,2024-07-28
KH-00299,34,Male,Other Provinces,Garment Worker,Secondary,Poorest,0,1,1,23.0,Good,None,204.0,85.5,0,1.57,2024-04-04
KH-00300,39,Male,Other Provinces,Rice Farmer,Secondary,Middle,1,0,1,23.7,Good,Hepatitis B,150.0,77.6,0,2.23,2024-08-15
KH-00301,29,Female,Other Provinces,Market Vendor,Primary,Richest,0,0,0,31.5,Good,None,172.0,73.6,0,1.25,2024-08-10
KH-00302,35,Female,Kampong Cham,Garment Worker,Secondary,Poorest,0,0,1,24.8,Fair,None,184.0,82.9,0,1.36,2024-04-04
KH-00303,38,Male,Other Provinces,Rice Farmer,Primary,Richer,0,1,1,23.2,Good,None,110.0,81.7,1,1.74,2024-04-28
KH-00304,24,Male,Other Provinces,Monk/Retired,Secondary,Richest,0,0,0,25.3,Good,None,55.0,86.1,0,1.86,2024-05-30
KH-00305,37,Male,Other Provinces,Moto/Tuk-tuk Driver,Primary,Richer,1,1,1,21.8,Poor,Hypertension; COPD/Asthma,159.0,77.9,0,2.86,2024-12-22
KH-00306,26,Female,Other Provinces,Market Vendor,Secondary,Richest,0,0,1,16.0,Good,None,109.0,95.0,0,1.09,2024-07-24
KH-00307,23,Male,Phnom Penh,Market Vendor,Primary,Richest,0,0,0,21.8,Good,None,205.0,95.0,0,1.21,2024-08-07
KH-00308,30,Female,Kandal,Garment Worker,No education,Richest,0,0,0,28.8,Fair,Hypertension,153.0,74.6,0,1.58,2024-04-10
KH-00309,25,Female,Other Provinces,Garment Worker,Secondary,Richer,0,0,1,21.1,Good,None,209.0,95.0,1,1.16,2024-01-01
KH-00310,20,Female,Other Provinces,Garment Worker,Secondary,Poorest,0,0,0,22.4,Fair,None,158.0,95.0,0,1.16,2024-07-25
KH-00311,21,Female,Other Provinces,Rice Farmer,Primary,Richer,0,0,0,20.7,Fair,TB,76.0,92.5,0,1.67,2024-04-02
KH-00312,29,Female,Phnom Penh,Market Vendor,Higher,Poorer,0,1,1,22.5,Good,None,267.0,93.8,0,1.3,2024-03-01
KH-00313,36,Female,Kandal,Rice Farmer,Primary,Poorer,0,1,0,24.4,Fair,Hepatitis B,120.0,74.5,0,2.06,2024-06-11
KH-00314,44,Female,Siem Reap,Garment Worker,Primary,Richer,0,0,0,25.3,Fair,None,244.0,75.1,0,1.64,2024-01-12
KH-00315,32,Male,Other Provinces,Rice Farmer,Secondary,Poorer,0,1,0,19.9,Good,None,55.0,90.5,0,1.72,2024-04-14
KH-00316,24,Male,Kampong Cham,Construction Worker,Primary,Poorest,1,1,0,24.2,Good,None,181.0,79.0,0,2.11,2024-12-01
KH-00317,24,Female,Other Provinces,Rice Farmer,Primary,Middle,0,1,0,22.2,Good,None,58.0,90.7,0,1.48,2024-11-05
KH-00318,22,Female,Phnom Penh,Market Vendor,No education,Poorer,0,0,0,24.1,Good,None,209.0,90.7,0,1.11,2024-04-22
KH-00319,45,Female,Phnom Penh,Garment Worker,Secondary,Poorer,0,1,0,27.0,Good,Arthritis,337.0,70.1,0,2.03,2024-11-16
KH-00320,36,Female,Kampong Cham,Market Vendor,Primary,Richer,0,0,0,24.5,Good,None,98.0,83.7,0,1.39,2024-07-18
KH-00321,28,Female,Kampong Cham,Moto/Tuk-tuk Driver,Primary,Middle,0,0,1,19.6,Fair,Diabetes,150.0,93.3,0,1.89,2024-10-24
KH-00322,28,Male,Kandal,Moto/Tuk-tuk Driver,Secondary,Middle,0,1,0,19.8,Fair,COPD/Asthma,285.0,91.0,0,2.22,2024-10-19
KH-00323,29,Male,Other Provinces,Construction Worker,Higher,Poorest,0,1,0,23.7,Poor,Diabetes,216.0,80.8,1,2.21,2024-01-29
KH-00324,37,Female,Prey Veng,Garment Worker,No education,Poorer,0,0,1,31.7,Poor,Hypertension,157.0,64.9,0,1.68,2024-06-26
KH-00325,42,Male,Other Provinces,Rice Farmer,Primary,Poorest,1,1,0,16.7,Fair,None,141.0,84.6,0,2.2,2024-04-03
KH-00326,38,Female,Preah Sihanouk,Civil Servant,Primary,Middle,0,0,1,18.9,Good,Arthritis; Hepatitis B,411.0,92.1,1,1.84,2024-11-04
KH-00327,35,Male,Phnom Penh,Civil Servant,Primary,Middle,0,1,1,22.3,Good,None,401.0,88.7,0,1.45,2024-07-25
KH-00328,22,Male,Kampong Cham,Moto/Tuk-tuk Driver,Primary,Poorer,1,1,0,30.1,Fair,Hepatitis B,111.0,67.9,0,2.5,2024-10-30
KH-00329,42,Male,Prey Veng,Monk/Retired,Secondary,Middle,1,1,0,18.9,Poor,None,74.0,80.8,1,2.71,2024-05-02
KH-00330,27,Female,Phnom Penh,Civil Servant,Secondary,Poorest,0,0,0,25.8,Good,Hypertension,469.0,87.9,0,1.38,2024-06-25
KH-00331,26,Female,Battambang,Monk/Retired,Secondary,Poorer,0,0,0,25.5,Good,Hypertension,55.0,84.7,1,2.04,2024-12-18
KH-00332,28,Female,Prey Veng,Rice Farmer,Primary,Poorest,0,0,0,23.5,Good,Hepatitis B,102.0,83.1,0,1.75,2024-09-02
KH-00333,42,Male,Other Provinces,Rice Farmer,Secondary,Poorer,0,0,1,26.8,Good,Diabetes; Arthritis,104.0,74.6,0,2.11,2024-01-25
KH-00334,46,Male,Kampong Cham,Rice Farmer,Primary,Richest,0,1,0,24.6,Good,None,144.0,70.8,1,2.0,2024-03-03
KH-00335,26,Female,Kampong Cham,Market Vendor,Higher,Richer,0,0,1,21.9,Fair,None,186.0,95.0,0,1.09,2024-03-22
KH-00336,36,Male,Battambang,Garment Worker,Secondary,Middle,0,1,0,23.3,Good,None,176.0,83.6,0,1.71,2024-04-14
KH-00337,25,Female,Phnom Penh,Garment Worker,Secondary,Richer,0,0,0,24.2,Good,None,288.0,91.7,0,1.26,2024-06-14
KH-00338,23,Female,Other Provinces,Garment Worker,Secondary,Richest,0,0,1,20.5,Fair,None,228.0,95.0,0,1.12,2024-05-23
KH-00339,36,Male,Other Provinces,Monk/Retired,No education,Poorest,1,1,0,21.9,Poor,None,108.0,74.5,0,2.59,2024-01-22
KH-00340,26,Female,Kandal,Rice Farmer,Secondary,Poorer,0,0,1,24.9,Good,Hepatitis B,141.0,85.6,0,1.61,2024-08-13
KH-00341,52,Female,Other Provinces,Civil Servant,No education,Poorer,0,0,0,23.5,Good,None,263.0,73.5,0,1.66,2024-03-18
KH-00342,32,Male,Phnom Penh,Rice Farmer,Secondary,Middle,1,1,1,19.0,Fair,None,183.0,91.5,1,1.9,2024-01-21
KH-00343,28,Female,Other Provinces,Rice Farmer,Primary,Middle,0,1,0,25.1,Good,Hypertension,55.0,82.7,1,1.78,2024-04-15
KH-00344,21,Male,Phnom Penh,Market Vendor,No education,Poorer,0,1,1,28.2,Good,Hepatitis B,178.0,80.2,1,1.56,2024-10-27
KH-00345,27,Female,Other Provinces,Garment Worker,Secondary,Poorer,0,0,0,23.0,Fair,None,146.0,90.8,0,1.3,2024-04-13
KH-00346,42,Male,Phnom Penh,Moto/Tuk-tuk Driver,Primary,Richest,0,1,1,24.6,Poor,None,282.0,70.3,0,2.24,2024-09-06
KH-00347,36,Female,Other Provinces,Civil Servant,Primary,Richer,0,1,0,24.5,Fair,None,222.0,82.5,1,1.49,2024-04-17
KH-00348,38,Female,Siem Reap,Rice Farmer,Primary,Richest,0,1,0,20.5,Good,Hypertension,123.0,83.7,0,1.98,2024-11-06
KH-00349,36,Male,Phnom Penh,Moto/Tuk-tuk Driver,Secondary,Richer,0,1,1,24.9,Good,None,316.0,78.8,0,2.06,2024-02-09
KH-00350,49,Female,Other Provinces,Garment Worker,Higher,Poorest,0,0,0,16.9,Good,Hypertension,228.0,89.6,0,1.96,2024-09-08
KH-00351,36,Male,Other Provinces,Construction Worker,Secondary,Poorest,0,1,1,18.1,Fair,None,260.0,87.6,0,1.97,2024-03-18
KH-00352,26,Male,Other Provinces,Moto/Tuk-tuk Driver,Secondary,Richer,0,0,1,19.9,Poor,None,183.0,94.7,1,1.77,2024-06-09
KH-00353,26,Female,Phnom Penh,Rice Farmer,Primary,Richest,0,0,1,19.4,Good,None,184.0,95.0,0,1.27,2024-08-24
KH-00354,29,Male,Other Provinces,Market Vendor,Higher,Poorest,0,0,0,21.9,Good,None,168.0,94.7,0,1.33,2024-02-15
KH-00355,36,Female,Prey Veng,Garment Worker,Secondary,Poorest,0,0,1,24.1,Good,None,159.0,84.1,0,1.38,2024-04-27
KH-00356,43,Female,Kandal,Market Vendor,No education,Middle,0,0,0,27.2,Good,None,94.0,72.0,0,1.53,2024-09-03
KH-00357,41,Female,Phnom Penh,Market Vendor,Secondary,Richer,0,0,0,26.3,Good,None,193.0,78.6,0,1.49,2024-06-19
KH-00358,39,Male,Kampong Cham,Moto/Tuk-tuk Driver,Primary,Poorest,0,1,0,26.0,Good,Diabetes,100.0,69.6,0,2.44,2024-10-19
KH-00359,26,Female,Kampong Cham,Rice Farmer,Primary,Middle,0,0,0,22.8,Good,Arthritis; TB,86.0,85.3,0,1.99,2024-05-16
KH-00360,29,Male,Other Provinces,Rice Farmer,Secondary,Richest,0,0,0,23.1,Good,None,114.0,88.3,0,1.51,2024-10-01
KH-00361,24,Male,Other Provinces,Rice Farmer,Secondary,Poorer,1,1,1,19.5,Fair,None,114.0,95.0,0,1.74,2024-07-13
KH-00362,29,Female,Siem Reap,Rice Farmer,Secondary,Richer,0,0,0,16.0,Fair,None,133.0,95.0,0,1.43,2024-03-23
KH-00363,40,Male,Kampong Cham,Rice Farmer,Secondary,Middle,1,0,1,19.9,Poor,None,120.0,85.1,0,1.97,2024-08-20
KH-00364,36,Male,Other Provinces,Construction Worker,Primary,Middle,0,0,0,21.7,Good,None,166.0,81.9,0,1.92,2024-05-07
KH-00365,45,Female,Other Provinces,Market Vendor,Secondary,Richest,0,0,1,20.6,Fair,None,111.0,86.1,0,1.47,2024-08-08
KH-00366,33,Female,Other Provinces,Garment Worker,Secondary,Middle,0,0,0,25.9,Fair,None,192.0,82.3,0,1.42,2024-10-24
KH-00367,45,Female,Kandal,Garment Worker,Secondary,Richest,0,1,0,24.3,Fair,TB,179.0,69.4,0,2.21,2024-01-07
KH-00368,43,Female,Kampong Cham,Garment Worker,Higher,Richest,0,1,0,22.4,Good,None,215.0,81.8,0,1.77,2024-08-17
KH-00369,34,Male,Phnom Penh,Garment Worker,Secondary,Richest,0,1,1,22.3,Good,Hypertension,325.0,87.3,0,1.79,2024-12-07
KH-00370,24,Male,Kandal,Rice Farmer,Primary,Poorest,0,1,0,17.1,Good,None,92.0,95.0,0,1.56,2024-01-31
KH-00371,34,Female,Battambang,Garment Worker,Secondary,Richer,0,0,1,20.6,Good,None,169.0,94.0,1,1.34,2024-08-25
KH-00372,34,Female,Phnom Penh,Garment Worker,No education,Middle,0,0,0,24.2,Good,None,190.0,82.2,0,1.44,2024-10-13
KH-00373,40,Female,Kampong Cham,Market Vendor,Primary,Poorer,0,0,0,20.9,Good,None,130.0,86.5,0,1.47,2024-09-21
KH-00374,30,Female,Other Provinces,Rice Farmer,Primary,Middle,0,1,0,25.3,Good,Diabetes; Hepatitis B,135.0,78.0,0,2.16,2024-05-28
KH-00375,44,Male,Battambang,Civil Servant,Primary,Richest,1,1,1,26.7,Fair,Hypertension; Arthritis,281.0,70.6,0,2.35,2024-02-09
KH-00376,27,Male,Battambang,Rice Farmer,Secondary,Poorest,1,1,1,19.1,Good,Heart Disease,127.0,93.5,0,2.02,2024-04-16
KH-00377,25,Female,Other Provinces,Garment Worker,Primary,Richest,0,0,0,26.6,Good,None,199.0,84.1,0,1.26,2024-12-09
KH-00378,36,Female,Kampong Cham,Rice Farmer,Secondary,Richer,0,0,1,23.2,Good,None,65.0,86.6,1,1.47,2024-07-24
KH-00379,31,Male,Siem Reap,Moto/Tuk-tuk Driver,Secondary,Richer,0,1,0,20.1,Fair,COPD/Asthma,238.0,89.0,0,2.28,2024-11-01
KH-00380,30,Male,Kandal,Civil Servant,Primary,Poorer,1,0,1,21.8,Fair,TB,391.0,86.1,1,1.88,2024-10-07
KH-00381,41,Female,Other Provinces,Market Vendor,Higher,Richest,0,1,1,26.4,Good,COPD/Asthma; Hepatitis B,137.0,75.4,0,2.1,2024-06-30
KH-00382,40,Male,Other Provinces,Monk/Retired,Secondary,Poorer,0,1,1,24.5,Poor,TB,82.0,69.9,0,2.69,2024-03-12
KH-00383,27,Male,Battambang,Construction Worker,Secondary,Richest,0,1,0,27.1,Good,Diabetes; Arthritis,274.0,76.2,0,2.33,2024-09-05
KH-00384,37,Male,Phnom Penh,Rice Farmer,Higher,Richer,0,1,1,26.5,Fair,Hypertension,169.0,79.3,0,1.94,2024-12-14
KH-00385,39,Male,Prey Veng,Construction Worker,Secondary,Richer,0,1,1,26.7,Poor,None,180.0,70.2,0,2.09,2024-03-21
KH-00386,35,Female,Other Provinces,Rice Farmer,Secondary,Middle,0,0,1,21.7,Good,Hepatitis B,77.0,86.5,0,1.79,2024-04-16
KH-00387,33,Female,Kandal,Moto/Tuk-tuk Driver,No education,Poorer,0,0,0,16.5,Poor,Hepatitis B,204.0,87.5,0,2.27,2024-09-28
KH-00388,40,Male,Other Provinces,Rice Farmer,Secondary,Middle,0,1,0,26.5,Good,Hypertension; Diabetes,160.0,73.8,0,2.32,2024-01-15
KH-00389,22,Female,Other Provinces,Market Vendor,No education,Middle,0,0,1,20.2,Poor,None,80.0,95.0,0,1.07,2024-02-22
KH-00390,41,Female,Other Provinces,Garment Worker,Higher,Middle,0,0,0,25.3,Good,Hypertension,235.0,80.7,0,1.8,2024-02-28
KH-00391,24,Male,Other Provinces,Monk/Retired,Primary,Richer,0,1,1,21.0,Fair,None,55.0,93.2,0,1.91,2024-02-05
KH-00392,29,Male,Other Provinces,Construction Worker,Primary,Richest,1,0,0,23.4,Good,None,169.0,79.7,1,2.06,2024-09-07
KH-00393,35,Male,Phnom Penh,Monk/Retired,Higher,Richer,0,1,0,26.3,Fair,TB,172.0,73.2,0,2.63,2024-05-31
KH-00394,31,Male,Siem Reap,Rice Farmer,Higher,Richer,1,0,1,23.3,Good,COPD/Asthma,195.0,89.2,0,1.95,2024-09-19
KH-00395,45,Male,Prey Veng,Rice Farmer,Secondary,Middle,1,1,0,30.1,Good,None,80.0,61.3,0,2.26,2024-04-14
KH-00396,38,Female,Other Provinces,Garment Worker,Primary,Poorest,0,0,0,26.1,Poor,COPD/Asthma,202.0,74.0,1,1.8,2024-12-21
KH-00397,32,Female,Other Provinces,Market Vendor,Primary,Poorer,0,1,0,18.7,Good,None,108.0,93.8,0,1.46,2024-07-19
KH-00398,24,Female,Preah Sihanouk,Market Vendor,Primary,Richest,0,0,1,23.0,Good,Diabetes,148.0,94.3,0,1.27,2024-12-29
KH-00399,36,Female,Phnom Penh,Rice Farmer,Secondary,Poorer,0,1,0,23.0,Good,None,208.0,82.1,0,1.72,2024-02-18
KH-00400,40,Male,Phnom Penh,Moto/Tuk-tuk Driver,Secondary,Richer,0,0,0,30.3,Good,Hypertension,298.0,66.6,0,2.31,2024-03-23
KH-00401,26,Female,Siem Reap,Rice Farmer,Primary,Richer,0,1,0,16.0,Good,None,117.0,95.0,0,1.52,2024-01-16
KH-00402,26,Female,Other Provinces,Construction Worker,Primary,Poorer,0,0,1,22.5,Good,None,202.0,87.6,1,1.54,2024-08-04
KH-00403,27,Male,Other Provinces,Rice Farmer,Secondary,Middle,0,1,1,23.7,Good,TB; Hepatitis B,60.0,81.0,0,2.26,2024-02-17
KH-00404,27,Male,Other Provinces,Moto/Tuk-tuk Driver,Primary,Richer,0,0,1,20.3,Fair,None,122.0,93.2,0,1.73,2024-02-19
KH-00405,27,Female,Other Provinces,Garment Worker,Higher,Richest,1,0,1,17.6,Good,None,198.0,95.0,0,1.48,2024-06-09
KH-00406,33,Male,Siem Reap,Construction Worker,Secondary,Richer,0,1,0,22.6,Good,None,241.0,82.2,1,2.01,2024-12-06
KH-00407,38,Male,Prey Veng,Construction Worker,Higher,Richest,0,1,0,17.3,Good,TB,241.0,84.4,0,2.51,2024-07-11
KH-00408,42,Male,Other Provinces,Construction Worker,No education,Middle,1,1,0,21.3,Good,Hypertension; COPD/Asthma,186.0,72.6,0,2.91,2024-01-26
KH-00409,21,Male,Other Provinces,Civil Servant,Primary,Richer,0,0,0,19.3,Good,TB,375.0,95.0,0,1.52,2024-06-15
KH-00410,38,Female,Other Provinces,Monk/Retired,Primary,Poorest,0,0,0,21.6,Good,TB,88.0,76.8,1,2.46,2024-06-18
KH-00411,33,Male,Phnom Penh,Construction Worker,Secondary,Middle,0,1,1,28.4,Poor,Diabetes; Hepatitis B,335.0,67.4,1,2.53,2024-03-13
KH-00412,28,Female,Kampong Cham,Garment Worker,Secondary,Poorer,0,1,0,21.8,Good,None,211.0,90.9,0,1.47,2024-05-25
KH-00413,26,Male,Other Provinces,Market Vendor,Secondary,Middle,0,1,1,31.1,Good,None,138.0,78.4,1,1.32,2024-07-09
KH-00414,30,Male,Other Provinces,Moto/Tuk-tuk Driver,Secondary,Poorer,0,0,1,21.0,Good,None,215.0,90.7,1,1.79,2024-09-18
KH-00415,54,Female,Prey Veng,Rice Farmer,Primary,Richer,0,0,1,28.5,Good,Heart Disease,102.0,63.3,0,2.05,2024-07-03
KH-00416,38,Female,Other Provinces,Rice Farmer,Primary,Poorer,0,0,0,23.4,Good,None,57.0,80.5,0,1.61,2024-02-16
KH-00417,30,Male,Kampong Cham,Moto/Tuk-tuk Driver,Secondary,Middle,0,1,0,18.0,Good,None,183.0,93.6,0,2.04,2024-01-27
KH-00418,51,Male,Phnom Penh,Rice Farmer,Primary,Richest,1,1,0,20.9,Fair,None,167.0,71.4,1,2.38,2024-05-25
KH-00419,38,Male,Phnom Penh,Rice Farmer,Primary,Poorer,1,1,0,21.6,Fair,None,134.0,78.9,0,2.12,2024-08-26
KH-00420,24,Female,Other Provinces,Garment Worker,Higher,Poorer,0,0,1,22.4,Fair,None,206.0,95.0,0,1.14,2024-12-18
KH-00421,33,Male,Other Provinces,Civil Servant,Primary,Poorest,0,1,0,16.0,Fair,None,295.0,95.0,0,1.51,2024-11-21
KH-00422,44,Female,Other Provinces,Garment Worker,Primary,Poorest,1,0,1,22.7,Good,Heart Disease; Arthritis,180.0,77.4,0,2.26,2024-03-01
KH-00423,47,Female,Kandal,Market Vendor,No education,Richer,0,0,0,20.2,Fair,Hypertension,119.0,82.4,0,1.83,2024-07-10
KH-00424,35,Male,Prey Veng,Rice Farmer,Primary,Richer,1,0,1,21.2,Fair,None,73.0,86.4,0,1.81,2024-05-01
KH-00425,65,Male,Phnom Penh,Market Vendor,Higher,Richest,0,1,1,29.9,Good,None,254.0,56.2,0,2.1,2024-03-18
KH-00426,37,Male,Battambang,Market Vendor,Higher,Richer,1,1,1,28.3,Good,None,113.0,76.6,0,1.82,2024-04-07
KH-00427,29,Female,Phnom Penh,Rice Farmer,Primary,Middle,0,0,1,27.4,Good,COPD/Asthma,154.0,81.2,0,1.55,2024-05-21
KH-00428,26,Female,Other Provinces,Market Vendor,Secondary,Middle,0,0,1,24.6,Good,TB,95.0,87.6,0,1.49,2024-03-27
KH-00429,25,Female,Phnom Penh,Civil Servant,Higher,Poorer,0,0,1,18.8,Good,None,578.0,95.0,0,1.02,2024-07-01
KH-00430,30,Female,Phnom Penh,Garment Worker,Primary,Richest,0,0,1,25.7,Good,None,303.0,84.0,1,1.26,2024-01-08
KH-00431,32,Male,Siem Reap,Civil Servant,Primary,Richer,1,1,0,26.0,Good,None,408.0,80.3,0,1.77,2024-02-16
KH-00432,34,Female,Phnom Penh,Market Vendor,Secondary,Poorest,0,0,1,23.1,Fair,None,218.0,88.1,0,1.25,2024-07-07
KH-00433,26,Female,Phnom Penh,Garment Worker,Primary,Poorest,0,0,0,27.9,Good,Hypertension; Hepatitis B,263.0,77.5,0,1.84,2024-10-14
KH-00434,21,Male,Other Provinces,Monk/Retired,Secondary,Poorest,0,1,1,16.0,Good,None,81.0,95.0,0,1.85,2024-05-22
KH-00435,21,Male,Other Provinces,Market Vendor,Primary,Richest,0,1,1,21.1,Good,None,130.0,95.0,0,1.22,2024-12-21
KH-00436,39,Female,Siem Reap,Market Vendor,Secondary,Richer,0,0,0,19.5,Good,None,140.0,92.6,0,1.45,2024-10-31
KH-00437,21,Male,Other Provinces,Rice Farmer,Primary,Middle,1,1,0,20.1,Fair,None,73.0,93.6,0,1.78,2024-12-09
KH-00438,32,Male,Kampong Cham,Moto/Tuk-tuk Driver,Primary,Poorer,1,1,0,16.9,Fair,Hepatitis B,134.0,86.0,0,2.7,2024-07-16
KH-00439,49,Male,Kampong Cham,Moto/Tuk-tuk Driver,Secondary,Richer,1,1,0,24.8,Good,Hypertension; Diabetes; TB; Hepatitis B,201.0,58.5,0,3.88,2024-07-07
KH-00440,31,Male,Other Provinces,Civil Servant,Primary,Richer,1,0,1,17.8,Good,None,294.0,95.0,0,1.5,2024-07-23
KH-00441,31,Male,Siem Reap,Civil Servant,Secondary,Richest,1,1,0,28.0,Fair,None,416.0,76.7,1,1.75,2024-06-20
KH-00442,29,Male,Kampong Cham,Civil Servant,No education,Poorer,1,0,0,19.9,Good,None,255.0,92.8,0,1.56,2024-05-14
KH-00443,25,Female,Kandal,Moto/Tuk-tuk Driver,No education,Poorest,0,1,0,24.2,Good,None,227.0,80.6,0,1.86,2024-12-22
KH-00444,52,Female,Other Provinces,Market Vendor,Secondary,Poorest,0,0,0,18.7,Good,None,138.0,83.5,1,1.71,2024-09-24
KH-00445,30,Female,Siem Reap,Rice Farmer,Secondary,Richest,0,0,0,22.3,Good,None,172.0,89.1,0,1.45,2024-05-19
KH-00446,28,Male,Kandal,Civil Servant,Secondary,Poorer,0,0,1,17.1,Good,None,453.0,95.0,0,1.16,2024-12-08
KH-00447,36,Male,Battambang,Civil Servant,Secondary,Middle,0,1,1,16.0,Fair,None,281.0,95.0,0,1.47,2024-11-03
KH-00448,40,Male,Phnom Penh,Moto/Tuk-tuk Driver,Secondary,Middle,0,1,0,23.3,Fair,Diabetes,314.0,76.6,0,2.46,2024-07-17
KH-00449,30,Female,Kandal,Market Vendor,Primary,Richest,0,0,1,23.0,Fair,COPD/Asthma,214.0,89.8,0,1.39,2024-12-30
KH-00450,28,Female,Other Provinces,Moto/Tuk-tuk Driver,Primary,Poorer,0,0,0,22.9,Good,None,168.0,85.4,0,1.77,2024-01-21
KH-00451,38,Male,Siem Reap,Moto/Tuk-tuk Driver,Secondary,Poorer,0,1,1,21.4,Good,Hepatitis B,296.0,79.7,1,2.44,2024-07-02
KH-00452,36,Female,Other Provinces,Rice Farmer,Primary,Richer,0,0,0,20.8,Fair,Hypertension,55.0,87.5,0,1.79,2024-07-01
KH-00453,40,Male,Other Provinces,Moto/Tuk-tuk Driver,Secondary,Poorest,0,0,0,24.3,Fair,Hypertension; Hepatitis B,207.0,72.2,1,2.65,2024-02-21
KH-00454,27,Female,Prey Veng,Moto/Tuk-tuk Driver,Primary,Richer,0,0,0,22.3,Good,None,169.0,88.5,1,1.75,2024-07-19
KH-00455,44,Female,Kandal,Rice Farmer,Secondary,Poorer,0,0,1,21.4,Good,Hepatitis B,135.0,80.4,0,1.97,2024-01-16
KH-00456,49,Male,Other Provinces,Market Vendor,Primary,Poorer,0,1,0,28.6,Good,Hypertension; COPD/Asthma,115.0,64.2,1,2.32,2024-04-02
KH-00457,34,Female,Other Provinces,Garment Worker,Secondary,Richest,0,0,0,26.6,Good,Hypertension; TB,207.0,74.8,0,2.06,2024-03-29
KH-00458,23,Male,Other Provinces,Rice Farmer,Primary,Richest,0,1,1,25.0,Good,Hypertension,86.0,86.6,0,1.66,2024-11-25
KH-00459,26,Female,Other Provinces,Monk/Retired,Secondary,Richest,0,0,1,21.8,Good,None,55.0,92.8,0,1.72,2024-04-15
KH-00460,29,Male,Phnom Penh,Moto/Tuk-tuk Driver,Secondary,Richest,1,0,1,25.9,Fair,Diabetes,327.0,78.9,1,2.27,2024-10-14
KH-00461,26,Male,Prey Veng,Construction Worker,Secondary,Middle,1,1,0,24.6,Fair,Hypertension; Diabetes; Heart Disease; COPD/Asthma,202.0,79.6,0,3.03,2024-12-29
KH-00462,25,Male,Kampong Cham,Monk/Retired,Secondary,Poorest,0,1,0,25.6,Good,None,102.0,82.4,0,2.03,2024-06-22
KH-00463,35,Male,Phnom Penh,Rice Farmer,Higher,Poorer,1,1,0,21.5,Fair,None,202.0,84.7,0,2.06,2024-04-15
KH-00464,28,Male,Other Provinces,Market Vendor,Secondary,Richest,1,1,0,27.2,Poor,None,101.0,77.4,0,1.8,2024-01-24
KH-00465,21,Female,Other Provinces,Civil Servant,Secondary,Richest,0,1,0,24.3,Good,None,337.0,93.1,0,1.19,2024-06-20
KH-00466,35,Male,Battambang,Rice Farmer,Higher,Richest,0,1,1,20.8,Good,None,149.0,90.2,0,1.68,2024-10-01
KH-00467,31,Male,Phnom Penh,Civil Servant,Primary,Richest,0,0,0,29.1,Good,Diabetes; TB; Hepatitis B,400.0,70.1,0,2.28,2024-07-27
KH-00468,30,Female,Other Provinces,Garment Worker,Secondary,Middle,0,0,1,20.0,Fair,TB,218.0,91.7,0,1.66,2024-01-03
KH-00469,36,Male,Prey Veng,Civil Servant,Secondary,Poorer,0,0,1,25.2,Good,Hypertension,308.0,85.4,0,1.54,2024-09-09
KH-00470,40,Male,Phnom Penh,Moto/Tuk-tuk Driver,Secondary,Richest,0,1,0,22.2,Poor,None,332.0,76.1,0,2.3,2024-12-11
KH-00471,39,Male,Other Provinces,Garment Worker,Higher,Poorer,0,1,0,22.6,Fair,Hepatitis B,227.0,80.8,0,2.11,2024-07-13
KH-00472,48,Male,Other Provinces,Rice Farmer,Primary,Poorest,0,1,0,27.5,Poor,None,92.0,61.5,0,2.1,2024-07-08
KH-00473,39,Female,Other Provinces,Garment Worker,Secondary,Richest,0,0,1,26.6,Good,None,175.0,78.0,0,1.44,2024-11-24
KH-00474,34,Male,Phnom Penh,Moto/Tuk-tuk Driver,Primary,Poorer,1,1,0,28.1,Fair,TB,277.0,61.7,1,2.8,2024-09-13
KH-00475,31,Male,Kampong Cham,Civil Servant,Higher,Richest,0,0,1,19.2,Good,None,326.0,95.0,0,1.22,2024-03-23
KH-00476,33,Female,Battambang,Market Vendor,Primary,Poorest,0,0,0,23.7,Good,COPD/Asthma; Arthritis,131.0,85.0,0,1.77,2024-01-21
KH-00477,28,Male,Prey Veng,Construction Worker,Secondary,Poorer,1,1,1,24.4,Good,Heart Disease,145.0,79.8,0,2.31,2024-05-08
KH-00478,24,Male,Kampong Cham,Civil Servant,Primary,Poorest,0,1,0,16.0,Good,None,303.0,95.0,0,1.33,2024-12-25
KH-00479,39,Male,Other Provinces,Moto/Tuk-tuk Driver,Secondary,Poorest,0,1,0,25.4,Fair,None,163.0,71.8,0,2.22,2024-12-10
KH-00480,28,Male,Other Provinces,Construction Worker,Primary,Richest,1,0,1,26.9,Good,None,198.0,75.4,0,1.94,2024-03-14
KH-00481,49,Male,Phnom Penh,Rice Farmer,Secondary,Richer,0,1,0,22.7,Good,None,183.0,75.5,0,2.06,2024-06-06
KH-00482,24,Female,Phnom Penh,Garment Worker,Higher,Richer,0,0,1,23.8,Good,None,358.0,95.0,0,1.14,2024-04-15
KH-00483,27,Male,Siem Reap,Garment Worker,Secondary,Richest,1,1,0,16.0,Good,Diabetes,244.0,95.0,0,2.03,2024-01-19
KH-00484,43,Female,Other Provinces,Garment Worker,Secondary,Middle,0,1,0,21.6,Good,None,198.0,82.2,0,1.77,2024-05-06
KH-00485,32,Female,Other Provinces,Garment Worker,Higher,Richest,0,0,0,20.5,Good,Diabetes,225.0,94.5,0,1.62,2024-02-20
KH-00486,39,Male,Other Provinces,Civil Servant,Primary,Middle,0,0,1,21.3,Good,None,290.0,90.0,0,1.38,2024-01-24
KH-00487,54,Male,Battambang,Moto/Tuk-tuk Driver,Secondary,Richest,0,1,0,22.9,Fair,Hypertension,181.0,67.2,0,2.74,2024-04-28
KH-00488,30,Male,Battambang,Construction Worker,Secondary,Richer,0,0,0,26.5,Good,None,215.0,78.9,0,1.8,2024-02-10
KH-00489,25,Female,Siem Reap,Rice Farmer,Secondary,Richest,0,0,1,27.8,Fair,None,166.0,83.1,0,1.25,2024-07-22
KH-00490,55,Male,Other Provinces,Garment Worker,Secondary,Richest,0,0,0,22.9,Good,COPD/Asthma,220.0,72.9,1,2.16,2024-06-20
KH-00491,25,Female,Other Provinces,Rice Farmer,Primary,Middle,0,1,1,23.9,Good,None,66.0,88.4,0,1.4,2024-07-07
KH-00492,32,Female,Kampong Cham,Market Vendor,Secondary,Poorer,0,0,0,21.4,Good,None,157.0,92.3,0,1.31,2024-09-25
KH-00493,21,Male,Other Provinces,Civil Servant,Secondary,Poorer,1,0,0,24.2,Good,COPD/Asthma,262.0,93.1,0,1.62,2024-01-04
KH-00494,36,Female,Other Provinces,Garment Worker,Secondary,Richest,0,0,0,21.3,Fair,None,187.0,87.8,0,1.48,2024-03-13
KH-00495,61,Female,Kampong Cham,Garment Worker,Primary,Poorest,0,0,0,21.7,Good,Hypertension; Heart Disease; TB,171.0,64.2,1,2.82,2024-04-28
KH-00496,42,Female,Battambang,Garment Worker,Secondary,Poorest,0,0,0,16.0,Good,Hepatitis B,161.0,90.8,0,1.94,2024-01-12
KH-00497,27,Female,Kandal,Rice Farmer,Primary,Richest,0,0,1,24.8,Good,None,82.0,86.3,0,1.29,2024-01-16
KH-00498,27,Female,Other Provinces,Market Vendor,Secondary,Poorest,0,1,0,18.1,Fair,None,146.0,95.0,0,1.36,2024-01-31
KH-00499,34,Female,Kandal,Garment Worker,Primary,Poorer,0,0,0,27.0,Good,None,201.0,77.7,0,1.44,2024-06-28
KH-00500,31,Male,Other Provinces,Construction Worker,Secondary,Richer,0,1,1,19.3,Fair,None,167.0,90.7,0,1.87,2024-06-06
KH-00501,31,Female,Other Provinces,Rice Farmer,Secondary,Richer,0,0,1,28.2,Good,None,89.0,80.5,0,1.37,2024-04-10
KH-00502,33,Male,Phnom Penh,Moto/Tuk-tuk Driver,Primary,Richer,0,1,0,19.3,Good,None,245.0,88.1,0,2.1,2024-07-14
KH-00503,30,Female,Siem Reap,Garment Worker,Secondary,Richest,0,0,1,20.4,Fair,None,281.0,94.9,0,1.26,2024-03-03
KH-00504,30,Female,Other Provinces,Garment Worker,Secondary,Richest,0,1,1,24.1,Good,Diabetes,229.0,86.5,0,1.63,2024-05-22
KH-00505,25,Male,Other Provinces,Construction Worker,No education,Poorer,0,1,1,18.4,Good,None,171.0,92.4,1,1.75,2024-05-16
KH-00506,30,Male,Other Provinces,Moto/Tuk-tuk Driver,Secondary,Richest,0,1,0,28.3,Poor,None,139.0,71.3,0,2.1,2024-12-05
KH-00507,29,Male,Other Provinces,Construction Worker,No education,Poorer,0,1,0,19.5,Good,None,149.0,86.2,1,1.93,2024-04-17
KH-00508,33,Male,Battambang,Market Vendor,Secondary,Poorer,1,0,1,20.5,Good,None,100.0,92.4,0,1.59,2024-03-05
KH-00509,28,Female,Other Provinces,Rice Farmer,Primary,Richest,0,1,0,23.8,Good,TB,172.0,79.0,0,1.96,2024-03-07
KH-00510,27,Male,Siem Reap,Rice Farmer,Higher,Richest,1,1,1,23.1,Good,None,191.0,88.6,0,1.8,2024-03-26
KH-00511,23,Female,Phnom Penh,Market Vendor,Secondary,Middle,0,0,1,21.7,Good,None,237.0,95.0,0,1.03,2024-03-01
KH-00512,26,Female,Other Provinces,Moto/Tuk-tuk Driver,Secondary,Poorer,0,0,1,22.3,Good,None,187.0,90.9,0,1.63,2024-08-15
KH-00513,41,Male,Siem Reap,Rice Farmer,Secondary,Poorer,0,0,1,18.8,Good,None,147.0,90.2,0,1.65,2024-03-24
KH-00514,29,Male,Other Provinces,Market Vendor,Primary,Richest,1,1,1,25.0,Fair,None,201.0,82.2,1,1.66,2024-08-18
KH-00515,33,Female,Other Provinces,Civil Servant,Secondary,Poorest,0,0,1,21.4,Good,None,351.0,93.7,0,1.18,2024-11-19
KH-00516,25,Female,Battambang,Rice Farmer,Primary,Middle,0,0,1,27.1,Good,Diabetes,103.0,84.4,0,1.47,2024-06-05
KH-00517,40,Female,Kampong Cham,Garment Worker,No education,Poorest,0,0,0,25.3,Good,None,86.0,74.6,0,1.56,2024-04-22
KH-00518,33,Male,Kampong Cham,Moto/Tuk-tuk Driver,Secondary,Poorer,0,1,0,22.3,Fair,None,158.0,82.3,1,2.1,2024-10-01
KH-00519,37,Male,Kampong Cham,Civil Servant,Primary,Richer,0,1,0,16.3,Good,Diabetes,270.0,95.0,0,1.81,2024-11-23
KH-00520,28,Male,Battambang,Civil Servant,Secondary,Poorest,1,1,1,17.7,Good,None,287.0,95.0,0,1.59,2024-10-05
KH-00521,33,Female,Other Provinces,Rice Farmer,Primary,Middle,0,1,0,25.0,Good,None,84.0,79.6,0,1.66,2024-06-01
KH-00522,40,Male,Prey Veng,Civil Servant,Secondary,Middle,0,1,1,22.3,Fair,None,374.0,86.5,0,1.55,2024-08-15
KH-00523,39,Male,Other Provinces,Civil Servant,Secondary,Richer,1,0,0,16.0,Fair,None,284.0,95.0,0,1.76,2024-06-06
KH-00524,28,Female,Other Provinces,Civil Servant,Primary,Richer,0,0,1,23.2,Good,Hypertension,302.0,94.1,0,1.3,2024-10-05
KH-00525,33,Male,Phnom Penh,Rice Farmer,Secondary,Richer,0,1,1,24.4,Good,Hepatitis B,137.0,81.3,0,1.98,2024-09-06
KH-00526,46,Male,Other Provinces,Construction Worker,Primary,Richest,0,1,0,30.6,Good,Hypertension,182.0,55.7,1,2.49,2024-08-05
KH-00527,26,Female,Other Provinces,Garment Worker,Primary,Richest,0,0,0,18.9,Good,None,176.0,95.0,0,1.28,2024-06-08
KH-00528,45,Female,Phnom Penh,Market Vendor,Secondary,Middle,1,0,1,23.4,Poor,None,185.0,77.9,0,1.81,2024-06-04
KH-00529,27,Male,Other Provinces,Rice Farmer,No education,Richer,0,1,0,28.2,Fair,None,60.0,76.0,0,1.62,2024-12-25
KH-00530,39,Male,Other Provinces,Moto/Tuk-tuk Driver,Higher,Richer,1,1,1,18.9,Good,Heart Disease,216.0,87.6,0,2.62,2024-08-15
KH-00531,35,Female,Other Provinces,Garment Worker,Primary,Middle,0,0,0,16.6,Good,None,156.0,95.0,0,1.46,2024-03-22
KH-00532,27,Female,Other Provinces,Rice Farmer,Secondary,Richer,0,0,0,19.7,Good,None,85.0,95.0,1,1.39,2024-05-09
KH-00533,32,Male,Phnom Penh,Rice Farmer,Primary,Poorest,1,1,1,23.1,Good,TB,140.0,76.2,0,2.3,2024-12-02
KH-00534,28,Male,Other Provinces,Civil Servant,Primary,Poorer,1,0,1,16.9,Fair,None,261.0,95.0,1,1.44,2024-11-27
KH-00535,44,Female,Other Provinces,Garment Worker,Secondary,Middle,0,0,0,27.5,Good,Arthritis,179.0,72.6,0,1.86,2024-10-30
KH-00536,34,Female,Other Provinces,Rice Farmer,No education,Poorer,0,1,0,19.4,Good,Hypertension,95.0,87.0,0,1.9,2024-03-28
KH-00537,32,Male,Other Provinces,Rice Farmer,No education,Richest,1,0,0,28.0,Good,Diabetes,99.0,71.5,1,2.07,2024-11-16
KH-00538,28,Male,Kampong Cham,Rice Farmer,Secondary,Poorest,0,1,1,23.9,Good,None,82.0,86.4,1,1.54,2024-06-06
KH-00539,36,Male,Prey Veng,Market Vendor,Secondary,Poorer,0,1,0,18.9,Good,None,132.0,92.4,0,1.62,2024-01-31
KH-00540,26,Male,Other Provinces,Construction Worker,Secondary,Richest,0,0,0,25.2,Good,Hypertension; Hepatitis B,226.0,79.4,0,2.28,2024-11-10
KH-00541,34,Male,Kampong Cham,Market Vendor,Secondary,Richest,1,1,1,19.5,Good,None,137.0,91.3,0,1.76,2024-01-18
KH-00542,33,Male,Kandal,Rice Farmer,Primary,Middle,0,1,1,23.6,Good,None,102.0,83.7,0,1.64,2024-05-24
KH-00543,30,Female,Other Provinces,Rice Farmer,Secondary,Richest,0,0,1,23.1,Good,None,108.0,89.1,1,1.35,2024-11-10
KH-00544,21,Male,Battambang,Construction Worker,Secondary,Richest,1,1,0,16.0,Good,Arthritis,163.0,95.0,0,2.27,2024-12-12
KH-00545,37,Female,Phnom Penh,Garment Worker,Secondary,Poorer,0,0,0,25.1,Good,Diabetes,332.0,80.9,0,1.72,2024-07-31
KH-00546,33,Female,Kandal,Rice Farmer,Secondary,Richer,0,1,1,18.6,Good,None,155.0,95.0,0,1.56,2024-12-19
KH-00547,32,Female,Other Provinces,Rice Farmer,Secondary,Richest,0,0,0,23.2,Fair,Hepatitis B,129.0,82.6,0,1.83,2024-11-02
KH-00548,41,Male,Other Provinces,Rice Farmer,Primary,Richer,0,1,0,21.8,Fair,None,74.0,80.3,0,1.9,2024-04-01
KH-00549,28,Male,Siem Reap,Rice Farmer,Primary,Poorer,0,1,1,19.0,Poor,None,116.0,92.8,0,1.6,2024-01-11
KH-00550,30,Male,Other Provinces,Rice Farmer,Primary,Poorer,0,0,1,21.4,Good,None,73.0,91.0,1,1.43,2024-06-01
KH-00551,49,Male,Other Provinces,Rice Farmer,Primary,Richer,0,1,1,16.0,Poor,None,152.0,85.9,0,2.02,2024-03-28
KH-00552,21,Female,Battambang,Rice Farmer,Primary,Richest,1,0,1,19.7,Good,None,155.0,95.0,0,1.45,2024-04-01
KH-00553,34,Male,Phnom Penh,Moto/Tuk-tuk Driver,Secondary,Richest,0,0,1,29.1,Good,Hypertension,285.0,72.7,0,2.09,2024-02-02
KH-00554,27,Female,Siem Reap,Market Vendor,Secondary,Richer,0,0,1,17.9,Good,None,130.0,95.0,0,1.11,2024-03-15
KH-00555,62,Male,Other Provinces,Garment Worker,No education,Poorer,0,0,0,25.6,Good,None,133.0,60.4,0,2.08,2024-11-04
KH-00556,29,Female,Kampong Cham,Rice Farmer,Secondary,Poorer,0,0,0,20.2,Good,None,104.0,93.9,0,1.43,2024-01-17
KH-00557,35,Female,Siem Reap,Rice Farmer,Primary,Richer,0,0,0,23.0,Fair,None,161.0,84.0,0,1.55,2024-02-03
KH-00558,35,Female,Phnom Penh,Rice Farmer,Secondary,Poorer,0,0,0,25.6,Good,None,157.0,79.9,0,1.55,2024-09-06
KH-00559,31,Female,Other Provinces,Garment Worker,Secondary,Poorer,0,0,0,25.8,Fair,None,196.0,83.0,0,1.38,2024-09-07
KH-00560,40,Female,Other Provinces,Rice Farmer,Higher,Poorest,0,0,0,25.5,Fair,None,143.0,77.6,0,1.65,2024-11-04
KH-00561,36,Female,Kandal,Garment Worker,Primary,Poorest,0,0,1,18.8,Good,Hepatitis B,242.0,89.4,0,1.72,2024-05-05
KH-00562,52,Female,Other Provinces,Garment Worker,Secondary,Richer,0,0,0,23.5,Good,Hypertension,165.0,75.3,0,2.02,2024-11-12
KH-00563,26,Female,Kampong Cham,Garment Worker,Primary,Richest,0,0,0,21.9,Good,None,192.0,92.2,0,1.28,2024-07-04
KH-00564,39,Female,Other Provinces,Market Vendor,No education,Richest,0,0,0,19.0,Good,Hypertension,155.0,88.9,1,1.67,2024-04-21
KH-00565,38,Male,Other Provinces,Moto/Tuk-tuk Driver,Primary,Middle,1,1,1,18.2,Good,Diabetes; COPD/Asthma,152.0,85.4,0,2.82,2024-03-30
KH-00566,27,Female,Other Provinces,Market Vendor,Secondary,Poorest,0,0,1,20.1,Good,None,190.0,95.0,0,1.11,2024-08-19
KH-00567,32,Male,Kandal,Civil Servant,Primary,Richer,1,1,0,17.8,Good,None,361.0,95.0,0,1.77,2024-09-15
KH-00568,28,Female,Other Provinces,Monk/Retired,Primary,Poorest,1,1,1,20.4,Fair,COPD/Asthma,85.0,87.1,0,2.41,2024-10-30
KH-00569,40,Female,Phnom Penh,Rice Farmer,Secondary,Richest,1,0,1,27.9,Poor,Hepatitis B,145.0,66.1,0,2.23,2024-06-29
KH-00570,43,Male,Prey Veng,Moto/Tuk-tuk Driver,Secondary,Richer,1,0,0,25.2,Fair,None,146.0,71.1,0,2.43,2024-03-10
KH-00571,34,Male,Other Provinces,Market Vendor,Secondary,Middle,1,1,0,17.7,Good,None,154.0,94.2,0,1.86,2024-08-26
KH-00572,35,Male,Kampong Cham,Monk/Retired,Primary,Poorer,1,1,1,19.5,Good,None,75.0,85.5,0,2.41,2024-06-06
KH-00573,30,Female,Phnom Penh,Garment Worker,Secondary,Poorer,0,1,0,21.5,Fair,Diabetes,263.0,89.7,0,1.73,2024-09-14
KH-00574,36,Male,Kampong Cham,Rice Farmer,Primary,Richest,1,1,1,28.9,Good,None,76.0,68.3,0,1.98,2024-03-20
KH-00575,23,Male,Phnom Penh,Garment Worker,Secondary,Poorest,0,1,0,19.8,Good,None,279.0,95.0,0,1.45,2024-08-26
KH-00576,35,Male,Phnom Penh,Rice Farmer,Secondary,Richest,1,1,1,28.5,Good,None,150.0,71.2,1,1.96,2024-03-11
KH-00577,34,Female,Siem Reap,Garment Worker,Primary,Poorer,0,0,0,18.3,Good,None,195.0,94.0,0,1.44,2024-11-23
KH-00578,23,Male,Other Provinces,Moto/Tuk-tuk Driver,Higher,Richest,1,1,1,25.5,Good,None,207.0,84.2,0,2.08,2024-02-20
KH-00579,30,Female,Kampong Cham,Rice Farmer,Secondary,Richer,0,1,1,16.0,Good,None,155.0,95.0,0,1.5,2024-01-28
KH-00580,26,Male,Other Provinces,Monk/Retired,Higher,Richer,1,0,0,16.0,Good,None,103.0,95.0,0,2.18,2024-01-31
KH-00581,33,Male,Other Provinces,Market Vendor,Primary,Middle,1,1,1,19.4,Poor,Heart Disease,183.0,89.6,0,2.02,2024-03-09
KH-00582,33,Female,Battambang,Market Vendor,Primary,Richer,0,0,0,18.1,Good,None,149.0,95.0,0,1.33,2024-02-10
KH-00583,32,Male,Kandal,Garment Worker,Primary,Poorer,1,1,0,25.5,Fair,Diabetes,200.0,76.8,1,2.13,2024-04-29
KH-00584,44,Female,Siem Reap,Garment Worker,Higher,Middle,0,0,0,23.0,Good,Hepatitis B,280.0,80.1,0,1.98,2024-01-01
KH-00585,38,Female,Battambang,Moto/Tuk-tuk Driver,No education,Poorer,0,0,0,20.0,Fair,None,151.0,82.2,0,1.97,2024-03-15
KH-00586,31,Male,Prey Veng,Moto/Tuk-tuk Driver,No education,Richest,0,0,1,21.9,Fair,Diabetes,123.0,84.5,0,2.03,2024-11-14
KH-00587,42,Male,Phnom Penh,Construction Worker,Primary,Richer,0,1,0,23.4,Good,None,312.0,73.3,0,2.19,2024-06-01
KH-00588,35,Male,Kampong Cham,Garment Worker,Primary,Richer,0,1,0,17.0,Good,None,176.0,95.0,0,1.69,2024-01-13
KH-00589,31,Male,Prey Veng,Rice Farmer,Higher,Richer,0,1,0,24.9,Good,None,75.0,85.2,0,1.7,2024-07-14
KH-00590,36,Male,Siem Reap,Market Vendor,No education,Richest,0,1,1,21.6,Fair,None,162.0,85.0,0,1.52,2024-08-30
KH-00591,28,Female,Kandal,Rice Farmer,Secondary,Poorest,0,0,0,22.1,Good,None,104.0,90.3,0,1.41,2024-02-03
KH-00592,28,Female,Phnom Penh,Garment Worker,Secondary,Middle,0,0,0,19.4,Good,None,268.0,95.0,1,1.32,2024-06-03
KH-00593,35,Female,Prey Veng,Rice Farmer,Secondary,Middle,0,0,1,21.3,Good,None,125.0,90.2,0,1.45,2024-12-24
KH-00594,24,Male,Siem Reap,Rice Farmer,Higher,Poorest,1,1,0,19.0,Good,None,226.0,95.0,0,1.84,2024-12-11
KH-00595,32,Male,Siem Reap,Garment Worker,Secondary,Middle,0,1,1,28.0,Good,None,247.0,79.0,0,1.53,2024-08-02
KH-00596,29,Male,Phnom Penh,Rice Farmer,Secondary,Poorest,0,1,0,22.0,Good,None,160.0,87.8,0,1.66,2024-12-24
KH-00597,24,Female,Other Provinces,Monk/Retired,Secondary,Poorest,0,0,1,20.2,Good,None,55.0,95.0,0,1.68,2024-02-22
KH-00598,45,Male,Other Provinces,Monk/Retired,Higher,Richer,0,0,0,20.4,Good,None,89.0,85.2,0,2.28,2024-12-19
KH-00599,28,Male,Other Provinces,Market Vendor,Secondary,Middle,1,1,1,23.6,Poor,None,151.0,86.6,0,1.7,2024-12-16
KH-00600,31,Female,Siem Reap,Moto/Tuk-tuk Driver,Secondary,Middle,0,0,0,21.2,Good,Hypertension,271.0,88.9,0,2.05,2024-08-27
KH-00601,26,Female,Kandal,Civil Servant,Primary,Richer,0,1,1,23.8,Good,None,366.0,92.3,0,1.19,2024-11-18
KH-00602,52,Female,Battambang,Garment Worker,Primary,Poorest,0,1,0,20.2,Fair,None,223.0,75.4,0,1.95,2024-11-30
KH-00603,31,Male,Siem Reap,Rice Farmer,Secondary,Middle,0,0,1,26.0,Good,Diabetes,177.0,84.1,0,1.67,2024-07-02
KH-00604,31,Male,Phnom Penh,Moto/Tuk-tuk Driver,Primary,Middle,0,1,0,19.2,Good,None,279.0,89.1,1,2.06,2024-12-04
KH-00605,29,Female,Phnom Penh,Garment Worker,Secondary,Richer,0,1,0,23.2,Good,Hypertension,340.0,88.9,0,1.71,2024-06-14
KH-00606,30,Female,Battambang,Garment Worker,Primary,Middle,0,0,1,26.3,Poor,None,162.0,81.9,0,1.32,2024-07-01
KH-00607,45,Female,Other Provinces,Moto/Tuk-tuk Driver,Secondary,Middle,0,0,0,17.9,Fair,Diabetes; COPD/Asthma,183.0,85.4,0,2.55,2024-02-21
KH-00608,40,Male,Siem Reap,Construction Worker,No education,Poorest,0,1,0,23.9,Fair,None,241.0,69.5,1,2.15,2024-01-08
KH-00609,40,Male,Other Provinces,Construction Worker,No education,Richest,1,1,0,21.6,Good,None,183.0,72.3,0,2.43,2024-03-27
KH-00610,49,Female,Other Provinces,Market Vendor,No education,Richest,0,1,0,18.8,Good,Hypertension,119.0,80.7,0,2.02,2024-04-20
KH-00611,31,Female,Other Provinces,Rice Farmer,No education,Middle,0,0,0,25.9,Good,Diabetes; Heart Disease; Hepatitis B,55.0,76.6,1,2.25,2024-12-10
KH-00612,53,Female,Other Provinces,Rice Farmer,Higher,Middle,0,0,0,30.9,Good,Hypertension,176.0,61.1,0,2.13,2024-07-04
KH-00613,35,Female,Other Provinces,Garment Worker,Primary,Richer,0,1,1,22.1,Good,None,153.0,87.0,0,1.51,2024-04-24
KH-00614,24,Female,Other Provinces,Rice Farmer,No education,Poorer,0,0,0,19.9,Good,Hepatitis B,55.0,91.6,0,1.67,2024-02-28
KH-00615,31,Male,Other Provinces,Moto/Tuk-tuk Driver,Higher,Poorer,0,1,1,24.5,Good,None,239.0,83.6,0,1.96,2024-10-09
KH-00616,24,Female,Phnom Penh,Moto/Tuk-tuk Driver,Secondary,Richest,0,0,0,24.1,Good,Diabetes; TB,259.0,82.1,0,2.31,2024-06-10
KH-00617,43,Male,Other Provinces,Moto/Tuk-tuk Driver,Primary,Richer,1,1,0,26.4,Good,Heart Disease,215.0,65.8,0,2.8,2024-06-07
KH-00618,35,Female,Other Provinces,Rice Farmer,No education,Middle,0,0,0,20.8,Poor,None,78.0,84.6,0,1.61,2024-05-07
KH-00619,27,Male,Kandal,Civil Servant,Secondary,Richest,1,1,1,17.7,Good,None,358.0,95.0,0,1.57,2024-04-05
KH-00620,31,Male,Other Provinces,Civil Servant,Primary,Richer,0,0,0,24.5,Good,None,232.0,88.2,0,1.32,2024-08-27
KH-00621,35,Female,Kampong Cham,Garment Worker,Primary,Poorest,0,1,0,27.0,Good,None,167.0,74.3,0,1.61,2024-05-17
KH-00622,28,Male,Prey Veng,Moto/Tuk-tuk Driver,Primary,Poorer,1,1,1,21.6,Good,TB; Hepatitis B,181.0,76.8,0,2.92,2024-07-16
KH-00623,33,Female,Battambang,Civil Servant,No education,Poorest,0,0,0,20.9,Fair,None,206.0,89.5,0,1.28,2024-04-04
KH-00624,38,Female,Phnom Penh,Rice Farmer,Primary,Middle,0,0,1,26.8,Fair,None,173.0,75.9,0,1.51,2024-12-21
KH-00625,45,Female,Kampong Cham,Monk/Retired,Higher,Poorest,0,1,0,16.0,Good,None,80.0,89.3,1,2.35,2024-06-30
KH-00626,30,Female,Other Provinces,Monk/Retired,Primary,Poorer,0,0,1,27.6,Good,None,78.0,78.1,0,1.8,2024-06-02
KH-00627,32,Female,Other Provinces,Garment Worker,Primary,Poorest,0,0,1,24.7,Good,None,211.0,84.0,0,1.3,2024-05-10
KH-00628,37,Male,Other Provinces,Rice Farmer,Secondary,Poorer,1,1,0,18.2,Good,None,136.0,87.9,0,2.1,2024-04-13
KH-00629,45,Female,Other Provinces,Market Vendor,Secondary,Middle,0,0,1,22.2,Good,None,160.0,84.6,0,1.47,2024-05-27
KH-00630,34,Male,Other Provinces,Construction Worker,Secondary,Poorest,1,0,0,25.7,Good,None,187.0,73.2,0,2.16,2024-07-22
KH-00631,31,Female,Phnom Penh,Construction Worker,Secondary,Poorer,0,0,0,24.5,Good,None,245.0,80.7,0,1.74,2024-05-23
KH-00632,31,Male,Other Provinces,Rice Farmer,Primary,Richer,0,0,0,22.7,Good,None,83.0,87.7,1,1.55,2024-08-14
KH-00633,33,Male,Other Provinces,Garment Worker,Primary,Richer,0,1,1,16.0,Good,None,169.0,95.0,0,1.55,2024-10-14
KH-00634,30,Female,Other Provinces,Rice Farmer,Higher,Richer,0,0,0,17.8,Fair,Hypertension,160.0,95.0,0,1.67,2024-03-12
KH-00635,23,Male,Phnom Penh,Civil Servant,Secondary,Middle,0,0,0,30.3,Good,Hypertension; Hepatitis B,528.0,80.7,0,1.72,2024-11-17
KH-00636,38,Female,Other Provinces,Monk/Retired,Higher,Poorer,0,1,0,27.0,Fair,None,55.0,73.6,1,2.21,2024-08-13
KH-00637,31,Male,Other Provinces,Monk/Retired,Primary,Richest,1,1,0,17.3,Good,Hypertension,95.0,90.4,0,2.65,2024-05-28
KH-00638,23,Male,Kandal,Rice Farmer,Secondary,Poorest,0,0,0,23.1,Good,None,121.0,91.7,0,1.39,2024-07-21
KH-00639,33,Male,Other Provinces,Market Vendor,Secondary,Richer,0,0,0,25.5,Good,None,174.0,85.3,0,1.41,2024-06-15
KH-00640,25,Male,Other Provinces,Moto/Tuk-tuk Driver,Primary,Poorer,0,1,1,16.0,Good,None,166.0,95.0,0,1.84,2024-02-24
KH-00641,42,Female,Phnom Penh,Garment Worker,Higher,Poorest,0,0,1,23.2,Poor,None,340.0,81.9,0,1.56,2024-06-11
KH-00642,30,Female,Prey Veng,Monk/Retired,Secondary,Poorer,0,0,1,28.3,Good,Diabetes; Hepatitis B,55.0,75.4,0,2.36,2024-08-12
KH-00643,34,Female,Battambang,Rice Farmer,Primary,Middle,0,0,0,23.2,Fair,None,55.0,83.8,0,1.53,2024-01-22
KH-00644,24,Male,Battambang,Civil Servant,Primary,Poorest,0,0,0,16.0,Good,None,317.0,95.0,0,1.18,2024-11-24
KH-00645,44,Male,Other Provinces,Civil Servant,Secondary,Middle,0,1,1,22.9,Good,None,298.0,83.3,0,1.63,2024-04-09
KH-00646,43,Male,Phnom Penh,Civil Servant,Primary,Poorer,0,1,0,24.4,Good,Hepatitis B,473.0,74.3,0,2.05,2024-07-05
KH-00647,39,Female,Other Provinces,Garment Worker,Primary,Richer,0,1,0,22.8,Good,None,203.0,81.6,0,1.69,2024-06-21
KH-00648,31,Male,Prey Veng,Civil Servant,No education,Middle,1,1,1,16.6,Good,None,264.0,95.0,0,1.65,2024-01-14
KH-00649,38,Female,Phnom Penh,Garment Worker,Secondary,Middle,0,0,0,28.7,Good,None,282.0,74.3,0,1.52,2024-07-19
KH-00650,36,Male,Prey Veng,Rice Farmer,Primary,Poorest,1,0,1,20.0,Fair,TB,85.0,80.9,0,2.23,2024-08-13
KH-00651,30,Female,Phnom Penh,Garment Worker,Secondary,Richer,0,0,0,24.5,Good,None,227.0,87.8,0,1.36,2024-10-26
KH-00652,35,Female,Other Provinces,Garment Worker,Primary,Poorest,0,0,1,21.1,Good,None,240.0,88.8,0,1.36,2024-04-06
KH-00653,35,Female,Other Provinces,Civil Servant,Primary,Richer,0,0,0,21.3,Good,None,267.0,91.6,0,1.32,2024-12-03
KH-00654,32,Female,Other Provinces,Rice Farmer,Secondary,Richest,0,0,0,19.0,Good,Diabetes,160.0,94.0,0,1.71,2024-11-12
KH-00655,38,Female,Prey Veng,Market Vendor,Secondary,Poorest,0,0,1,16.3,Good,None,130.0,95.0,0,1.33,2024-02-17
KH-00656,61,Male,Other Provinces,Garment Worker,Primary,Poorer,0,1,0,23.1,Good,None,203.0,65.3,0,2.21,2024-09-09
KH-00657,44,Male,Prey Veng,Civil Servant,Secondary,Poorer,0,0,0,23.1,Good,None,290.0,82.6,0,1.58,2024-08-25
KH-00658,32,Male,Siem Reap,Construction Worker,Secondary,Richer,0,0,0,21.7,Good,None,253.0,86.6,1,1.84,2024-06-11
KH-00659,32,Female,Phnom Penh,Garment Worker,Secondary,Middle,0,0,1,27.8,Good,None,322.0,81.4,0,1.3,2024-05-16
KH-00660,33,Male,Siem Reap,Moto/Tuk-tuk Driver,Secondary,Middle,0,0,1,23.4,Poor,None,242.0,83.0,1,1.91,2024-02-16
KH-00661,37,Male,Other Provinces,Construction Worker,Primary,Poorer,1,0,0,25.2,Good,Hypertension,221.0,71.4,0,2.44,2024-06-03
KH-00662,24,Female,Preah Sihanouk,Rice Farmer,Secondary,Richest,0,1,0,24.5,Good,None,193.0,86.9,0,1.48,2024-01-31
KH-00663,37,Male,Phnom Penh,Garment Worker,Secondary,Middle,0,0,1,26.5,Fair,Diabetes; Hepatitis B,204.0,77.0,0,2.04,2024-05-18
KH-00664,27,Male,Other Provinces,Rice Farmer,Secondary,Middle,1,1,0,18.7,Poor,None,94.0,92.3,1,1.96,2024-04-07
KH-00665,37,Male,Other Provinces,Monk/Retired,Secondary,Richest,0,0,0,28.0,Fair,None,94.0,72.1,0,2.12,2024-01-03
KH-00666,24,Female,Other Provinces,Monk/Retired,Secondary,Poorer,0,0,0,20.7,Poor,None,99.0,93.0,1,1.84,2024-06-04
KH-00667,36,Male,Kampong Cham,Rice Farmer,Secondary,Middle,1,0,0,25.7,Fair,None,145.0,76.9,0,1.93,2024-09-29
KH-00668,27,Female,Kandal,Garment Worker,Secondary,Richest,0,0,0,24.0,Good,None,187.0,89.2,0,1.3,2024-01-01
KH-00669,32,Female,Other Provinces,Rice Farmer,No education,Middle,0,0,1,25.7,Good,Diabetes,76.0,80.9,0,1.61,2024-03-02
KH-00670,41,Female,Other Provinces,Rice Farmer,Primary,Richer,0,1,0,25.4,Good,None,115.0,74.1,0,1.82,2024-06-26
KH-00671,32,Female,Phnom Penh,Rice Farmer,Primary,Poorer,0,1,1,31.6,Poor,None,132.0,66.6,0,1.6,2024-10-06
KH-00672,38,Female,Other Provinces,Garment Worker,Secondary,Richest,0,0,0,23.3,Fair,None,175.0,82.8,0,1.52,2024-07-31
KH-00673,26,Male,Battambang,Monk/Retired,Secondary,Poorer,0,1,0,20.6,Good,None,55.0,91.9,1,2.05,2024-05-13
KH-00674,29,Male,Other Provinces,Construction Worker,Secondary,Poorer,1,1,0,18.9,Fair,Heart Disease; COPD/Asthma,181.0,87.5,0,2.65,2024-03-18
KH-00675,26,Female,Other Provinces,Market Vendor,Primary,Poorest,0,0,0,21.9,Fair,None,121.0,92.5,0,1.19,2024-01-30
KH-00676,31,Male,Other Provinces,Rice Farmer,Secondary,Middle,0,0,0,18.1,Good,None,126.0,95.0,0,1.55,2024-07-29
KH-00677,31,Female,Kandal,Garment Worker,Primary,Middle,0,0,0,29.2,Good,None,241.0,76.3,0,1.38,2024-05-09
KH-00678,34,Male,Siem Reap,Moto/Tuk-tuk Driver,Primary,Poorer,0,0,0,17.8,Good,None,246.0,91.0,0,1.97,2024-12-17
KH-00679,30,Female,Battambang,Garment Worker,Secondary,Poorer,0,0,0,23.2,Good,None,156.0,89.0,0,1.36,2024-11-06
KH-00680,34,Male,Kampong Cham,Construction Worker,Secondary,Richer,0,0,1,25.7,Good,None,229.0,79.3,0,1.78,2024-08-15
KH-00681,21,Male,Battambang,Civil Servant,Secondary,Richer,0,1,1,27.7,Fair,Diabetes,322.0,89.4,0,1.39,2024-10-04
KH-00682,42,Male,Other Provinces,Rice Farmer,Secondary,Poorer,0,1,0,25.3,Good,None,85.0,73.9,0,1.92,2024-05-05
KH-00683,39,Female,Kampong Cham,Moto/Tuk-tuk Driver,Primary,Poorer,0,1,0,25.7,Good,None,174.0,71.0,0,2.14,2024-03-30
KH-00684,31,Male,Phnom Penh,Moto/Tuk-tuk Driver,Secondary,Richer,0,0,1,16.4,Good,None,291.0,95.0,0,1.81,2024-06-22
KH-00685,25,Female,Other Provinces,Rice Farmer,Secondary,Middle,0,0,1,21.1,Good,Diabetes,117.0,95.0,0,1.47,2024-10-15
KH-00686,38,Female,Siem Reap,Garment Worker,Primary,Middle,0,1,0,29.1,Good,None,262.0,69.9,0,1.67,2024-01-12
KH-00687,34,Female,Siem Reap,Rice Farmer,Secondary,Richest,0,0,0,22.6,Good,None,117.0,85.9,0,1.53,2024-08-28
KH-00688,49,Male,Siem Reap,Moto/Tuk-tuk Driver,Higher,Poorer,0,1,0,20.9,Fair,Hepatitis B,307.0,73.5,0,2.76,2024-05-28
KH-00689,36,Female,Other Provinces,Market Vendor,No education,Richer,0,0,0,19.7,Good,Hepatitis B,115.0,88.1,0,1.73,2024-07-31
KH-00690,51,Female,Other Provinces,Civil Servant,Higher,Richest,0,0,0,23.8,Good,None,361.0,78.5,0,1.64,2024-04-06
KH-00691,20,Female,Phnom Penh,Garment Worker,Secondary,Richest,0,0,1,21.1,Good,None,297.0,95.0,0,1.06,2024-06-13
KH-00692,37,Female,Phnom Penh,Garment Worker,No education,Richest,0,0,1,22.6,Good,Hepatitis B,256.0,80.6,0,1.74,2024-12-20
KH-00693,36,Female,Other Provinces,Rice Farmer,Secondary,Middle,1,0,0,22.7,Good,None,114.0,83.0,0,1.85,2024-07-10
KH-00694,26,Female,Prey Veng,Rice Farmer,No education,Poorest,0,0,0,17.7,Good,None,84.0,95.0,0,1.37,2024-07-25
KH-00695,31,Male,Kampong Cham,Construction Worker,Primary,Poorest,0,1,0,26.2,Good,None,183.0,73.2,0,1.97,2024-06-30
KH-00696,21,Female,Kampong Cham,Garment Worker,Secondary,Richest,0,0,1,19.7,Good,None,210.0,95.0,0,1.08,2024-01-13
KH-00697,35,Male,Other Provinces,Moto/Tuk-tuk Driver,Primary,Richest,1,1,0,24.4,Good,None,199.0,73.2,0,2.42,2024-08-19
KH-00698,34,Male,Kampong Cham,Rice Farmer,Primary,Poorer,0,1,1,17.2,Good,None,92.0,94.2,1,1.66,2024-02-29
KH-00699,42,Female,Prey Veng,Market Vendor,Primary,Richer,0,0,0,24.8,Good,Hypertension,67.0,79.2,0,1.73,2024-09-14
KH-00700,41,Male,Phnom Penh,Rice Farmer,Secondary,Richest,1,0,1,20.3,Good,Hypertension,175.0,84.6,0,2.15,2024-10-11
KH-00701,33,Male,Phnom Penh,Monk/Retired,Primary,Richest,1,1,1,17.6,Good,None,92.0,90.1,0,2.37,2024-08-03
KH-00702,44,Male,Other Provinces,Moto/Tuk-tuk Driver,Primary,Richer,0,0,1,19.3,Good,Hepatitis B,117.0,81.4,0,2.41,2024-06-16
KH-00703,43,Male,Other Provinces,Rice Farmer,Secondary,Richer,0,1,0,21.0,Good,None,71.0,82.6,0,1.94,2024-06-14
KH-00704,47,Male,Other Provinces,Market Vendor,Higher,Poorest,0,1,0,24.1,Fair,Diabetes,163.0,76.3,1,2.06,2024-08-20
KH-00705,24,Female,Phnom Penh,Market Vendor,Secondary,Richer,0,0,1,16.5,Fair,None,273.0,95.0,0,1.05,2024-10-07
KH-00706,35,Female,Kandal,Market Vendor,Secondary,Poorest,0,0,1,21.6,Good,Heart Disease,111.0,90.7,0,1.49,2024-10-07
KH-00707,22,Male,Other Provinces,Market Vendor,Primary,Richer,0,1,1,20.8,Good,None,109.0,95.0,0,1.24,2024-12-25
KH-00708,31,Male,Kampong Cham,Monk/Retired,Secondary,Middle,1,0,1,28.7,Fair,None,94.0,74.7,0,2.18,2024-07-11
KH-00709,23,Female,Other Provinces,Garment Worker,Secondary,Richest,0,0,1,27.9,Good,Diabetes; TB,185.0,81.0,0,1.74,2024-04-18
KH-00710,27,Female,Other Provinces,Rice Farmer,Primary,Poorest,0,0,1,24.7,Good,None,93.0,86.0,0,1.29,2024-07-28
KH-00711,44,Female,Other Provinces,Market Vendor,Primary,Poorest,0,0,1,24.1,Fair,None,127.0,78.1,0,1.45,2024-07-08
KH-00712,30,Female,Kampong Cham,Garment Worker,No education,Poorer,0,0,0,23.6,Good,None,145.0,85.1,0,1.36,2024-11-24
KH-00713,47,Female,Other Provinces,Rice Farmer,Primary,Poorer,0,1,1,19.3,Good,None,124.0,81.8,0,1.84,2024-04-10
KH-00714,31,Male,Kandal,Construction Worker,Primary,Poorer,0,0,1,23.2,Fair,Hypertension,199.0,82.6,0,1.94,2024-02-17
KH-00715,48,Female,Phnom Penh,Market Vendor,Primary,Poorer,0,1,1,26.5,Good,Hypertension,239.0,70.3,1,1.9,2024-06-02
KH-00716,31,Female,Other Provinces,Garment Worker,Primary,Poorest,0,0,1,18.5,Good,Hepatitis B,175.0,93.3,0,1.62,2024-07-20
KH-00717,32,Female,Kandal,Rice Farmer,Secondary,Middle,0,1,0,18.7,Good,Heart Disease,103.0,93.6,1,1.86,2024-03-06
KH-00718,27,Female,Other Provinces,Garment Worker,Primary,Richest,0,0,0,20.1,Good,None,177.0,94.9,1,1.3,2024-11-08
KH-00719,32,Male,Battambang,Garment Worker,Secondary,Poorer,0,1,0,27.4,Good,None,186.0,77.8,0,1.63,2024-03-03
KH-00720,28,Male,Kampong Cham,Moto/Tuk-tuk Driver,Secondary,Richest,1,0,1,23.3,Good,None,163.0,84.9,1,2.03,2024-08-31
KH-00721,21,Male,Prey Veng,Rice Farmer,Secondary,Poorest,1,1,1,23.3,Fair,Diabetes; Hepatitis B,95.0,86.1,0,2.24,2024-05-09
KH-00722,41,Male,Other Provinces,Monk/Retired,Secondary,Poorer,0,1,0,19.0,Good,Hepatitis B,97.0,82.0,0,2.69,2024-04-23
KH-00723,30,Female,Battambang,Civil Servant,Secondary,Poorest,0,0,1,19.0,Good,None,316.0,95.0,0,1.12,2024-07-04
KH-00724,33,Female,Other Provinces,Market Vendor,Primary,Richest,0,0,0,16.7,Good,None,78.0,95.0,0,1.33,2024-10-03
KH-00725,28,Male,Phnom Penh,Market Vendor,Secondary,Middle,0,1,0,26.2,Good,None,238.0,84.8,0,1.46,2024-01-17
KH-00726,26,Male,Prey Veng,Construction Worker,Higher,Middle,0,0,0,23.4,Good,Heart Disease,247.0,88.9,0,1.94,2024-11-27
KH-00727,26,Male,Kandal,Moto/Tuk-tuk Driver,Primary,Richest,1,1,0,18.8,Fair,None,236.0,89.1,0,2.24,2024-07-30
KH-00728,40,Male,Other Provinces,Market Vendor,Secondary,Middle,0,0,0,21.0,Fair,None,195.0,88.1,0,1.55,2024-01-19
KH-00729,28,Female,Other Provinces,Garment Worker,Secondary,Poorer,0,0,1,21.7,Good,Arthritis,224.0,94.6,0,1.44,2024-12-22
KH-00730,36,Female,Other Provinces,Market Vendor,Secondary,Poorer,0,0,0,20.8,Fair,None,151.0,90.3,0,1.39,2024-07-13
KH-00731,33,Female,Prey Veng,Rice Farmer,Primary,Richer,1,0,0,28.5,Fair,TB,101.0,67.6,0,2.19,2024-02-27
KH-00732,25,Female,Prey Veng,Rice Farmer,Secondary,Richest,0,0,0,23.2,Good,None,65.0,90.7,1,1.35,2024-07-30
KH-00733,34,Male,Phnom Penh,Rice Farmer,Secondary,Middle,0,0,0,24.0,Good,None,182.0,84.3,0,1.61,2024-05-03
KH-00734,31,Male,Phnom Penh,Rice Farmer,Higher,Richest,0,1,1,24.2,Good,None,161.0,86.5,0,1.6,2024-05-16
KH-00735,49,Female,Other Provinces,Garment Worker,Secondary,Middle,0,1,0,22.7,Fair,None,197.0,75.8,1,1.89,2024-05-24
KH-00736,26,Male,Other Provinces,Construction Worker,Secondary,Poorer,1,0,1,23.9,Good,None,207.0,84.1,0,1.9,2024-04-15
KH-00737,25,Female,Kandal,Rice Farmer,Secondary,Poorest,0,0,1,21.5,Fair,Hypertension,124.0,94.3,0,1.47,2024-08-27
KH-00738,27,Female,Prey Veng,Garment Worker,Secondary,Middle,0,0,0,19.1,Good,Hepatitis B,215.0,95.0,0,1.64,2024-01-27
KH-00739,40,Male,Other Provinces,Monk/Retired,Higher,Poorest,0,0,0,23.4,Good,None,112.0,80.8,1,2.18,2024-07-29
KH-00740,28,Male,Siem Reap,Rice Farmer,Secondary,Middle,0,1,0,21.0,Fair,Hepatitis B,171.0,88.4,0,1.98,2024-08-21
KH-00741,22,Female,Other Provinces,Moto/Tuk-tuk Driver,Primary,Poorer,0,1,0,23.7,Good,None,102.0,85.8,0,1.8,2024-05-15
KH-00742,31,Male,Kampong Cham,Civil Servant,Secondary,Middle,0,1,0,21.8,Good,None,305.0,92.3,0,1.47,2024-11-05
KH-00743,32,Male,Kandal,Market Vendor,Primary,Poorer,1,1,1,21.8,Good,Hypertension,151.0,87.0,1,1.94,2024-04-25
KH-00744,24,Male,Battambang,Moto/Tuk-tuk Driver,Secondary,Richer,0,0,1,22.7,Fair,None,188.0,92.2,0,1.67,2024-08-29
KH-00745,37,Male,Other Provinces,Market Vendor,Primary,Middle,1,1,1,25.5,Fair,Hypertension,133.0,77.1,0,2.04,2024-05-25
KH-00746,28,Female,Other Provinces,Civil Servant,Primary,Richest,0,0,0,28.6,Good,Diabetes,271.0,81.0,0,1.4,2024-07-30
KH-00747,50,Female,Kandal,Garment Worker,Primary,Poorest,0,0,0,35.2,Fair,Hypertension; Hepatitis B,199.0,47.6,1,2.32,2024-03-20
KH-00748,24,Female,Siem Reap,Garment Worker,Secondary,Richest,0,0,1,20.1,Good,None,261.0,95.0,0,1.14,2024-10-26
KH-00749,31,Male,Other Provinces,Garment Worker,Secondary,Poorer,0,1,0,23.1,Good,Hepatitis B,196.0,83.5,0,1.95,2024-07-09
KH-00750,41,Male,Other Provinces,Garment Worker,Primary,Poorer,0,1,1,25.9,Good,Hypertension,196.0,74.7,0,1.93,2024-12-08
KH-00751,26,Female,Kandal,Market Vendor,Secondary,Poorest,0,0,0,19.5,Good,Hepatitis B,192.0,95.0,0,1.53,2024-02-27
KH-00752,51,Male,Siem Reap,Market Vendor,Secondary,Poorest,0,1,0,25.4,Good,Hypertension; TB,254.0,64.7,0,2.54,2024-10-12
KH-00753,32,Female,Prey Veng,Market Vendor,Secondary,Middle,0,0,1,21.0,Good,Hypertension,145.0,95.0,0,1.43,2024-11-11
KH-00754,37,Female,Preah Sihanouk,Market Vendor,Secondary,Poorest,0,1,0,22.7,Good,Hepatitis B,213.0,80.9,0,1.9,2024-08-09
KH-00755,37,Female,Prey Veng,Market Vendor,Primary,Poorer,0,0,1,29.3,Good,None,118.0,74.2,0,1.31,2024-02-02
KH-00756,29,Male,Other Provinces,Rice Farmer,Secondary,Richer,0,0,0,16.0,Good,None,131.0,95.0,0,1.51,2024-06-19
KH-00757,49,Female,Other Provinces,Moto/Tuk-tuk Driver,Secondary,Poorest,0,1,1,21.6,Good,None,156.0,74.4,0,2.24,2024-07-27
KH-00758,39,Male,Other Provinces,Moto/Tuk-tuk Driver,Secondary,Richest,1,1,0,27.7,Good,COPD/Asthma,170.0,66.0,0,2.72,2024-11-17
KH-00759,23,Male,Other Provinces,Construction Worker,Primary,Poorest,1,1,0,19.4,Fair,COPD/Asthma; TB,150.0,83.1,0,2.71,2024-10-30
KH-00760,43,Male,Other Provinces,Construction Worker,Secondary,Poorest,0,1,0,21.6,Good,Hepatitis B,153.0,72.5,1,2.55,2024-02-28
KH-00761,20,Male,Other Provinces,Rice Farmer,Higher,Middle,1,1,1,25.3,Fair,None,116.0,89.7,0,1.66,2024-09-09
KH-00762,32,Male,Other Provinces,Moto/Tuk-tuk Driver,Primary,Poorest,0,1,0,20.9,Fair,None,166.0,83.2,0,2.08,2024-02-08
KH-00763,42,Female,Other Provinces,Garment Worker,Primary,Poorest,0,0,1,23.7,Fair,None,165.0,78.9,0,1.5,2024-11-14
KH-00764,24,Male,Preah Sihanouk,Civil Servant,Primary,Middle,1,0,1,23.3,Good,None,388.0,93.5,0,1.36,2024-06-10
KH-00765,43,Male,Phnom Penh,Rice Farmer,Higher,Richer,0,0,1,27.9,Good,None,249.0,75.3,0,1.69,2024-06-28
KH-00766,31,Female,Preah Sihanouk,Rice Farmer,Primary,Poorest,0,0,0,23.5,Fair,None,163.0,83.6,0,1.47,2024-02-20
KH-00767,30,Male,Phnom Penh,Moto/Tuk-tuk Driver,Higher,Richest,0,1,1,27.1,Fair,None,346.0,78.6,0,1.94,2024-03-16
KH-00768,40,Male,Other Provinces,Moto/Tuk-tuk Driver,Primary,Richest,1,1,0,23.8,Fair,None,223.0,70.6,0,2.52,2024-11-05
KH-00769,27,Male,Kampong Cham,Construction Worker,Secondary,Middle,0,1,0,24.0,Good,None,189.0,83.0,0,1.89,2024-07-02
KH-00770,30,Male,Kampong Cham,Rice Farmer,Primary,Middle,0,1,1,16.5,Good,Hypertension,135.0,95.0,0,1.8,2024-06-14
KH-00771,29,Male,Kandal,Civil Servant,Secondary,Richer,1,0,1,29.7,Good,None,430.0,80.4,0,1.46,2024-09-03
KH-00772,30,Female,Phnom Penh,Garment Worker,Primary,Richer,0,0,1,24.5,Good,None,261.0,87.8,1,1.26,2024-05-03
KH-00773,34,Female,Prey Veng,Garment Worker,Secondary,Poorest,0,0,0,17.1,Good,None,199.0,95.0,0,1.44,2024-01-08
KH-00774,21,Male,Phnom Penh,Rice Farmer,Primary,Richest,0,1,1,20.1,Good,Hepatitis B,114.0,94.0,0,1.74,2024-01-26
KH-00775,27,Male,Other Provinces,Rice Farmer,Secondary,Middle,0,1,0,26.4,Good,Hypertension,108.0,82.4,0,1.84,2024-10-30
KH-00776,25,Female,Other Provinces,Market Vendor,Secondary,Poorest,0,0,0,25.2,Good,Hypertension,130.0,89.0,0,1.39,2024-03-03
KH-00777,31,Male,Prey Veng,Garment Worker,Secondary,Middle,1,0,0,24.1,Fair,None,222.0,84.4,0,1.74,2024-05-23
KH-00778,35,Male,Other Provinces,Garment Worker,Primary,Richer,1,1,1,28.6,Good,Hypertension,203.0,72.4,1,2.09,2024-09-23
KH-00779,44,Female,Phnom Penh,Garment Worker,Primary,Poorer,0,1,0,29.7,Good,Hypertension,242.0,64.1,1,2.01,2024-10-21
KH-00780,34,Female,Other Provinces,Civil Servant,Primary,Poorest,0,0,0,23.1,Good,None,292.0,86.8,0,1.3,2024-07-14
KH-00781,36,Male,Phnom Penh,Civil Servant,Secondary,Richest,0,1,1,20.2,Good,None,484.0,92.5,0,1.47,2024-12-30
KH-00782,31,Female,Battambang,Garment Worker,Higher,Richer,0,0,1,34.8,Fair,None,225.0,71.0,0,1.28,2024-04-24
KH-00783,39,Male,Kandal,Garment Worker,Secondary,Poorest,1,0,0,20.4,Good,None,232.0,85.0,1,1.9,2024-12-07
KH-00784,36,Female,Other Provinces,Rice Farmer,Secondary,Richer,0,0,1,23.5,Good,Diabetes,112.0,86.0,1,1.69,2024-12-13
KH-00785,38,Female,Kampong Cham,Moto/Tuk-tuk Driver,Secondary,Richer,0,1,0,19.1,Fair,None,204.0,86.3,0,2.12,2024-07-27
KH-00786,38,Female,Other Provinces,Rice Farmer,Secondary,Richer,0,0,1,26.2,Good,None,69.0,79.6,0,1.51,2024-11-23
KH-00787,38,Male,Other Provinces,Monk/Retired,Primary,Middle,1,1,0,18.6,Good,Hypertension; Heart Disease,68.0,84.5,0,3.01,2024-11-17
KH-00788,58,Male,Other Provinces,Moto/Tuk-tuk Driver,Higher,Poorer,0,1,1,16.0,Good,Hypertension,214.0,81.8,0,2.72,2024-01-19
KH-00789,29,Male,Kampong Cham,Rice Farmer,Primary,Richest,0,1,0,22.2,Fair,None,92.0,85.9,0,1.66,2024-03-22
KH-00790,24,Female,Other Provinces,Civil Servant,Secondary,Poorer,0,0,0,20.5,Good,None,353.0,95.0,0,1.1,2024-05-14
KH-00791,30,Female,Kampong Cham,Moto/Tuk-tuk Driver,Secondary,Richer,1,0,0,25.7,Good,None,227.0,79.2,0,2.09,2024-03-23
KH-00792,34,Female,Kandal,Rice Farmer,Primary,Richest,0,0,1,24.7,Good,None,152.0,81.9,0,1.43,2024-11-25
KH-00793,27,Male,Phnom Penh,Civil Servant,Primary,Middle,0,1,0,26.1,Good,None,426.0,85.3,0,1.39,2024-02-06
KH-00794,33,Female,Other Provinces,Market Vendor,Secondary,Richer,0,0,1,25.0,Fair,None,175.0,87.3,0,1.23,2024-06-25
KH-00795,37,Female,Other Provinces,Rice Farmer,Secondary,Richest,0,0,0,26.2,Good,Heart Disease,98.0,77.2,0,1.81,2024-12-13
KH-00796,59,Female,Other Provinces,Garment Worker,Primary,Richest,1,0,0,24.8,Good,COPD/Asthma,233.0,62.7,0,2.44,2024-07-01
KH-00797,40,Female,Phnom Penh,Garment Worker,Secondary,Richer,0,1,1,28.4,Good,Diabetes; Heart Disease,265.0,73.5,0,2.05,2024-03-31
KH-00798,26,Female,Siem Reap,Rice Farmer,Higher,Richest,0,0,1,27.7,Good,Hypertension,147.0,85.2,0,1.49,2024-02-13
KH-00799,25,Male,Other Provinces,Rice Farmer,Secondary,Richest,0,1,1,18.9,Good,None,90.0,95.0,0,1.48,2024-08-24
KH-00800,50,Female,Siem Reap,Market Vendor,Secondary,Poorer,0,1,0,17.5,Good,None,146.0,85.8,0,1.82,2024-12-16
KH-00801,31,Female,Other Provinces,Market Vendor,Primary,Richest,0,0,0,26.0,Fair,Diabetes,166.0,82.1,0,1.51,2024-06-27
KH-00802,43,Female,Siem Reap,Garment Worker,Primary,Middle,0,0,0,22.0,Fair,Diabetes,202.0,81.4,0,1.84,2024-11-20
KH-00803,30,Female,Siem Reap,Rice Farmer,Primary,Richest,0,0,0,28.4,Good,Hypertension,131.0,76.1,0,1.67,2024-08-24
KH-00804,27,Male,Kampong Cham,Rice Farmer,Higher,Richer,0,0,1,25.3,Fair,None,107.0,90.1,0,1.37,2024-09-12
KH-00805,24,Female,Other Provinces,Rice Farmer,No education,Richer,0,1,0,20.9,Good,Hypertension; TB,127.0,87.1,0,2.1,2024-12-05
KH-00806,29,Female,Other Provinces,Market Vendor,Primary,Middle,0,0,1,20.0,Good,None,131.0,95.0,0,1.15,2024-09-26
KH-00807,27,Female,Battambang,Civil Servant,Primary,Richest,0,0,1,18.9,Fair,None,255.0,95.0,0,1.06,2024-04-26
KH-00808,48,Female,Other Provinces,Market Vendor,Secondary,Richest,0,0,1,23.5,Good,COPD/Asthma,55.0,79.2,0,1.75,2024-02-14
KH-00809,31,Female,Other Provinces,Garment Worker,Primary,Middle,0,0,1,19.3,Good,None,184.0,95.0,0,1.28,2024-02-06
KH-00810,38,Female,Battambang,Rice Farmer,Secondary,Middle,0,0,1,17.9,Fair,None,148.0,94.1,0,1.51,2024-03-11
KH-00811,36,Male,Other Provinces,Monk/Retired,Secondary,Richest,1,0,0,17.9,Good,Diabetes,55.0,89.6,0,2.6,2024-08-02
KH-00812,34,Male,Prey Veng,Civil Servant,Primary,Middle,1,1,0,26.2,Fair,Heart Disease,277.0,77.6,0,2.03,2024-03-17
KH-00813,22,Female,Phnom Penh,Market Vendor,Secondary,Middle,1,0,0,24.6,Good,Heart Disease; TB,187.0,86.2,0,2.01,2024-08-26
KH-00814,25,Female,Other Provinces,Garment Worker,Primary,Richer,0,0,1,19.1,Good,Hepatitis B,171.0,95.0,0,1.5,2024-02-15
KH-00815,46,Male,Prey Veng,Construction Worker,Secondary,Poorer,0,0,1,23.9,Good,None,100.0,73.5,0,2.02,2024-12-18
KH-00816,24,Female,Battambang,Moto/Tuk-tuk Driver,Primary,Poorest,0,0,0,30.3,Fair,None,170.0,72.9,0,1.69,2024-02-18
KH-00817,22,Female,Other Provinces,Moto/Tuk-tuk Driver,Secondary,Poorer,0,0,0,18.9,Fair,None,210.0,95.0,0,1.65,2024-04-23
KH-00818,31,Male,Other Provinces,Market Vendor,Primary,Middle,1,1,1,18.3,Good,None,123.0,95.0,0,1.7,2024-03-05
KH-00819,30,Male,Other Provinces,Rice Farmer,Primary,Poorer,1,1,1,25.3,Good,None,165.0,79.2,0,1.86,2024-11-13
KH-00820,31,Male,Kandal,Monk/Retired,Primary,Poorer,0,1,1,26.3,Good,Diabetes,141.0,77.9,0,2.27,2024-04-28
KH-00821,37,Female,Kampong Cham,Monk/Retired,Primary,Poorer,0,0,0,26.6,Good,None,64.0,73.9,0,2.04,2024-02-24
KH-00822,37,Male,Phnom Penh,Rice Farmer,No education,Richest,0,0,0,22.0,Good,Diabetes; Heart Disease,134.0,82.0,0,2.11,2024-10-15
KH-00823,58,Female,Phnom Penh,Garment Worker,Secondary,Richest,0,0,1,34.3,Good,Hypertension,285.0,51.2,0,2.04,2024-02-14
KH-00824,24,Female,Phnom Penh,Monk/Retired,Secondary,Richer,0,0,1,19.6,Good,Diabetes,154.0,95.0,0,1.9,2024-10-23
KH-00825,34,Male,Other Provinces,Construction Worker,Secondary,Richest,0,1,0,23.4,Good,None,236.0,78.5,0,2.03,2024-11-03
KH-00826,23,Male,Kampong Cham,Market Vendor,No education,Richest,0,1,0,24.5,Good,TB,78.0,82.0,0,1.76,2024-04-02
KH-00827,25,Female,Battambang,Civil Servant,Secondary,Poorest,0,1,0,23.6,Fair,Hepatitis B,293.0,87.8,1,1.61,2024-09-01
KH-00828,34,Female,Kampong Cham,Market Vendor,No education,Richer,0,0,1,19.8,Good,None,100.0,93.7,0,1.25,2024-09-23
KH-00829,52,Male,Siem Reap,Construction Worker,Primary,Richer,0,1,0,28.2,Good,Diabetes; Heart Disease; COPD/Asthma,238.0,57.8,0,3.05,2024-07-12
KH-00830,21,Female,Other Provinces,Rice Farmer,Primary,Middle,0,0,0,22.7,Good,None,149.0,93.7,0,1.27,2024-01-21
KH-00831,63,Male,Kandal,Civil Servant,Secondary,Poorest,0,1,1,19.0,Good,Heart Disease,372.0,76.6,0,2.23,2024-01-03
KH-00832,34,Male,Battambang,Moto/Tuk-tuk Driver,Primary,Richest,0,1,0,19.3,Poor,None,139.0,83.9,0,2.18,2024-04-19
KH-00833,32,Female,Other Provinces,Rice Farmer,Primary,Richer,0,0,1,16.0,Good,None,82.0,95.0,0,1.39,2024-03-17
KH-00834,34,Female,Other Provinces,Market Vendor,No education,Poorer,0,1,0,27.1,Good,COPD/Asthma,129.0,75.3,0,1.72,2024-05-20
KH-00835,28,Female,Siem Reap,Garment Worker,Secondary,Richest,0,0,1,26.1,Good,None,236.0,86.1,0,1.22,2024-02-10
KH-00836,29,Male,Siem Reap,Monk/Retired,Secondary,Richer,0,0,0,20.0,Good,Hypertension,88.0,94.3,0,2.18,2024-03-08
KH-00837,22,Male,Other Provinces,Monk/Retired,Secondary,Poorest,0,1,0,23.8,Good,Hypertension,94.0,87.7,0,2.19,2024-07-03
KH-00838,21,Female,Phnom Penh,Rice Farmer,Secondary,Middle,0,0,0,24.2,Good,Arthritis,161.0,92.5,0,1.49,2024-08-25
KH-00839,35,Female,Phnom Penh,Market Vendor,Secondary,Richest,0,0,0,25.8,Good,None,229.0,81.9,0,1.37,2024-09-12
KH-00840,25,Female,Phnom Penh,Rice Farmer,Higher,Poorer,0,0,0,26.2,Good,None,208.0,87.4,0,1.35,2024-09-26
KH-00841,28,Female,Kandal,Garment Worker,Primary,Poorer,0,0,1,17.9,Good,None,229.0,95.0,0,1.22,2024-12-25
KH-00842,27,Male,Other Provinces,Moto/Tuk-tuk Driver,Primary,Poorer,1,1,0,20.2,Good,Hypertension,168.0,86.6,0,2.48,2024-01-30
KH-00843,32,Male,Kandal,Civil Servant,Primary,Middle,1,1,1,20.8,Fair,None,371.0,90.5,1,1.67,2024-06-30
KH-00844,28,Female,Other Provinces,Civil Servant,Secondary,Poorer,0,1,1,22.0,Good,None,294.0,94.6,0,1.23,2024-02-27
KH-00845,27,Male,Other Provinces,Construction Worker,Higher,Poorer,1,1,0,25.2,Fair,None,219.0,79.1,0,2.17,2024-10-01
KH-00846,35,Male,Battambang,Market Vendor,Secondary,Richest,0,0,0,25.2,Fair,None,124.0,82.5,0,1.45,2024-04-29
KH-00847,30,Male,Other Provinces,Moto/Tuk-tuk Driver,Primary,Poorer,0,0,1,22.9,Fair,Hypertension; Diabetes,132.0,85.1,0,2.23,2024-02-04
KH-00848,36,Male,Other Provinces,Construction Worker,Primary,Middle,0,1,1,24.8,Good,None,149.0,75.6,0,1.97,2024-01-22
KH-00849,43,Female,Other Provinces,Rice Farmer,No education,Richest,0,1,1,28.7,Good,None,55.0,65.0,0,1.76,2024-02-05
KH-00850,39,Male,Kampong Cham,Moto/Tuk-tuk Driver,Primary,Richer,1,1,1,19.9,Good,None,179.0,82.1,1,2.4,2024-02-23
KH-00851,30,Female,Other Provinces,Civil Servant,Primary,Richest,0,1,1,25.6,Good,None,285.0,84.8,0,1.27,2024-01-04
KH-00852,20,Male,Phnom Penh,Civil Servant,Secondary,Richest,0,0,1,27.0,Good,None,431.0,92.3,0,1.0,2024-04-11
KH-00853,36,Male,Siem Reap,Monk/Retired,Secondary,Middle,0,0,0,24.4,Good,COPD/Asthma,127.0,81.0,0,2.32,2024-06-11
KH-00854,30,Male,Kampong Cham,Civil Servant,Secondary,Poorer,1,1,1,28.0,Fair,None,346.0,79.1,1,1.63,2024-03-21
KH-00855,27,Female,Other Provinces,Moto/Tuk-tuk Driver,Secondary,Richest,1,0,1,19.4,Fair,None,133.0,92.4,0,1.93,2024-04-11
KH-00856,23,Male,Other Provinces,Market Vendor,Secondary,Poorest,1,1,1,20.2,Good,Heart Disease,165.0,95.0,0,1.76,2024-06-26
KH-00857,25,Male,Kandal,Moto/Tuk-tuk Driver,Primary,Poorest,1,0,1,21.6,Good,None,203.0,88.0,0,1.97,2024-06-24
KH-00858,34,Female,Other Provinces,Garment Worker,Primary,Richest,1,0,1,25.6,Fair,Hypertension,162.0,78.6,0,1.84,2024-01-17
KH-00859,49,Female,Other Provinces,Garment Worker,Secondary,Middle,0,1,0,21.9,Good,Heart Disease,187.0,77.8,0,2.11,2024-09-11
KH-00860,29,Male,Kandal,Rice Farmer,Primary,Poorest,0,1,1,24.8,Good,None,172.0,82.5,0,1.56,2024-07-17
KH-00861,47,Male,Other Provinces,Rice Farmer,Higher,Richest,0,1,1,22.9,Fair,None,177.0,77.9,0,1.92,2024-12-16
KH-00862,28,Female,Kampong Cham,Civil Servant,Secondary,Middle,0,1,0,21.9,Good,None,329.0,94.1,0,1.33,2024-08-29
KH-00863,30,Female,Kampong Cham,Market Vendor,Secondary,Richest,0,0,0,28.0,Fair,None,179.0,80.6,0,1.27,2024-01-19
KH-00864,22,Female,Battambang,Market Vendor,Primary,Poorest,0,0,0,16.7,Good,None,140.0,95.0,0,1.11,2024-06-03
KH-00865,50,Female,Other Provinces,Civil Servant,Secondary,Richest,0,1,0,22.9,Good,Hypertension,307.0,76.8,0,1.99,2024-02-17
KH-00866,24,Male,Kampong Cham,Civil Servant,Secondary,Richer,1,0,0,20.7,Poor,None,290.0,95.0,0,1.52,2024-04-05
KH-00867,32,Male,Other Provinces,Moto/Tuk-tuk Driver,Primary,Poorest,0,1,0,24.8,Fair,None,191.0,75.9,0,2.08,2024-06-03
KH-00868,41,Female,Other Provinces,Garment Worker,Secondary,Richer,0,0,0,28.3,Good,None,160.0,73.6,0,1.58,2024-01-13
KH-00869,40,Female,Prey Veng,Construction Worker,Primary,Middle,0,0,0,23.1,Good,Hepatitis B,171.0,73.6,1,2.26,2024-05-31
KH-00870,46,Male,Kampong Cham,Rice Farmer,Primary,Poorer,1,1,0,21.0,Good,None,103.0,75.3,0,2.28,2024-10-31
KH-00871,38,Female,Kampong Cham,Garment Worker,Secondary,Poorest,0,0,1,28.3,Good,None,224.0,74.9,0,1.42,2024-11-24
KH-00872,34,Male,Phnom Penh,Moto/Tuk-tuk Driver,Secondary,Poorest,1,0,1,21.3,Fair,Arthritis,323.0,83.7,0,2.37,2024-07-26
KH-00873,35,Male,Other Provinces,Civil Servant,Primary,Richer,1,0,0,24.9,Good,None,277.0,82.4,0,1.68,2024-11-16
KH-00874,32,Male,Phnom Penh,Rice Farmer,Secondary,Poorer,1,1,1,26.8,Poor,None,158.0,74.6,0,1.96,2024-09-01
KH-00875,53,Female,Battambang,Monk/Retired,Secondary,Middle,0,1,0,20.9,Fair,None,69.0,73.9,0,2.51,2024-12-07
KH-00876,40,Female,Siem Reap,Construction Worker,Higher,Poorer,0,1,1,21.1,Fair,None,336.0,82.2,0,1.97,2024-10-06
KH-00877,27,Male,Prey Veng,Rice Farmer,Secondary,Richest,0,1,0,23.4,Good,None,108.0,87.0,0,1.62,2024-12-29
KH-00878,30,Female,Kandal,Rice Farmer,Primary,Poorest,0,0,1,24.6,Good,Diabetes,101.0,84.2,0,1.57,2024-07-29
KH-00879,40,Male,Phnom Penh,Monk/Retired,Primary,Poorest,0,1,0,30.1,Good,Hypertension; Heart Disease,118.0,62.6,0,2.77,2024-11-14
KH-00880,41,Male,Other Provinces,Rice Farmer,Primary,Richer,0,0,1,27.9,Fair,Hypertension; Diabetes; Hepatitis B,73.0,69.4,0,2.43,2024-09-01
KH-00881,24,Male,Other Provinces,Rice Farmer,Secondary,Richest,0,0,1,26.2,Good,Hypertension,125.0,87.2,0,1.53,2024-04-26
KH-00882,30,Female,Other Provinces,Garment Worker,Secondary,Richest,0,1,0,27.8,Good,None,139.0,78.1,0,1.51,2024-05-15
KH-00883,43,Female,Other Provinces,Garment Worker,Primary,Poorer,0,0,0,20.9,Fair,None,154.0,82.7,0,1.62,2024-10-23
KH-00884,36,Female,Other Provinces,Market Vendor,Secondary,Middle,0,0,0,22.9,Good,Arthritis,172.0,87.7,0,1.61,2024-03-10
KH-00885,29,Female,Other Provinces,Rice Farmer,Primary,Richer,0,0,0,29.1,Good,None,117.0,77.1,0,1.43,2024-03-05
KH-00886,39,Male,Other Provinces,Rice Farmer,Secondary,Richest,0,1,0,28.5,Good,Hypertension,122.0,69.6,0,2.08,2024-12-17
KH-00887,31,Female,Prey Veng,Market Vendor,Secondary,Poorest,0,0,1,19.8,Good,Hepatitis B,153.0,93.7,0,1.53,2024-08-10
KH-00888,35,Female,Other Provinces,Civil Servant,Primary,Poorer,0,0,1,22.5,Good,None,280.0,89.6,1,1.22,2024-10-22
KH-00889,50,Male,Siem Reap,Rice Farmer,Secondary,Richest,0,1,0,22.2,Good,Hepatitis B,140.0,71.2,0,2.42,2024-04-20
KH-00890,41,Female,Other Provinces,Garment Worker,Primary,Poorest,0,0,1,25.7,Fair,None,199.0,75.8,0,1.48,2024-02-07
KH-00891,26,Male,Other Provinces,Rice Farmer,Secondary,Richer,1,1,1,16.0,Poor,None,82.0,95.0,0,1.84,2024-08-23
KH-00892,35,Male,Other Provinces,Monk/Retired,No education,Poorest,0,1,1,22.6,Good,None,55.0,79.8,0,2.13,2024-08-19
KH-00893,29,Female,Battambang,Garment Worker,Primary,Poorest,0,0,0,18.8,Fair,None,160.0,95.0,0,1.34,2024-03-16
KH-00894,26,Male,Other Provinces,Market Vendor,Primary,Middle,0,1,1,20.3,Good,None,113.0,95.0,0,1.32,2024-12-06
KH-00895,30,Male,Phnom Penh,Rice Farmer,Primary,Richest,0,0,0,22.8,Good,Diabetes,118.0,86.6,0,1.75,2024-01-24
KH-00896,30,Female,Kandal,Garment Worker,Secondary,Richest,0,0,0,21.5,Good,COPD/Asthma,231.0,91.9,1,1.58,2024-04-02
KH-00897,38,Male,Other Provinces,Construction Worker,Secondary,Poorer,1,1,0,23.8,Good,Hepatitis B,176.0,69.9,0,2.73,2024-01-18
KH-00898,38,Female,Siem Reap,Rice Farmer,Primary,Poorest,0,1,0,18.5,Good,None,177.0,86.9,0,1.76,2024-07-12
KH-00899,22,Female,Phnom Penh,Garment Worker,Secondary,Middle,0,0,1,22.0,Good,Hepatitis B,316.0,95.0,0,1.44,2024-07-28
KH-00900,28,Female,Other Provinces,Monk/Retired,Secondary,Poorer,0,0,1,21.6,Good,None,91.0,92.2,1,1.76,2024-08-14
KH-00901,31,Male,Siem Reap,Construction Worker,Secondary,Poorest,0,0,0,22.4,Fair,None,232.0,83.3,0,1.82,2024-09-25
KH-00902,27,Male,Other Provinces,Monk/Retired,Primary,Richer,1,1,1,18.6,Fair,None,61.0,93.2,0,2.25,2024-04-26
KH-00903,34,Male,Other Provinces,Rice Farmer,Higher,Poorest,0,1,0,24.2,Good,None,124.0,82.5,0,1.76,2024-10-10
KH-00904,24,Female,Other Provinces,Rice Farmer,Secondary,Poorest,1,0,1,24.0,Good,Arthritis,83.0,88.3,0,1.73,2024-11-14
KH-00905,31,Female,Siem Reap,Garment Worker,Secondary,Richer,0,0,1,21.1,Good,None,305.0,95.0,0,1.28,2024-10-30
KH-00906,50,Male,Phnom Penh,Market Vendor,Secondary,Poorer,0,1,1,23.3,Poor,None,229.0,74.5,0,1.86,2024-07-22
KH-00907,29,Male,Prey Veng,Rice Farmer,Primary,Richest,0,0,0,21.1,Good,None,59.0,90.4,0,1.51,2024-10-26
KH-00908,31,Female,Siem Reap,Market Vendor,Higher,Middle,0,0,1,27.9,Good,None,182.0,85.2,0,1.19,2024-03-25
KH-00909,29,Female,Other Provinces,Civil Servant,No education,Middle,0,0,1,26.8,Good,Hypertension,227.0,84.7,0,1.32,2024-04-29
KH-00910,54,Male,Kampong Cham,Moto/Tuk-tuk Driver,Secondary,Poorer,0,0,0,23.1,Fair,Hypertension; Arthritis; Hepatitis B,146.0,66.1,0,3.15,2024-10-31
KH-00911,35,Male,Other Provinces,Monk/Retired,Secondary,Middle,0,1,0,24.1,Good,None,55.0,80.2,1,2.23,2024-10-24
KH-00912,37,Male,Kampong Cham,Rice Farmer,Secondary,Middle,0,1,1,19.8,Good,None,80.0,89.7,0,1.72,2024-07-01
KH-00913,34,Male,Other Provinces,Rice Farmer,No education,Poorest,0,1,1,17.0,Good,None,102.0,92.2,0,1.66,2024-06-14
KH-00914,43,Female,Kampong Cham,Market Vendor,Primary,Richer,0,0,1,27.6,Good,None,151.0,74.8,1,1.43,2024-10-06
KH-00915,38,Female,Siem Reap,Rice Farmer,Secondary,Middle,0,1,1,25.2,Poor,COPD/Asthma,109.0,77.0,1,1.94,2024-12-28
KH-00916,35,Female,Phnom Penh,Civil Servant,Secondary,Middle,0,1,0,27.8,Good,None,454.0,78.5,0,1.47,2024-06-16
KH-00917,45,Male,Kandal,Moto/Tuk-tuk Driver,Secondary,Richest,0,0,0,22.3,Good,TB,217.0,71.7,0,2.59,2024-05-10
KH-00918,42,Female,Battambang,Market Vendor,Primary,Poorest,0,0,0,21.6,Good,Arthritis,157.0,83.1,0,1.73,2024-07-21
KH-00919,38,Female,Kampong Cham,Garment Worker,Primary,Poorer,0,0,1,27.4,Good,Diabetes; Hepatitis B,110.0,72.8,0,1.98,2024-11-16
KH-00920,21,Female,Other Provinces,Rice Farmer,Secondary,Richest,0,0,0,26.4,Good,Hypertension,133.0,87.3,0,1.49,2024-08-04
KH-00921,40,Male,Kandal,Monk/Retired,Secondary,Poorer,0,1,0,25.2,Good,None,98.0,74.1,0,2.33,2024-07-30
KH-00922,26,Male,Other Provinces,Civil Servant,Primary,Richest,0,1,0,24.5,Good,None,278.0,87.9,0,1.37,2024-03-28
KH-00923,43,Female,Kampong Cham,Rice Farmer,Primary,Poorer,0,0,1,25.6,Good,None,73.0,74.6,0,1.61,2024-11-23
KH-00924,26,Male,Other Provinces,Construction Worker,Secondary,Poorest,0,1,0,19.8,Good,Diabetes,193.0,90.0,0,2.09,2024-04-06
KH-00925,32,Female,Other Provinces,Market Vendor,No education,Richer,0,0,0,18.4,Good,None,175.0,95.0,0,1.31,2024-01-07
KH-00926,27,Female,Other Provinces,Moto/Tuk-tuk Driver,Primary,Richest,0,0,0,22.0,Good,None,172.0,87.5,0,1.75,2024-10-14
KH-00927,50,Male,Other Provinces,Garment Worker,Secondary,Poorest,0,1,1,19.2,Good,None,226.0,82.1,0,1.89,2024-11-20
KH-00928,54,Female,Kandal,Rice Farmer,Primary,Poorest,0,0,0,28.6,Good,Diabetes,123.0,59.6,0,2.15,2024-07-03
KH-00929,30,Male,Prey Veng,Moto/Tuk-tuk Driver,Higher,Richer,1,0,1,17.1,Good,COPD/Asthma,186.0,95.0,0,2.29,2024-01-23
KH-00930,23,Male,Other Provinces,Construction Worker,Secondary,Middle,1,1,1,26.0,Fair,Heart Disease; TB,206.0,75.4,1,2.61,2024-01-12
KH-00931,29,Female,Other Provinces,Garment Worker,Primary,Poorer,0,0,1,26.8,Good,Diabetes,178.0,82.8,0,1.46,2024-07-09
KH-00932,42,Female,Prey Veng,Rice Farmer,Primary,Richer,0,0,0,19.9,Good,None,55.0,85.7,0,1.69,2024-05-03
KH-00933,26,Male,Other Provinces,Construction Worker,No education,Poorest,0,1,0,25.9,Good,Diabetes,135.0,75.5,0,2.09,2024-04-24
KH-00934,39,Male,Other Provinces,Garment Worker,No education,Richest,1,1,0,26.5,Fair,None,98.0,68.5,0,2.05,2024-03-27
KH-00935,37,Female,Other Provinces,Construction Worker,Secondary,Richest,0,1,1,25.8,Poor,Hypertension; TB,222.0,66.6,0,2.59,2024-12-10
KH-00936,25,Male,Battambang,Moto/Tuk-tuk Driver,Primary,Richest,1,0,0,17.8,Fair,Arthritis,160.0,93.6,0,2.29,2024-02-25
KH-00937,27,Male,Preah Sihanouk,Rice Farmer,Secondary,Poorest,0,1,1,19.5,Fair,TB,98.0,89.8,0,1.92,2024-05-29
KH-00938,47,Male,Kampong Cham,Rice Farmer,Secondary,Richer,0,1,0,22.6,Good,None,122.0,77.0,0,2.02,2024-09-23
KH-00939,35,Male,Kandal,Rice Farmer,Primary,Richest,1,1,1,22.1,Good,Heart Disease,88.0,81.6,0,2.18,2024-12-17
KH-00940,27,Female,Kandal,Garment Worker,Higher,Poorest,0,0,0,19.4,Good,None,274.0,95.0,0,1.3,2024-05-11
KH-00941,25,Female,Phnom Penh,Rice Farmer,Secondary,Middle,0,0,0,21.0,Good,None,151.0,95.0,0,1.35,2024-03-25
KH-00942,28,Female,Prey Veng,Garment Worker,Primary,Middle,0,0,1,19.8,Good,None,166.0,95.0,0,1.22,2024-10-02
KH-00943,32,Female,Phnom Penh,Garment Worker,Secondary,Poorest,0,1,1,25.7,Fair,None,281.0,81.2,0,1.45,2024-05-04
KH-00944,24,Male,Siem Reap,Civil Servant,Secondary,Richest,0,1,1,16.3,Fair,None,448.0,95.0,0,1.23,2024-03-08
KH-00945,43,Male,Phnom Penh,Construction Worker,Secondary,Middle,0,1,1,22.8,Good,Hypertension; COPD/Asthma,347.0,76.3,1,2.55,2024-05-18
KH-00946,31,Female,Other Provinces,Rice Farmer,Primary,Middle,0,0,0,22.7,Fair,None,87.0,86.7,0,1.47,2024-03-02
KH-00947,27,Male,Siem Reap,Garment Worker,Secondary,Poorer,1,0,1,19.2,Good,None,291.0,95.0,0,1.56,2024-02-20
KH-00948,41,Male,Other Provinces,Civil Servant,Secondary,Richest,0,0,1,20.5,Good,None,302.0,90.7,0,1.42,2024-08-31
KH-00949,36,Female,Kampong Cham,Rice Farmer,Primary,Poorest,0,0,0,19.0,Good,None,78.0,89.3,0,1.57,2024-06-11
KH-00950,44,Male,Siem Reap,Civil Servant,Secondary,Richer,0,1,0,25.2,Good,TB,441.0,73.0,0,2.13,2024-05-18
KH-00951,33,Male,Battambang,Civil Servant,No education,Richest,0,1,0,25.0,Good,None,273.0,80.9,0,1.51,2024-05-28
KH-00952,40,Female,Prey Veng,Rice Farmer,Secondary,Richer,0,0,1,24.1,Good,None,146.0,82.3,0,1.55,2024-08-05
KH-00953,29,Female,Phnom Penh,Rice Farmer,Secondary,Richest,0,1,1,26.6,Good,None,212.0,81.2,0,1.48,2024-10-08
KH-00954,40,Female,Other Provinces,Civil Servant,Secondary,Poorest,0,0,1,30.7,Fair,TB,325.0,66.2,0,1.72,2024-01-30
KH-00955,29,Male,Other Provinces,Market Vendor,Higher,Richest,0,1,1,22.0,Fair,None,138.0,94.0,0,1.38,2024-07-25
KH-00956,40,Male,Other Provinces,Moto/Tuk-tuk Driver,Primary,Middle,0,0,0,19.9,Good,None,130.0,83.9,0,2.09,2024-05-08
KH-00957,31,Female,Other Provinces,Civil Servant,Secondary,Poorer,0,0,1,24.6,Poor,None,337.0,87.8,0,1.2,2024-09-28
KH-00958,35,Male,Kampong Cham,Market Vendor,Secondary,Poorer,0,0,0,24.2,Good,Hypertension; Diabetes,143.0,85.1,0,1.89,2024-08-01
KH-00959,54,Female,Phnom Penh,Rice Farmer,Primary,Richest,0,0,0,28.7,Good,Hypertension; Diabetes,165.0,59.9,0,2.37,2024-02-25
KH-00960,24,Female,Kampong Cham,Market Vendor,Secondary,Richest,0,0,1,27.0,Good,None,113.0,88.3,0,1.05,2024-07-26
KH-00961,29,Female,Phnom Penh,Market Vendor,Secondary,Middle,0,1,0,23.3,Fair,None,173.0,89.0,0,1.4,2024-12-29
KH-00962,28,Female,Other Provinces,Rice Farmer,Primary,Poorer,0,0,1,18.4,Fair,None,99.0,95.0,0,1.31,2024-05-30
KH-00963,28,Female,Other Provinces,Garment Worker,Secondary,Richer,0,1,1,20.1,Good,Hypertension,119.0,95.0,0,1.59,2024-03-30
KH-00964,34,Female,Prey Veng,Civil Servant,Secondary,Middle,0,0,0,26.8,Good,None,255.0,83.0,0,1.3,2024-01-15
KH-00965,42,Female,Other Provinces,Garment Worker,Secondary,Poorest,0,0,0,24.7,Good,None,158.0,77.5,0,1.6,2024-06-20
KH-00966,26,Female,Phnom Penh,Garment Worker,Secondary,Middle,0,0,1,28.5,Good,None,274.0,84.0,0,1.18,2024-07-10
KH-00967,38,Female,Other Provinces,Market Vendor,Secondary,Richest,0,0,0,32.1,Good,None,117.0,68.2,0,1.43,2024-04-11
KH-00968,32,Male,Other Provinces,Monk/Retired,Primary,Middle,1,0,1,20.7,Good,Heart Disease,56.0,88.0,0,2.42,2024-10-26
KH-00969,27,Male,Other Provinces,Rice Farmer,Secondary,Richest,1,1,0,21.1,Poor,None,96.0,86.8,0,1.96,2024-02-22
KH-00970,40,Male,Siem Reap,Rice Farmer,Secondary,Richest,1,1,0,19.9,Good,Diabetes; Heart Disease,137.0,82.5,0,2.6,2024-12-29
KH-00971,37,Male,Other Provinces,Garment Worker,Higher,Richer,0,0,0,23.1,Good,None,257.0,88.0,0,1.58,2024-04-24
KH-00972,31,Female,Siem Reap,Rice Farmer,Primary,Richer,0,0,1,16.4,Good,None,128.0,95.0,0,1.37,2024-11-03
KH-00973,37,Male,Phnom Penh,Garment Worker,No education,Poorest,0,1,1,25.5,Fair,None,216.0,75.2,0,1.63,2024-11-21
KH-00974,27,Male,Other Provinces,Construction Worker,Primary,Poorest,0,1,1,20.8,Fair,Heart Disease,161.0,86.9,0,2.01,2024-12-29
KH-00975,34,Female,Other Provinces,Market Vendor,Primary,Poorer,0,0,1,29.0,Good,None,133.0,76.8,0,1.25,2024-01-26
KH-00976,47,Female,Phnom Penh,Garment Worker,Secondary,Richest,1,0,0,22.1,Poor,None,305.0,75.2,0,2.04,2024-08-08
KH-00977,29,Male,Other Provinces,Garment Worker,No education,Richest,0,0,1,16.0,Good,None,141.0,95.0,0,1.32,2024-08-24
KH-00978,28,Female,Phnom Penh,Rice Farmer,Secondary,Richer,0,1,0,23.6,Good,None,156.0,87.5,0,1.56,2024-01-19
KH-00979,42,Female,Other Provinces,Rice Farmer,Primary,Richer,0,1,0,23.2,Fair,COPD/Asthma,112.0,77.1,1,2.06,2024-08-28
KH-00980,25,Male,Phnom Penh,Construction Worker,Secondary,Richest,1,1,1,32.1,Fair,Diabetes,268.0,66.7,0,2.25,2024-11-13
KH-00981,30,Female,Phnom Penh,Rice Farmer,No education,Middle,0,0,1,23.2,Good,None,149.0,86.8,0,1.35,2024-03-29
KH-00982,31,Female,Other Provinces,Civil Servant,Secondary,Poorer,0,0,1,21.2,Fair,Diabetes; Hepatitis B,293.0,92.7,0,1.7,2024-05-27
KH-00983,39,Male,Kandal,Moto/Tuk-tuk Driver,Secondary,Richest,0,1,0,24.0,Good,Hypertension; TB,210.0,70.4,1,2.84,2024-12-04
KH-00984,29,Male,Battambang,Moto/Tuk-tuk Driver,Secondary,Richest,1,1,1,19.2,Good,Hypertension; TB,222.0,84.9,0,2.82,2024-10-12
KH-00985,27,Female,Phnom Penh,Rice Farmer,Higher,Poorer,0,0,0,24.1,Good,None,212.0,90.0,0,1.39,2024-10-10
KH-00986,29,Male,Other Provinces,Construction Worker,Higher,Middle,1,1,0,21.0,Fair,None,206.0,86.4,0,2.21,2024-08-12
KH-00987,32,Female,Kandal,Market Vendor,No education,Poorer,0,0,1,21.4,Good,Arthritis,148.0,90.7,1,1.43,2024-02-15
KH-00988,35,Female,Kampong Cham,Garment Worker,Secondary,Richer,0,0,1,22.1,Good,None,198.0,90.6,0,1.36,2024-05-04
KH-00989,38,Female,Phnom Penh,Rice Farmer,Secondary,Poorer,0,0,1,24.9,Good,Hypertension,185.0,80.8,1,1.73,2024-09-05
KH-00990,37,Female,Other Provinces,Civil Servant,Primary,Richest,0,0,1,20.1,Good,None,262.0,92.5,1,1.26,2024-02-02
KH-00991,27,Male,Siem Reap,Monk/Retired,Secondary,Richer,1,0,1,19.1,Fair,None,80.0,95.0,0,2.1,2024-10-29
KH-00992,29,Female,Prey Veng,Rice Farmer,Primary,Middle,0,1,1,20.5,Fair,None,115.0,91.6,0,1.48,2024-05-18
KH-00993,33,Female,Other Provinces,Market Vendor,Primary,Richer,0,0,0,21.8,Fair,None,108.0,90.2,0,1.33,2024-08-03
KH-00994,41,Male,Other Provinces,Construction Worker,Secondary,Poorest,0,1,1,17.6,Good,None,188.0,85.8,0,2.07,2024-12-27
KH-00995,35,Male,Phnom Penh,Moto/Tuk-tuk Driver,Primary,Richer,0,0,0,17.6,Good,Hypertension,227.0,92.0,0,2.21,2024-06-09
KH-00996,39,Male,Other Provinces,Civil Servant,Secondary,Poorest,1,1,0,21.2,Good,Hypertension,333.0,84.1,0,2.13,2024-09-04
KH-00997,23,Female,Other Provinces,Civil Servant,Primary,Richest,0,0,1,21.2,Poor,None,268.0,95.0,0,1.04,2024-04-06
KH-00998,48,Male,Phnom Penh,Moto/Tuk-tuk Driver,Primary,Middle,1,1,1,25.6,Fair,Hypertension,246.0,64.5,1,2.8,2024-07-22
KH-00999,52,Female,Siem Reap,Rice Farmer,Secondary,Poorer,0,1,1,21.3,Good,Hypertension,190.0,76.3,0,2.16,2024-03-26
KH-01000,44,Female,Kampong Cham,Rice Farmer,Secondary,Poorest,0,0,0,21.1,Good,None,147.0,81.7,0,1.73,2024-05-31
KH-01001,42,Male,Battambang,Rice Farmer,Primary,Richest,1,1,1,20.1,Good,None,150.0,80.8,0,2.1,2024-09-08
KH-01002,21,Female,Other Provinces,Market Vendor,Primary,Poorest,0,0,1,18.4,Good,None,151.0,95.0,0,0.99,2024-11-02
KH-01003,31,Female,Other Provinces,Rice Farmer,Primary,Richer,0,0,1,23.6,Fair,TB,94.0,82.0,0,1.77,2024-11-01
KH-01004,50,Female,Prey Veng,Garment Worker,Primary,Poorest,0,0,0,22.0,Good,TB,158.0,70.8,0,2.16,2024-01-07
KH-01005,29,Female,Other Provinces,Rice Farmer,Secondary,Poorer,0,0,1,21.4,Good,None,105.0,93.2,0,1.33,2024-04-25
KH-01006,20,Male,Prey Veng,Rice Farmer,Secondary,Richer,1,0,1,16.0,Fair,Hepatitis B,136.0,95.0,0,1.85,2024-11-12
KH-01007,29,Male,Siem Reap,Moto/Tuk-tuk Driver,Secondary,Richest,0,0,1,20.9,Good,None,306.0,91.3,0,1.77,2024-03-03
KH-01008,28,Female,Other Provinces,Rice Farmer,Primary,Poorest,0,0,1,19.8,Good,Hepatitis B,130.0,91.5,0,1.65,2024-05-28
KH-01009,23,Male,Other Provinces,Rice Farmer,Secondary,Richest,0,0,1,24.2,Good,None,94.0,91.6,0,1.29,2024-05-24
KH-01010,56,Female,Other Provinces,Construction Worker,Secondary,Middle,0,0,0,18.4,Fair,None,187.0,76.0,0,2.24,2024-04-27
KH-01011,39,Male,Kampong Cham,Rice Farmer,Secondary,Middle,0,1,1,25.8,Good,None,114.0,77.2,0,1.76,2024-04-08
KH-01012,31,Male,Kampong Cham,Construction Worker,Higher,Richest,1,1,0,23.2,Good,None,252.0,80.4,0,2.25,2024-09-17
KH-01013,35,Male,Kampong Cham,Moto/Tuk-tuk Driver,Secondary,Poorer,0,0,1,21.3,Fair,None,166.0,86.4,0,1.89,2024-06-19
KH-01014,35,Female,Phnom Penh,Market Vendor,Secondary,Middle,0,0,1,25.7,Fair,None,181.0,84.1,1,1.27,2024-07-17
KH-01015,29,Female,Other Provinces,Garment Worker,Secondary,Poorer,0,1,0,21.6,Fair,None,133.0,90.1,0,1.49,2024-01-26
KH-01016,30,Male,Other Provinces,Rice Farmer,Primary,Richest,0,0,0,26.9,Good,Hypertension,55.0,78.9,0,1.75,2024-07-06
KH-01017,36,Male,Prey Veng,Civil Servant,Secondary,Richest,0,0,0,24.7,Good,None,306.0,84.6,0,1.42,2024-11-30
KH-01018,21,Male,Other Provinces,Monk/Retired,Primary,Poorer,1,1,0,17.7,Fair,None,55.0,95.0,0,2.23,2024-11-09
KH-01019,31,Female,Other Provinces,Rice Farmer,Primary,Richest,0,0,0,19.1,Good,Diabetes,99.0,92.9,0,1.69,2024-11-08
KH-01020,33,Male,Battambang,Construction Worker,No education,Poorer,1,1,1,26.2,Good,Arthritis,144.0,70.1,0,2.41,2024-01-08
KH-01021,27,Female,Kampong Cham,Monk/Retired,No education,Poorest,0,0,0,21.5,Good,None,55.0,87.6,0,1.84,2024-01-29
KH-01022,20,Male,Phnom Penh,Monk/Retired,Primary,Richer,1,1,1,26.3,Fair,None,166.0,83.4,0,2.11,2024-07-16
KH-01023,44,Male,Other Provinces,Construction Worker,Primary,Richer,1,1,1,18.4,Good,Heart Disease,217.0,80.3,0,2.63,2024-01-03
KH-01024,28,Female,Prey Veng,Market Vendor,Secondary,Poorest,0,0,1,23.9,Good,None,129.0,91.0,0,1.13,2024-09-24
KH-01025,29,Female,Kandal,Civil Servant,Primary,Poorest,1,0,0,21.6,Good,Hepatitis B,351.0,87.4,0,1.82,2024-05-29
KH-01026,40,Male,Other Provinces,Monk/Retired,Secondary,Richer,0,1,1,22.5,Fair,None,58.0,81.4,0,2.23,2024-02-02
KH-01027,36,Male,Kandal,Market Vendor,Primary,Poorer,0,1,0,25.7,Good,None,185.0,78.1,1,1.62,2024-08-25
KH-01028,48,Female,Other Provinces,Moto/Tuk-tuk Driver,Secondary,Middle,0,0,1,25.1,Good,Hypertension; COPD/Asthma; TB,180.0,67.0,0,2.91,2024-04-13
KH-01029,39,Male,Siem Reap,Construction Worker,Primary,Richer,1,1,0,19.9,Good,None,242.0,79.3,0,2.41,2024-09-22
KH-01030,37,Male,Other Provinces,Rice Farmer,Secondary,Poorer,0,1,1,21.3,Good,COPD/Asthma; Hepatitis B,132.0,83.1,1,2.28,2024-05-30
KH-01031,24,Male,Kampong Cham,Civil Servant,Secondary,Poorer,0,1,1,20.7,Good,Hepatitis B,340.0,95.0,0,1.57,2024-09-30
KH-01032,28,Male,Phnom Penh,Construction Worker,Secondary,Richer,0,1,0,21.7,Good,None,332.0,87.2,1,1.91,2024-10-06
KH-01033,33,Female,Other Provinces,Garment Worker,Secondary,Richest,0,1,1,21.7,Good,None,168.0,89.1,0,1.47,2024-02-29
KH-01034,39,Male,Kandal,Rice Farmer,No education,Poorest,0,1,0,18.9,Good,COPD/Asthma,97.0,83.9,0,2.08,2024-04-22
KH-01035,33,Female,Phnom Penh,Monk/Retired,Secondary,Poorest,0,0,1,25.8,Good,None,84.0,80.3,0,1.86,2024-03-18
KH-01036,24,Male,Other Provinces,Civil Servant,Primary,Poorest,1,1,0,23.0,Fair,Heart Disease,260.0,88.5,0,1.83,2024-02-03
KH-01037,35,Female,Kampong Cham,Rice Farmer,Higher,Poorer,0,0,0,25.1,Good,None,94.0,82.9,0,1.55,2024-01-14
KH-01038,31,Male,Other Provinces,Moto/Tuk-tuk Driver,Secondary,Poorest,0,1,1,25.9,Fair,None,212.0,77.6,0,1.96,2024-06-18
KH-01039,30,Female,Other Provinces,Civil Servant,No education,Richer,1,0,0,21.0,Poor,None,221.0,89.4,0,1.56,2024-06-05
KH-01040,40,Male,Siem Reap,Moto/Tuk-tuk Driver,Higher,Richest,1,1,1,26.7,Good,COPD/Asthma,328.0,70.8,0,2.64,2024-08-19
KH-01041,35,Female,Siem Reap,Garment Worker,Secondary,Poorest,0,1,0,25.9,Good,None,199.0,77.9,0,1.61,2024-02-16
KH-01042,38,Female,Phnom Penh,Rice Farmer,Secondary,Richest,0,0,0,22.1,Fair,TB,149.0,78.7,0,2.01,2024-01-10
KH-01043,33,Male,Kampong Cham,Market Vendor,Secondary,Poorest,1,1,1,20.8,Fair,None,156.0,88.5,0,1.74,2024-06-02
KH-01044,30,Male,Other Provinces,Rice Farmer,Secondary,Middle,0,1,0,20.2,Good,None,116.0,92.1,0,1.68,2024-03-06
KH-01045,39,Female,Siem Reap,Monk/Retired,No education,Poorer,0,0,1,18.7,Good,COPD/Asthma,126.0,87.3,0,2.2,2024-05-28
KH-01046,34,Male,Other Provinces,Market Vendor,Secondary,Poorest,0,1,0,19.0,Good,None,171.0,92.7,0,1.58,2024-06-05
KH-01047,29,Female,Other Provinces,Monk/Retired,Primary,Richest,0,0,0,31.5,Good,None,55.0,69.7,1,1.88,2024-05-26
KH-01048,51,Female,Other Provinces,Garment Worker,Secondary,Poorest,0,0,1,21.2,Good,COPD/Asthma,203.0,79.7,0,1.9,2024-11-26
KH-01049,28,Female,Siem Reap,Monk/Retired,No education,Richest,0,0,0,25.9,Good,Heart Disease,75.0,79.3,0,2.08,2024-11-27
KH-01050,33,Female,Kampong Cham,Garment Worker,Higher,Poorest,0,0,0,19.2,Fair,Hepatitis B,198.0,92.3,0,1.76,2024-02-16
KH-01051,34,Male,Phnom Penh,Moto/Tuk-tuk Driver,Primary,Poorer,0,0,0,26.4,Good,None,260.0,74.9,0,1.97,2024-06-19
KH-01052,30,Female,Battambang,Garment Worker,Secondary,Poorer,0,0,0,24.4,Good,Diabetes,169.0,86.7,0,1.58,2024-01-13
KH-01053,43,Female,Phnom Penh,Construction Worker,Secondary,Richer,0,0,0,24.1,Good,None,345.0,74.9,0,1.98,2024-11-14
KH-01054,25,Female,Kandal,Rice Farmer,Primary,Middle,0,0,0,20.0,Good,None,111.0,95.0,0,1.35,2024-01-12
KH-01055,36,Female,Kandal,Rice Farmer,Secondary,Richest,0,0,0,25.5,Good,None,118.0,79.2,0,1.57,2024-02-13
KH-01056,24,Male,Other Provinces,Moto/Tuk-tuk Driver,Primary,Poorer,0,1,1,23.0,Good,None,200.0,87.3,0,1.82,2024-11-20
KH-01057,41,Female,Other Provinces,Market Vendor,Higher,Middle,0,0,1,23.4,Good,None,148.0,87.1,0,1.39,2024-09-04
KH-01058,33,Male,Other Provinces,Market Vendor,Secondary,Poorest,0,0,0,16.0,Good,Hepatitis B,172.0,95.0,1,1.75,2024-05-10
KH-01059,35,Female,Kandal,Civil Servant,Secondary,Poorest,0,0,0,21.8,Good,None,413.0,90.1,0,1.32,2024-01-24
KH-01060,30,Female,Siem Reap,Garment Worker,Primary,Richer,0,0,0,18.0,Good,Hepatitis B,286.0,95.0,0,1.7,2024-03-24
KH-01061,24,Male,Phnom Penh,Construction Worker,Secondary,Poorer,0,0,1,28.4,Good,None,334.0,79.5,0,1.58,2024-03-12
KH-01062,44,Male,Other Provinces,Monk/Retired,Secondary,Richest,0,0,1,26.2,Fair,None,109.0,72.4,0,2.16,2024-09-26
KH-01063,38,Female,Phnom Penh,Rice Farmer,Secondary,Poorer,0,0,0,20.9,Fair,COPD/Asthma,183.0,86.2,0,1.83,2024-10-09
KH-01064,42,Female,Phnom Penh,Garment Worker,Primary,Middle,0,0,0,24.7,Good,None,261.0,77.5,0,1.6,2024-04-08
KH-01065,27,Female,Other Provinces,Garment Worker,Higher,Poorest,0,1,0,19.6,Good,Diabetes,212.0,95.0,1,1.67,2024-04-18
KH-01066,47,Male,Phnom Penh,Civil Servant,Higher,Richest,0,0,0,17.8,Good,None,582.0,92.4,0,1.64,2024-12-08
KH-01067,39,Female,Prey Veng,Rice Farmer,Secondary,Poorest,0,0,0,20.7,Good,COPD/Asthma,114.0,85.7,1,1.85,2024-08-02
KH-01068,25,Female,Other Provinces,Garment Worker,Primary,Richer,1,1,1,20.6,Good,Hypertension; TB,169.0,88.8,0,2.21,2024-10-23
KH-01069,27,Female,Phnom Penh,Garment Worker,Primary,Richer,0,0,1,23.5,Good,None,281.0,91.6,0,1.2,2024-02-12
KH-01070,28,Female,Other Provinces,Rice Farmer,Primary,Richest,0,1,1,16.0,Good,None,78.0,95.0,0,1.46,2024-12-06
KH-01071,27,Female,Other Provinces,Market Vendor,Primary,Poorer,0,0,1,25.0,Poor,Hypertension,161.0,86.8,0,1.39,2024-05-04
KH-01072,33,Female,Kampong Cham,Moto/Tuk-tuk Driver,Primary,Poorest,0,0,0,24.4,Good,COPD/Asthma,152.0,78.5,0,2.09,2024-05-11
KH-01073,23,Male,Other Provinces,Market Vendor,Secondary,Richer,0,1,1,19.2,Good,None,104.0,95.0,0,1.26,2024-07-07
KH-01074,25,Female,Other Provinces,Moto/Tuk-tuk Driver,Primary,Middle,0,0,0,24.5,Good,Heart Disease,170.0,85.1,0,1.93,2024-02-18
KH-01075,32,Female,Other Provinces,Garment Worker,Primary,Poorest,0,1,1,16.0,Good,None,169.0,95.0,0,1.45,2024-04-04
KH-01076,30,Male,Other Provinces,Market Vendor,Primary,Richest,0,0,1,18.7,Good,None,184.0,95.0,0,1.25,2024-10-09
KH-01077,34,Female,Preah Sihanouk,Garment Worker,Primary,Poorer,0,0,0,17.6,Fair,None,270.0,94.8,0,1.44,2024-11-17
KH-01078,31,Male,Other Provinces,Rice Farmer,Primary,Richest,0,1,0,19.9,Good,None,125.0,89.4,0,1.7,2024-11-08
KH-01079,41,Male,Battambang,Civil Servant,Secondary,Poorer,0,1,1,27.5,Good,TB,300.0,70.9,0,1.97,2024-11-08
KH-01080,24,Female,Prey Veng,Rice Farmer,Primary,Richer,0,0,0,28.7,Good,None,81.0,81.1,0,1.33,2024-08-25
KH-01081,26,Female,Other Provinces,Rice Farmer,Higher,Middle,0,0,1,23.4,Good,None,139.0,94.3,0,1.27,2024-10-21
KH-01082,26,Female,Phnom Penh,Market Vendor,Higher,Middle,0,0,1,30.3,Good,None,261.0,84.0,0,1.09,2024-03-23
KH-01083,24,Female,Phnom Penh,Garment Worker,Secondary,Poorest,0,1,1,23.3,Good,TB,306.0,86.4,0,1.69,2024-11-05
KH-01084,50,Female,Other Provinces,Garment Worker,Secondary,Poorer,0,0,0,25.8,Good,COPD/Asthma; Arthritis,157.0,71.0,0,2.2,2024-01-14
KH-01085,42,Female,Other Provinces,Market Vendor,Secondary,Middle,0,0,1,24.5,Fair,None,194.0,81.8,1,1.41,2024-02-09
KH-01086,33,Female,Siem Reap,Garment Worker,No education,Poorer,0,0,0,19.0,Fair,None,233.0,91.2,0,1.42,2024-07-01
KH-01087,34,Female,Other Provinces,Garment Worker,Secondary,Poorest,0,0,1,16.0,Fair,None,143.0,95.0,0,1.34,2024-06-22
KH-01088,37,Male,Siem Reap,Rice Farmer,Secondary,Poorest,0,0,0,22.2,Good,None,132.0,84.2,0,1.67,2024-03-12
KH-01089,39,Female,Phnom Penh,Rice Farmer,Secondary,Richer,0,0,0,24.7,Good,None,162.0,80.3,0,1.63,2024-09-12
KH-01090,30,Male,Other Provinces,Construction Worker,Primary,Poorest,1,1,0,26.3,Fair,Hepatitis B,148.0,67.6,1,2.57,2024-03-31
KH-01091,33,Female,Other Provinces,Market Vendor,Primary,Poorer,0,0,0,25.3,Good,None,107.0,82.8,0,1.33,2024-07-17
KH-01092,35,Male,Battambang,Garment Worker,Higher,Poorest,0,0,1,20.3,Fair,None,179.0,93.4,0,1.44,2024-02-15
KH-01093,40,Male,Other Provinces,Rice Farmer,Primary,Poorest,0,0,1,23.1,Good,None,115.0,80.5,0,1.63,2024-06-15
KH-01094,26,Female,Kandal,Garment Worker,Higher,Poorer,0,0,0,19.4,Fair,None,299.0,95.0,0,1.28,2024-06-05
KH-01095,21,Female,Other Provinces,Market Vendor,Higher,Middle,0,0,1,21.4,Good,None,160.0,95.0,0,0.99,2024-03-01
KH-01096,39,Female,Other Provinces,Market Vendor,Secondary,Poorer,0,0,0,25.3,Fair,TB,93.0,75.0,0,1.85,2024-06-02
KH-01097,26,Female,Kandal,Garment Worker,Secondary,Poorer,0,0,0,20.5,Fair,None,256.0,95.0,1,1.28,2024-09-03
KH-01098,28,Male,Battambang,Rice Farmer,Secondary,Richest,1,0,1,23.5,Good,None,108.0,87.2,0,1.67,2024-10-31
KH-01099,41,Female,Phnom Penh,Market Vendor,Primary,Richer,0,1,0,18.4,Good,Hepatitis B,187.0,86.8,0,1.98,2024-10-18
KH-01100,30,Male,Prey Veng,Moto/Tuk-tuk Driver,Secondary,Poorest,0,1,1,21.3,Good,Diabetes; Arthritis,206.0,87.3,0,2.38,2024-03-05
KH-01101,32,Female,Kampong Cham,Market Vendor,Secondary,Poorest,0,0,0,21.4,Good,None,132.0,91.6,0,1.31,2024-12-20
KH-01102,33,Male,Other Provinces,Rice Farmer,Secondary,Richest,0,1,0,21.9,Fair,None,111.0,85.4,1,1.74,2024-08-30
KH-01103,25,Female,Other Provinces,Rice Farmer,Secondary,Richest,0,1,0,22.9,Good,Hypertension,95.0,89.2,0,1.72,2024-08-29
KH-01104,37,Female,Other Provinces,Civil Servant,Primary,Middle,0,0,0,16.0,Good,TB,285.0,94.7,0,1.76,2024-01-15
KH-01105,30,Male,Other Provinces,Market Vendor,Secondary,Richest,0,1,0,20.7,Good,TB,117.0,87.7,0,1.9,2024-06-15
KH-01106,37,Male,Other Provinces,Rice Farmer,Primary,Richer,0,1,0,24.5,Fair,None,159.0,77.9,0,1.82,2024-09-23
KH-01107,31,Male,Kampong Cham,Moto/Tuk-tuk Driver,Secondary,Richest,0,1,0,19.5,Fair,None,260.0,88.6,0,2.06,2024-07-20
KH-01108,29,Male,Phnom Penh,Construction Worker,Secondary,Middle,0,1,1,22.0,Good,Hepatitis B,289.0,84.0,0,2.17,2024-09-06
KH-01109,24,Female,Other Provinces,Rice Farmer,Secondary,Richer,0,0,1,25.8,Good,None,65.0,89.5,0,1.23,2024-06-20
KH-01110,46,Female,Prey Veng,Market Vendor,Primary,Poorest,0,0,1,24.1,Good,None,124.0,77.3,0,1.49,2024-02-05
KH-01111,46,Female,Battambang,Garment Worker,Secondary,Poorest,0,0,1,24.2,Good,None,165.0,77.4,0,1.58,2024-09-02
KH-01112,30,Female,Kampong Cham,Rice Farmer,Secondary,Richest,0,0,1,17.1,Good,Hypertension,87.0,95.0,0,1.57,2024-11-04
KH-01113,27,Male,Other Provinces,Construction Worker,Primary,Middle,0,1,0,20.5,Fair,None,230.0,87.5,0,1.89,2024-11-25
KH-01114,23,Male,Other Provinces,Rice Farmer,Primary,Poorer,0,1,1,27.7,Good,None,123.0,81.8,0,1.44,2024-07-11
KH-01115,29,Female,Other Provinces,Rice Farmer,Secondary,Richer,0,0,0,17.5,Fair,None,177.0,95.0,0,1.43,2024-08-09
KH-01116,25,Female,Preah Sihanouk,Rice Farmer,Secondary,Richer,0,0,1,21.8,Fair,None,133.0,95.0,0,1.25,2024-03-30
KH-01117,28,Female,Prey Veng,Garment Worker,Secondary,Richer,0,0,1,19.7,Good,None,231.0,95.0,0,1.22,2024-12-08
KH-01118,37,Female,Other Provinces,Garment Worker,Primary,Richest,0,0,1,24.4,Good,COPD/Asthma,132.0,81.8,0,1.62,2024-01-29
KH-01119,30,Female,Other Provinces,Rice Farmer,Secondary,Poorer,0,0,1,24.3,Good,None,101.0,87.1,0,1.35,2024-10-04
KH-01120,26,Female,Other Provinces,Garment Worker,Secondary,Poorest,0,0,1,20.8,Good,None,161.0,95.0,0,1.18,2024-05-03
KH-01121,30,Male,Prey Veng,Moto/Tuk-tuk Driver,Primary,Richest,0,0,0,27.1,Good,Diabetes,169.0,76.0,0,2.11,2024-04-12
KH-01122,27,Male,Phnom Penh,Moto/Tuk-tuk Driver,Secondary,Poorest,1,1,1,24.4,Good,None,274.0,81.0,0,2.16,2024-06-25
KH-01123,35,Male,Kandal,Construction Worker,Higher,Middle,1,1,1,17.9,Good,None,273.0,90.3,1,2.23,2024-02-16
KH-01124,27,Female,Preah Sihanouk,Garment Worker,Primary,Richest,1,0,0,19.3,Good,None,236.0,93.9,0,1.58,2024-01-09
KH-01125,22,Male,Battambang,Moto/Tuk-tuk Driver,Primary,Poorer,0,1,1,19.8,Fair,None,163.0,94.1,1,1.78,2024-04-16
KH-01126,32,Male,Siem Reap,Moto/Tuk-tuk Driver,Secondary,Richer,1,1,0,17.2,Good,COPD/Asthma,313.0,91.8,0,2.58,2024-08-18
KH-01127,30,Male,Kampong Cham,Civil Servant,Primary,Richest,0,1,1,20.8,Fair,None,313.0,93.2,0,1.35,2024-03-18
KH-01128,46,Female,Phnom Penh,Garment Worker,Secondary,Richest,0,0,0,26.5,Good,Hypertension,296.0,72.1,0,1.9,2024-10-02
KH-01129,26,Female,Phnom Penh,Rice Farmer,Secondary,Richest,0,0,1,25.8,Good,None,125.0,86.7,1,1.27,2024-05-21
KH-01130,39,Female,Kampong Cham,Garment Worker,Primary,Richer,0,0,1,19.8,Good,None,131.0,90.7,0,1.44,2024-02-15
KH-01131,34,Male,Other Provinces,Moto/Tuk-tuk Driver,Primary,Middle,1,1,0,23.9,Fair,Hepatitis B,207.0,72.4,0,2.74,2024-09-08
KH-01132,39,Male,Other Provinces,Civil Servant,Primary,Poorest,0,0,0,23.1,Fair,None,294.0,83.0,0,1.48,2024-12-20
KH-01133,37,Female,Phnom Penh,Garment Worker,No education,Richest,0,0,1,24.1,Good,None,238.0,80.8,0,1.4,2024-01-31
KH-01134,40,Female,Other Provinces,Garment Worker,Primary,Richest,0,0,0,24.5,Good,None,179.0,78.2,1,1.56,2024-08-29
KH-01135,50,Female,Battambang,Rice Farmer,No education,Richer,0,1,0,28.9,Good,Hypertension; Diabetes,81.0,60.1,0,2.44,2024-07-16
KH-01136,28,Female,Other Provinces,Civil Servant,Primary,Middle,0,0,0,25.6,Fair,None,275.0,87.1,0,1.18,2024-08-07
KH-01137,26,Male,Other Provinces,Moto/Tuk-tuk Driver,Secondary,Poorest,0,1,0,23.9,Fair,None,202.0,83.1,0,1.96,2024-10-28
KH-01138,35,Female,Kampong Cham,Rice Farmer,Secondary,Middle,0,1,0,22.0,Good,None,156.0,85.4,0,1.7,2024-08-13
KH-01139,31,Female,Other Provinces,Garment Worker,Primary,Richest,0,0,1,24.7,Good,None,170.0,85.2,0,1.28,2024-06-01
KH-01140,34,Female,Other Provinces,Civil Servant,Primary,Poorest,0,0,1,17.8,Good,None,247.0,95.0,0,1.2,2024-10-06
KH-01141,36,Female,Kandal,Garment Worker,Secondary,Richer,0,0,0,26.0,Good,TB,243.0,76.1,1,1.88,2024-06-01
KH-01142,31,Female,Kandal,Rice Farmer,Primary,Middle,0,0,0,17.0,Fair,Hypertension,115.0,95.0,1,1.69,2024-09-08
KH-01143,31,Male,Other Provinces,Rice Farmer,Primary,Middle,0,0,1,18.5,Good,None,94.0,95.0,0,1.45,2024-02-12
KH-01144,27,Female,Siem Reap,Market Vendor,Primary,Middle,0,0,0,26.1,Good,Diabetes,198.0,86.0,0,1.43,2024-03-21
KH-01145,20,Male,Kandal,Moto/Tuk-tuk Driver,Secondary,Middle,0,1,0,23.2,Fair,Diabetes; TB,252.0,84.9,0,2.46,2024-05-08
KH-01146,26,Male,Phnom Penh,Rice Farmer,Primary,Richer,0,1,1,20.3,Good,TB,178.0,90.0,0,1.9,2024-12-30
KH-01147,45,Male,Other Provinces,Civil Servant,Primary,Poorer,1,0,1,20.7,Fair,None,305.0,83.4,0,1.78,2024-08-31
KH-01148,32,Female,Prey Veng,Rice Farmer,Secondary,Richer,0,0,0,22.8,Good,None,137.0,88.4,0,1.49,2024-11-19
KH-01149,42,Male,Other Provinces,Construction Worker,Secondary,Middle,1,0,1,28.7,Good,Hypertension; COPD/Asthma,210.0,65.4,0,2.66,2024-04-30
KH-01150,34,Male,Kandal,Rice Farmer,Secondary,Richest,0,0,0,30.7,Good,None,179.0,70.8,0,1.61,2024-04-30
KH-01151,33,Female,Battambang,Rice Farmer,Secondary,Richest,0,0,0,28.2,Good,None,92.0,76.1,0,1.51,2024-02-06
KH-01152,36,Female,Other Provinces,Rice Farmer,Primary,Poorest,0,0,0,19.6,Good,None,106.0,88.1,0,1.57,2024-01-18
KH-01153,29,Male,Phnom Penh,Market Vendor,Primary,Richer,0,1,0,22.9,Good,None,258.0,89.2,0,1.48,2024-11-26
KH-01154,33,Male,Prey Veng,Construction Worker,Secondary,Poorer,1,1,1,23.5,Good,None,227.0,78.3,0,2.19,2024-06-15
KH-01155,36,Female,Battambang,Market Vendor,Primary,Middle,0,0,0,21.0,Good,None,154.0,89.7,0,1.39,2024-02-06
KH-01156,35,Female,Prey Veng,Civil Servant,Secondary,Middle,0,0,1,24.4,Good,None,328.0,88.3,0,1.22,2024-04-20
KH-01157,35,Male,Other Provinces,Rice Farmer,Primary,Richest,0,1,1,21.9,Good,None,152.0,84.5,0,1.68,2024-06-23
KH-01158,43,Male,Other Provinces,Construction Worker,Primary,Poorer,0,0,0,23.4,Good,Arthritis,200.0,73.3,0,2.28,2024-01-26
KH-01159,29,Male,Siem Reap,Rice Farmer,Secondary,Middle,0,1,0,19.7,Good,None,202.0,93.7,0,1.66,2024-04-10
KH-01160,50,Female,Siem Reap,Market Vendor,Secondary,Richest,0,0,0,27.5,Good,Hypertension,173.0,68.9,0,1.89,2024-10-26
KH-01161,31,Male,Other Provinces,Rice Farmer,Primary,Poorest,0,1,0,21.6,Good,Diabetes; Hepatitis B,145.0,82.7,0,2.26,2024-08-09
KH-01162,25,Male,Prey Veng,Civil Servant,Primary,Poorer,0,1,0,27.9,Good,None,283.0,82.5,0,1.35,2024-11-09
KH-01163,52,Male,Other Provinces,Moto/Tuk-tuk Driver,Secondary,Richer,1,1,0,19.2,Good,Diabetes; Heart Disease,164.0,75.0,0,3.2,2024-04-15
KH-01164,33,Female,Kampong Cham,Market Vendor,Secondary,Richer,0,0,1,24.7,Good,Hepatitis B,111.0,85.3,0,1.57,2024-02-13
KH-01165,46,Female,Other Provinces,Rice Farmer,No education,Richest,0,0,0,25.7,Good,Diabetes,84.0,69.2,0,1.99,2024-07-25
KH-01166,34,Female,Other Provinces,Monk/Retired,Secondary,Poorest,0,0,0,26.0,Good,None,55.0,77.8,0,1.98,2024-04-17
KH-01167,44,Male,Other Provinces,Civil Servant,No education,Poorer,1,1,0,23.1,Fair,None,258.0,74.5,0,2.01,2024-08-19
KH-01168,28,Male,Siem Reap,Garment Worker,Primary,Middle,1,1,0,20.2,Good,None,284.0,90.6,0,1.83,2024-09-20
KH-01169,36,Female,Other Provinces,Garment Worker,Primary,Poorer,1,0,1,20.2,Good,None,117.0,88.1,0,1.66,2024-06-16
KH-01170,26,Male,Other Provinces,Monk/Retired,Higher,Poorest,1,0,0,16.0,Good,None,158.0,95.0,0,2.18,2024-10-22
KH-01171,36,Female,Other Provinces,Rice Farmer,Secondary,Middle,0,0,0,22.5,Good,None,146.0,85.8,0,1.57,2024-06-26
KH-01172,37,Male,Other Provinces,Civil Servant,No education,Poorer,0,1,0,23.2,Good,None,260.0,81.9,0,1.59,2024-01-30
KH-01173,31,Female,Siem Reap,Market Vendor,Secondary,Middle,0,0,1,17.7,Good,None,194.0,95.0,0,1.19,2024-07-05
KH-01174,36,Male,Kandal,Garment Worker,Secondary,Poorest,0,1,0,19.8,Fair,COPD/Asthma,244.0,88.1,0,1.93,2024-01-06
KH-01175,26,Female,Kampong Cham,Rice Farmer,Secondary,Richer,0,0,1,24.1,Good,None,55.0,91.4,0,1.27,2024-07-31
KH-01176,34,Female,Kandal,Market Vendor,Higher,Richer,0,1,1,19.6,Good,None,215.0,95.0,0,1.4,2024-07-21
KH-01177,34,Male,Phnom Penh,Market Vendor,Higher,Richer,1,1,1,23.2,Fair,None,297.0,87.5,0,1.76,2024-01-25
KH-01178,24,Male,Other Provinces,Construction Worker,Secondary,Poorest,0,1,0,24.5,Good,None,164.0,82.5,1,1.83,2024-11-20
KH-01179,59,Male,Other Provinces,Garment Worker,Primary,Richer,0,1,1,22.0,Good,None,239.0,71.5,0,2.07,2024-04-09
KH-01180,24,Female,Phnom Penh,Monk/Retired,Higher,Middle,0,0,0,20.7,Good,None,97.0,95.0,0,1.78,2024-07-28
KH-01181,29,Female,Kampong Cham,Garment Worker,Secondary,Richest,0,0,1,22.7,Fair,None,211.0,91.3,0,1.24,2024-08-26
KH-01182,25,Male,Phnom Penh,Construction Worker,Primary,Richer,1,0,1,25.0,Good,None,251.0,82.4,0,1.88,2024-05-17
KH-01183,27,Male,Battambang,Rice Farmer,Primary,Poorest,1,1,1,28.8,Good,Diabetes; Arthritis,104.0,73.8,0,2.24,2024-04-16
KH-01184,23,Male,Prey Veng,Construction Worker,Secondary,Poorest,1,1,1,20.4,Fair,None,214.0,89.3,0,1.99,2024-07-26
KH-01185,52,Female,Other Provinces,Rice Farmer,Primary,Middle,0,0,1,20.7,Fair,Diabetes,110.0,78.2,0,2.01,2024-10-28
KH-01186,28,Male,Kandal,Moto/Tuk-tuk Driver,Secondary,Poorest,1,0,1,18.8,Good,None,218.0,92.8,0,2.03,2024-12-15
KH-01187,30,Male,Other Provinces,Monk/Retired,No education,Poorer,0,1,1,16.0,Good,None,55.0,95.0,0,2.03,2024-09-23
KH-01188,57,Female,Prey Veng,Garment Worker,Secondary,Middle,0,0,0,26.2,Fair,Hypertension; Diabetes,155.0,66.0,0,2.34,2024-10-05
KH-01189,35,Male,Battambang,Civil Servant,Primary,Poorest,1,1,1,27.3,Fair,Hypertension,292.0,74.8,1,1.95,2024-03-15
KH-01190,40,Male,Other Provinces,Civil Servant,No education,Poorest,1,1,0,18.5,Good,Diabetes,232.0,85.4,0,2.15,2024-09-15
KH-01191,40,Female,Kampong Cham,Market Vendor,Secondary,Richest,0,0,1,25.4,Good,None,117.0,80.9,0,1.37,2024-09-15
KH-01192,45,Male,Kampong Cham,Monk/Retired,Primary,Poorer,0,1,1,29.1,Good,Hypertension; Diabetes,71.0,63.5,1,2.77,2024-08-09
KH-01193,42,Male,Kampong Cham,Rice Farmer,Secondary,Middle,0,1,0,25.8,Good,None,122.0,73.8,0,1.92,2024-05-20
KH-01194,39,Male,Other Provinces,Rice Farmer,Secondary,Poorest,0,1,0,16.0,Good,Heart Disease,114.0,92.5,0,2.08,2024-12-16
KH-01195,26,Male,Kandal,Construction Worker,Primary,Middle,1,1,1,16.9,Good,None,235.0,94.4,0,2.05,2024-06-14
KH-01196,32,Female,Other Provinces,Rice Farmer,No education,Richer,0,0,0,16.0,Good,None,103.0,95.0,0,1.49,2024-05-24
KH-01197,27,Male,Other Provinces,Monk/Retired,Secondary,Richer,0,1,1,27.7,Good,TB,61.0,75.7,0,2.37,2024-03-12
KH-01198,31,Male,Other Provinces,Market Vendor,Secondary,Middle,1,1,0,26.9,Good,None,118.0,79.0,0,1.8,2024-09-08
KH-01199,25,Male,Other Provinces,Construction Worker,Secondary,Poorer,1,0,1,18.6,Poor,COPD/Asthma,150.0,92.6,1,2.16,2024-08-20
KH-01200,44,Female,Phnom Penh,Monk/Retired,Higher,Richest,0,0,1,27.8,Poor,None,97.0,69.9,0,2.14,2024-11-14
KH-01201,31,Male,Prey Veng,Market Vendor,Secondary,Richest,0,0,0,23.0,Fair,TB,129.0,84.2,0,1.77,2024-10-30
KH-01202,35,Female,Phnom Penh,Market Vendor,Secondary,Richest,0,0,1,29.7,Good,COPD/Asthma; Hepatitis B,214.0,73.1,0,1.83,2024-10-17
KH-01203,29,Female,Other Provinces,Civil Servant,Secondary,Poorer,1,0,0,24.7,Fair,COPD/Asthma,283.0,86.4,0,1.7,2024-04-04
KH-01204,23,Male,Other Provinces,Rice Farmer,Higher,Poorer,1,1,1,20.2,Good,None,73.0,95.0,1,1.72,2024-11-16
KH-01205,30,Male,Other Provinces,Monk/Retired,Secondary,Richest,0,1,0,19.8,Good,None,104.0,90.5,0,2.13,2024-02-06
KH-01206,30,Female,Phnom Penh,Monk/Retired,Higher,Richest,0,1,1,18.9,Good,Hepatitis B,171.0,92.7,0,2.29,2024-01-04
KH-01207,42,Female,Kampong Cham,Garment Worker,Primary,Richer,0,0,1,21.1,Good,Diabetes; COPD/Asthma,177.0,86.3,0,1.94,2024-10-17
KH-01208,24,Female,Phnom Penh,Rice Farmer,Secondary,Middle,0,0,0,17.8,Good,None,188.0,95.0,1,1.33,2024-02-11
KH-01209,25,Male,Other Provinces,Construction Worker,Secondary,Middle,0,1,0,22.1,Poor,None,233.0,85.9,0,1.91,2024-07-01
KH-01210,36,Female,Other Provinces,Garment Worker,Higher,Middle,0,0,0,29.1,Good,COPD/Asthma; Hepatitis B,205.0,73.9,0,2.04,2024-02-06
KH-01211,29,Male,Prey Veng,Monk/Retired,Primary,Middle,0,0,0,18.6,Good,None,99.0,94.8,1,1.96,2024-09-16
KH-01212,29,Male,Other Provinces,Moto/Tuk-tuk Driver,Higher,Poorest,1,0,1,19.4,Poor,None,275.0,91.1,0,2.11,2024-02-13
KH-01213,34,Male,Other Provinces,Construction Worker,Secondary,Richest,1,1,1,23.9,Good,TB,230.0,71.6,1,2.61,2024-07-15
KH-01214,23,Male,Other Provinces,Moto/Tuk-tuk Driver,Higher,Middle,1,1,1,26.7,Poor,None,244.0,81.0,0,2.14,2024-04-15
KH-01215,25,Female,Kandal,Rice Farmer,Secondary,Poorest,0,1,1,23.8,Good,None,127.0,88.5,0,1.4,2024-06-24
KH-01216,43,Male,Other Provinces,Moto/Tuk-tuk Driver,Primary,Richer,0,1,0,23.8,Fair,None,165.0,72.7,0,2.3,2024-11-06
KH-01217,29,Female,Siem Reap,Market Vendor,Primary,Richest,0,0,1,24.6,Good,None,208.0,88.0,0,1.15,2024-01-14
KH-01218,28,Male,Other Provinces,Construction Worker,Secondary,Poorest,0,0,0,27.8,Good,None,216.0,75.7,0,1.76,2024-01-01
KH-01219,34,Male,Other Provinces,Civil Servant,Secondary,Middle,0,0,0,17.7,Good,TB; Hepatitis B,330.0,92.0,0,2.12,2024-11-11
KH-01220,35,Female,Other Provinces,Market Vendor,Secondary,Richer,0,0,1,16.0,Good,None,123.0,95.0,0,1.27,2024-07-10
KH-01221,38,Male,Kampong Cham,Civil Servant,Primary,Richest,0,1,1,25.1,Good,None,249.0,80.5,0,1.51,2024-12-12
KH-01222,26,Female,Other Provinces,Moto/Tuk-tuk Driver,Primary,Richest,0,1,1,26.8,Good,None,134.0,78.6,1,1.78,2024-05-10
KH-01223,36,Female,Kandal,Rice Farmer,Primary,Poorest,0,1,1,18.8,Good,Hypertension,55.0,89.1,0,1.84,2024-08-12
KH-01224,36,Male,Kampong Cham,Moto/Tuk-tuk Driver,Secondary,Richest,0,0,0,25.4,Good,None,144.0,76.8,0,2.01,2024-02-13
KH-01225,38,Female,Other Provinces,Garment Worker,Secondary,Richest,0,0,0,31.3,Fair,None,170.0,67.9,0,1.52,2024-06-20
KH-01226,42,Male,Siem Reap,Rice Farmer,Primary,Richest,0,0,1,26.3,Good,Diabetes,135.0,73.7,0,1.89,2024-08-31
KH-01227,40,Male,Other Provinces,Market Vendor,Secondary,Poorer,0,0,1,26.0,Good,None,133.0,80.0,1,1.45,2024-07-31
KH-01228,35,Female,Siem Reap,Rice Farmer,Secondary,Richer,0,0,1,25.1,Good,Heart Disease,166.0,83.7,0,1.67,2024-06-08
KH-01229,30,Male,Prey Veng,Civil Servant,Primary,Richer,1,1,1,21.8,Good,COPD/Asthma; TB,310.0,85.9,0,2.25,2024-09-06
KH-01230,33,Male,Phnom Penh,Rice Farmer,Primary,Richest,0,1,0,24.6,Good,None,156.0,79.3,0,1.74,2024-11-14
KH-01231,25,Male,Kandal,Moto/Tuk-tuk Driver,Primary,Poorest,0,0,0,17.8,Good,None,244.0,95.0,0,1.79,2024-03-15
KH-01232,25,Male,Phnom Penh,Rice Farmer,Secondary,Middle,0,1,1,24.8,Good,None,206.0,88.2,0,1.48,2024-07-28
KH-01233,29,Female,Other Provinces,Rice Farmer,Secondary,Poorer,0,0,1,22.0,Good,None,137.0,92.1,0,1.33,2024-03-26
KH-01234,36,Male,Other Provinces,Civil Servant,Secondary,Richer,0,0,1,16.0,Good,None,247.0,95.0,0,1.32,2024-07-30
KH-01235,31,Female,Kampong Cham,Rice Farmer,Secondary,Richest,0,0,0,22.6,Good,None,125.0,87.9,0,1.47,2024-05-13
KH-01236,40,Male,Other Provinces,Rice Farmer,Secondary,Richer,0,0,0,23.7,Good,Diabetes,64.0,81.5,0,1.95,2024-09-19
KH-01237,27,Male,Phnom Penh,Monk/Retired,No education,Richer,1,1,0,24.8,Fair,None,94.0,78.5,0,2.35,2024-12-22
KH-01238,34,Male,Other Provinces,Construction Worker,Secondary,Poorest,1,0,1,28.0,Good,None,179.0,70.4,1,2.06,2024-06-15
KH-01239,39,Female,Phnom Penh,Rice Farmer,Secondary,Richest,0,0,1,29.3,Fair,None,173.0,71.1,0,1.53,2024-01-30
KH-01240,39,Female,Kandal,Rice Farmer,Primary,Poorer,0,0,0,16.0,Good,TB,167.0,88.7,0,2.03,2024-01-04
KH-01241,21,Female,Kampong Cham,Civil Servant,Secondary,Poorer,0,1,1,19.1,Good,None,317.0,95.0,0,1.09,2024-09-26
KH-01242,24,Male,Other Provinces,Construction Worker,Primary,Poorest,0,1,1,20.6,Fair,Hepatitis B,211.0,86.2,0,2.07,2024-09-27
KH-01243,22,Female,Other Provinces,Monk/Retired,Secondary,Richer,0,0,0,18.9,Fair,None,126.0,95.0,0,1.74,2024-07-02
KH-01244,31,Female,Other Provinces,Rice Farmer,Secondary,Richer,0,0,0,25.1,Good,Hypertension,112.0,84.8,0,1.69,2024-09-01
KH-01245,41,Female,Other Provinces,Garment Worker,Primary,Poorest,0,0,1,22.2,Good,None,219.0,82.8,0,1.48,2024-08-02
KH-01246,33,Female,Battambang,Garment Worker,No education,Richer,0,1,1,18.8,Good,Hypertension; Hepatitis B,146.0,89.9,1,2.03,2024-02-23
KH-01247,32,Female,Battambang,Garment Worker,Secondary,Middle,0,0,0,25.2,Good,Hypertension; TB; Hepatitis B,155.0,76.7,0,2.36,2024-08-09
KH-01248,33,Female,Kampong Cham,Rice Farmer,No education,Poorest,0,0,0,24.0,Fair,None,109.0,79.8,0,1.51,2024-02-17
KH-01249,37,Female,Siem Reap,Rice Farmer,Primary,Poorest,0,1,1,21.3,Good,Hypertension; Hepatitis B,112.0,80.8,0,2.2,2024-10-19
KH-01250,38,Male,Other Provinces,Monk/Retired,Higher,Poorest,1,1,0,27.1,Poor,None,94.0,68.7,1,2.63,2024-05-02
KH-01251,27,Male,Other Provinces,Construction Worker,Secondary,Middle,0,1,1,23.2,Fair,None,178.0,85.5,0,1.79,2024-12-11
KH-01252,46,Male,Other Provinces,Construction Worker,Secondary,Poorest,1,1,0,19.4,Good,None,160.0,75.1,0,2.55,2024-02-28
KH-01253,33,Female,Phnom Penh,Rice Farmer,Secondary,Richest,0,0,1,24.9,Good,Hypertension,168.0,83.8,0,1.63,2024-07-08
KH-01254,37,Male,Siem Reap,Garment Worker,Primary,Richer,0,1,1,27.5,Good,COPD/Asthma,209.0,75.6,0,1.85,2024-10-23
KH-01255,31,Female,Kandal,Rice Farmer,Secondary,Poorest,0,0,0,17.2,Good,None,112.0,95.0,0,1.47,2024-05-22
KH-01256,47,Female,Other Provinces,Market Vendor,Secondary,Richest,0,0,0,21.5,Good,None,137.0,82.1,0,1.61,2024-12-29
KH-01257,23,Female,Phnom Penh,Rice Farmer,No education,Poorer,0,0,0,17.6,Good,TB,99.0,94.6,0,1.71,2024-10-15
KH-01258,61,Male,Kampong Cham,Market Vendor,Primary,Richest,1,1,0,24.1,Good,Hypertension,145.0,62.0,0,2.62,2024-12-11
KH-01259,38,Female,Other Provinces,Monk/Retired,Secondary,Poorer,0,0,1,26.7,Fair,Diabetes,89.0,75.6,0,2.18,2024-07-30
KH-01260,23,Female,Phnom Penh,Garment Worker,Secondary,Middle,1,0,1,22.7,Fair,COPD/Asthma,292.0,93.8,0,1.62,2024-05-05
KH-01261,26,Male,Phnom Penh,Monk/Retired,Secondary,Richest,1,1,1,18.3,Good,COPD/Asthma,104.0,94.9,0,2.45,2024-01-31
KH-01262,22,Female,Other Provinces,Garment Worker,Higher,Poorest,0,0,1,26.8,Good,Hypertension,258.0,90.3,1,1.32,2024-03-03
KH-01263,38,Female,Other Provinces,Rice Farmer,No education,Richer,0,0,1,19.4,Fair,None,118.0,88.7,0,1.51,2024-07-26
KH-01264,26,Female,Battambang,Garment Worker,Secondary,Richest,0,0,0,26.8,Good,None,143.0,84.6,0,1.28,2024-05-29
KH-01265,32,Male,Prey Veng,Moto/Tuk-tuk Driver,Secondary,Richest,0,1,1,22.2,Poor,None,168.0,82.9,1,2.04,2024-02-08
KH-01266,28,Female,Kampong Cham,Civil Servant,Secondary,Richest,0,0,1,25.2,Good,Heart Disease,356.0,90.4,0,1.3,2024-07-20
KH-01267,34,Male,Other Provinces,Market Vendor,Primary,Poorer,0,0,0,25.1,Good,None,165.0,82.6,0,1.43,2024-09-30
KH-01268,31,Male,Preah Sihanouk,Construction Worker,Secondary,Poorer,0,1,1,19.8,Fair,None,310.0,88.5,0,1.87,2024-02-25
KH-01269,20,Male,Kampong Cham,Garment Worker,Secondary,Richest,0,1,0,25.3,Good,None,213.0,89.3,0,1.39,2024-05-16
KH-01270,30,Female,Siem Reap,Market Vendor,No education,Richest,0,0,1,16.6,Good,None,193.0,95.0,1,1.17,2024-03-12
KH-01271,38,Female,Kampong Cham,Garment Worker,Secondary,Poorest,0,1,0,20.6,Good,Hepatitis B,149.0,82.8,1,2.01,2024-03-12
KH-01272,41,Male,Phnom Penh,Moto/Tuk-tuk Driver,Primary,Richer,0,1,0,23.1,Poor,Heart Disease,264.0,73.8,0,2.54,2024-05-31
KH-01273,27,Female,Siem Reap,Civil Servant,Higher,Richest,0,1,0,19.2,Good,None,604.0,95.0,0,1.31,2024-07-01
KH-01274,42,Female,Other Provinces,Garment Worker,No education,Richest,0,0,0,20.5,Fair,Diabetes; TB; Hepatitis B,122.0,74.3,0,2.56,2024-01-10
KH-01275,41,Male,Other Provinces,Rice Farmer,Secondary,Poorer,1,1,1,22.5,Good,None,97.0,78.8,0,2.08,2024-06-26
KH-01276,24,Male,Other Provinces,Moto/Tuk-tuk Driver,Primary,Middle,1,1,0,23.5,Fair,None,190.0,82.7,1,2.2,2024-05-20
KH-01277,46,Female,Other Provinces,Rice Farmer,Secondary,Poorer,0,0,1,16.0,Good,Hypertension,174.0,92.2,0,1.89,2024-12-04
KH-01278,26,Male,Phnom Penh,Monk/Retired,Secondary,Poorer,0,1,0,27.2,Good,None,161.0,79.5,0,2.05,2024-08-04
KH-01279,36,Female,Kandal,Market Vendor,Secondary,Richest,0,0,0,24.1,Good,None,132.0,84.4,1,1.39,2024-09-14
KH-01280,27,Female,Other Provinces,Market Vendor,Primary,Poorest,0,0,1,24.6,Good,Diabetes,118.0,88.8,0,1.33,2024-10-25
KH-01281,30,Male,Other Provinces,Construction Worker,Secondary,Poorer,0,1,0,20.6,Good,None,212.0,86.6,1,1.95,2024-06-09
KH-01282,35,Female,Siem Reap,Garment Worker,Secondary,Richest,0,0,1,22.7,Good,Heart Disease,238.0,87.9,1,1.58,2024-03-16
KH-01283,56,Male,Other Provinces,Market Vendor,Secondary,Poorer,0,1,0,21.2,Good,None,116.0,75.0,1,2.02,2024-12-22
KH-01284,23,Female,Other Provinces,Rice Farmer,No education,Middle,0,0,1,22.2,Fair,None,88.0,92.8,0,1.21,2024-04-09
KH-01285,26,Female,Other Provinces,Rice Farmer,Primary,Richer,0,1,0,27.3,Good,None,110.0,80.4,0,1.52,2024-01-09
KH-01286,31,Female,Siem Reap,Garment Worker,Primary,Poorest,0,0,0,29.7,Fair,Hypertension,245.0,73.3,0,1.6,2024-09-24
KH-01287,40,Female,Other Provinces,Garment Worker,Secondary,Poorest,0,0,0,20.9,Good,Diabetes,180.0,86.0,0,1.78,2024-02-13
KH-01288,30,Female,Other Provinces,Garment Worker,Secondary,Middle,0,0,1,19.3,Fair,None,220.0,95.0,0,1.26,2024-06-19
KH-01289,26,Male,Battambang,Construction Worker,Secondary,Middle,0,1,0,26.3,Good,None,207.0,79.4,0,1.87,2024-02-03
KH-01290,38,Male,Other Provinces,Construction Worker,No education,Richer,0,1,0,25.1,Good,None,164.0,71.2,0,2.11,2024-04-02
KH-01291,39,Female,Other Provinces,Garment Worker,Secondary,Middle,0,0,0,26.2,Good,None,190.0,78.3,0,1.54,2024-07-23
KH-01292,58,Female,Battambang,Monk/Retired,Secondary,Poorer,0,0,0,30.3,Fair,None,55.0,54.3,0,2.46,2024-03-24
KH-01293,38,Female,Phnom Penh,Garment Worker,Higher,Richer,0,1,1,16.0,Fair,None,337.0,95.0,0,1.57,2024-06-13
KH-01294,32,Female,Other Provinces,Rice Farmer,Primary,Middle,0,0,1,27.4,Good,None,141.0,79.2,0,1.39,2024-03-29
KH-01295,37,Male,Kampong Cham,Moto/Tuk-tuk Driver,Secondary,Middle,0,1,0,24.4,Fair,Diabetes,178.0,76.5,0,2.4,2024-07-01
KH-01296,33,Male,Other Provinces,Moto/Tuk-tuk Driver,Primary,Middle,1,0,1,20.1,Good,None,157.0,87.1,0,2.13,2024-04-17
KH-01297,28,Female,Phnom Penh,Garment Worker,Higher,Middle,0,0,0,26.6,Good,Diabetes,332.0,86.8,0,1.54,2024-02-07
KH-01298,29,Male,Other Provinces,Moto/Tuk-tuk Driver,No education,Middle,0,1,1,25.3,Good,None,105.0,79.0,0,1.92,2024-02-03
KH-01299,22,Male,Other Provinces,Monk/Retired,Secondary,Richer,0,1,0,17.8,Good,None,102.0,95.0,0,1.97,2024-06-06
KH-01300,30,Male,Prey Veng,Market Vendor,Secondary,Richest,1,0,0,28.9,Fair,COPD/Asthma,144.0,76.4,0,1.85,2024-06-01
KH-01301,26,Male,Other Provinces,Construction Worker,Primary,Poorest,0,1,1,20.3,Fair,None,207.0,88.5,0,1.77,2024-05-06
KH-01302,45,Male,Other Provinces,Civil Servant,Secondary,Poorest,0,1,1,23.2,Fair,Hypertension; Arthritis,293.0,80.0,0,2.09,2024-12-13
KH-01303,35,Male,Phnom Penh,Rice Farmer,Secondary,Richest,0,1,0,26.9,Good,Hypertension; Diabetes,206.0,75.2,0,2.22,2024-09-24
KH-01304,32,Female,Phnom Penh,Rice Farmer,No education,Poorest,0,1,0,23.8,Good,None,112.0,79.3,1,1.64,2024-07-20
KH-01305,40,Male,Phnom Penh,Rice Farmer,Primary,Middle,0,0,0,23.6,Fair,None,150.0,79.1,0,1.73,2024-11-10
KH-01306,32,Male,Other Provinces,Civil Servant,Secondary,Richest,0,1,0,22.7,Good,None,309.0,88.9,0,1.49,2024-10-09
KH-01307,38,Male,Phnom Penh,Market Vendor,Secondary,Richest,0,0,1,22.6,Good,Hepatitis B,193.0,84.4,1,1.75,2024-09-02
KH-01308,38,Male,Kampong Cham,Civil Servant,Primary,Poorer,0,0,0,23.4,Good,None,259.0,84.4,0,1.46,2024-11-21
KH-01309,26,Male,Other Provinces,Construction Worker,Secondary,Richer,0,1,1,22.3,Fair,None,234.0,88.4,1,1.77,2024-09-15
KH-01310,21,Male,Preah Sihanouk,Rice Farmer,No education,Richer,1,1,1,17.6,Good,COPD/Asthma,55.0,95.0,1,1.9,2024-03-05
KH-01311,29,Female,Prey Veng,Monk/Retired,Primary,Poorest,0,0,1,19.5,Good,None,79.0,93.1,0,1.78,2024-01-25
KH-01312,26,Male,Other Provinces,Monk/Retired,Secondary,Richest,0,1,1,22.9,Good,None,103.0,88.8,0,1.95,2024-12-26
KH-01313,36,Male,Other Provinces,Moto/Tuk-tuk Driver,Secondary,Poorest,0,1,0,16.0,Fair,None,220.0,91.3,1,2.16,2024-08-28
KH-01314,32,Male,Other Provinces,Rice Farmer,Primary,Richer,0,1,1,27.9,Fair,None,109.0,76.3,0,1.62,2024-12-09
KH-01315,30,Female,Other Provinces,Civil Servant,No education,Poorer,0,0,1,18.3,Good,None,290.0,95.0,0,1.12,2024-03-31
KH-01316,65,Male,Kampong Cham,Rice Farmer,Primary,Richest,1,1,1,26.2,Good,COPD/Asthma,112.0,54.4,0,2.78,2024-08-01
KH-01317,36,Male,Other Provinces,Construction Worker,Primary,Poorest,0,0,0,28.9,Fair,None,128.0,66.4,0,1.92,2024-05-09
KH-01318,27,Female,Phnom Penh,Rice Farmer,Secondary,Middle,1,0,0,24.5,Good,None,216.0,85.5,0,1.67,2024-04-14
KH-01319,37,Female,Other Provinces,Garment Worker,Higher,Poorest,0,0,0,27.1,Good,COPD/Asthma,245.0,78.4,0,1.72,2024-06-13
KH-01320,56,Female,Phnom Penh,Monk/Retired,Primary,Richer,0,0,0,19.3,Poor,Hypertension,142.0,74.4,0,2.7,2024-02-26
KH-01321,32,Male,Battambang,Rice Farmer,Primary,Poorest,0,1,1,23.6,Good,TB,129.0,77.8,0,2.02,2024-12-18
KH-01322,40,Male,Prey Veng,Moto/Tuk-tuk Driver,Secondary,Richest,0,1,0,25.6,Fair,Hypertension,200.0,71.3,0,2.46,2024-03-30
KH-01323,37,Male,Other Provinces,Rice Farmer,Secondary,Middle,0,0,0,19.7,Good,None,141.0,90.4,1,1.67,2024-10-18
KH-01324,43,Male,Phnom Penh,Market Vendor,Primary,Poorer,0,1,0,27.7,Good,None,252.0,69.8,0,1.76,2024-02-27
KH-01325,32,Male,Kandal,Rice Farmer,Primary,Poorer,0,1,1,23.2,Good,Hypertension,77.0,84.3,0,1.84,2024-05-24
KH-01326,35,Male,Other Provinces,Civil Servant,Secondary,Richest,0,1,1,28.8,Good,None,339.0,77.1,0,1.45,2024-02-11
KH-01327,37,Male,Kampong Cham,Market Vendor,Secondary,Richest,1,1,0,24.7,Fair,COPD/Asthma,156.0,77.6,0,2.14,2024-10-01
KH-01328,34,Male,Prey Veng,Market Vendor,Secondary,Poorer,1,1,0,20.5,Good,None,130.0,88.2,0,1.86,2024-05-03
KH-01329,27,Female,Siem Reap,Market Vendor,Primary,Middle,0,0,1,16.0,Good,None,173.0,95.0,1,1.11,2024-08-30
KH-01330,30,Female,Kampong Cham,Garment Worker,Secondary,Richer,0,0,1,23.8,Good,None,186.0,90.7,0,1.26,2024-12-03
KH-01331,26,Male,Prey Veng,Market Vendor,Secondary,Richest,1,1,0,23.3,Good,Arthritis,127.0,87.9,0,1.92,2024-01-02
KH-01332,36,Female,Kampong Cham,Garment Worker,Secondary,Poorer,0,0,0,23.1,Good,Hypertension,204.0,85.2,0,1.7,2024-09-14
KH-01333,35,Male,Other Provinces,Rice Farmer,Secondary,Poorest,0,1,1,22.5,Good,None,143.0,84.4,0,1.68,2024-07-12
KH-01334,39,Female,Other Provinces,Garment Worker,Secondary,Poorer,0,0,0,21.7,Good,None,192.0,85.9,1,1.54,2024-07-26
KH-01335,33,Male,Other Provinces,Moto/Tuk-tuk Driver,Secondary,Poorest,0,1,0,24.2,Fair,None,146.0,78.0,0,2.1,2024-08-22
KH-01336,21,Female,Other Provinces,Construction Worker,Primary,Middle,0,0,0,26.9,Good,Diabetes,165.0,82.0,1,1.76,2024-04-17
KH-01337,36,Male,Other Provinces,Rice Farmer,Secondary,Poorer,1,1,1,20.7,Good,None,74.0,85.4,0,1.98,2024-12-02
KH-01338,42,Female,Other Provinces,Garment Worker,Higher,Middle,0,0,1,20.7,Good,None,204.0,90.2,0,1.5,2024-04-30
KH-01339,29,Male,Siem Reap,Moto/Tuk-tuk Driver,Primary,Poorer,0,1,0,23.5,Good,Hypertension,217.0,81.6,0,2.24,2024-05-09
KH-01340,32,Male,Siem Reap,Moto/Tuk-tuk Driver,Primary,Middle,0,1,1,23.0,Fair,None,212.0,82.4,0,1.98,2024-11-19
KH-01341,34,Female,Kandal,Garment Worker,No education,Poorer,0,0,0,23.4,Good,None,164.0,82.9,0,1.44,2024-12-28
KH-01342,53,Female,Other Provinces,Civil Servant,Secondary,Poorest,0,0,0,25.9,Good,TB,300.0,65.7,0,2.08,2024-03-18
KH-01343,32,Male,Prey Veng,Moto/Tuk-tuk Driver,Primary,Middle,0,1,1,19.6,Good,None,180.0,89.2,0,1.98,2024-03-28
KH-01344,23,Female,Siem Reap,Garment Worker,Secondary,Poorer,0,1,1,28.0,Fair,None,255.0,83.6,1,1.27,2024-02-16
KH-01345,47,Female,Battambang,Garment Worker,Primary,Poorest,0,0,0,25.0,Good,Hypertension; Arthritis,195.0,72.2,0,2.14,2024-05-14
KH-01346,24,Male,Other Provinces,Rice Farmer,Secondary,Richer,0,0,1,26.9,Good,None,101.0,87.5,0,1.31,2024-03-10
KH-01347,31,Male,Other Provinces,Rice Farmer,Primary,Poorer,0,1,0,21.6,Good,Hepatitis B,98.0,83.5,0,2.04,2024-01-24
KH-01348,41,Male,Other Provinces,Rice Farmer,Primary,Richer,0,1,0,20.6,Fair,None,74.0,82.6,0,1.9,2024-07-26
KH-01349,22,Male,Other Provinces,Market Vendor,Primary,Poorer,0,1,1,21.5,Good,None,87.0,95.0,0,1.24,2024-08-10
KH-01350,32,Male,Battambang,Civil Servant,Higher,Middle,0,1,1,16.0,Good,None,396.0,95.0,0,1.39,2024-08-20
KH-01351,51,Male,Other Provinces,Monk/Retired,Primary,Richest,1,0,0,26.3,Good,None,55.0,62.5,0,2.68,2024-07-07
KH-01352,32,Male,Siem Reap,Construction Worker,Primary,Richest,0,1,1,18.9,Fair,None,224.0,87.7,0,1.89,2024-12-08
KH-01353,24,Male,Kandal,Civil Servant,Primary,Poorer,1,1,0,18.3,Good,None,364.0,95.0,0,1.61,2024-07-01
KH-01354,44,Male,Other Provinces,Moto/Tuk-tuk Driver,Secondary,Richest,0,1,0,22.3,Good,None,160.0,75.3,0,2.32,2024-09-20
KH-01355,41,Female,Other Provinces,Garment Worker,Secondary,Richer,0,0,0,21.3,Good,Hypertension,201.0,86.6,0,1.8,2024-08-21
KH-01356,26,Female,Other Provinces,Rice Farmer,Secondary,Poorest,0,0,0,28.3,Fair,None,136.0,79.5,0,1.37,2024-04-20
KH-01357,27,Male,Kandal,Civil Servant,Secondary,Richer,0,0,1,21.3,Good,None,428.0,95.0,0,1.14,2024-06-28
KH-01358,36,Female,Prey Veng,Garment Worker,Secondary,Middle,0,0,0,21.9,Good,None,177.0,88.3,0,1.48,2024-02-20
KH-01359,37,Female,Prey Veng,Market Vendor,Secondary,Poorer,0,0,1,26.1,Good,None,84.0,81.8,0,1.31,2024-03-22
KH-01360,30,Male,Other Provinces,Rice Farmer,Secondary,Richer,0,0,0,21.0,Fair,None,90.0,92.6,1,1.53,2024-01-22
KH-01361,22,Female,Siem Reap,Rice Farmer,Primary,Poorer,0,0,1,20.4,Good,None,192.0,95.0,0,1.19,2024-08-19
KH-01362,29,Male,Siem Reap,Market Vendor,Higher,Middle,0,1,1,25.8,Good,None,226.0,88.4,0,1.38,2024-07-14
KH-01363,31,Male,Other Provinces,Construction Worker,No education,Poorest,0,1,0,26.5,Good,Hepatitis B,134.0,68.1,0,2.31,2024-02-19
KH-01364,25,Male,Prey Veng,Moto/Tuk-tuk Driver,Higher,Poorer,0,1,1,17.4,Fair,None,259.0,95.0,0,1.84,2024-02-06
KH-01365,32,Female,Other Provinces,Market Vendor,Primary,Poorer,0,0,0,24.3,Good,Arthritis,158.0,85.4,0,1.53,2024-10-06
KH-01366,42,Male,Battambang,Rice Farmer,Primary,Richer,0,0,0,29.5,Fair,None,106.0,67.3,0,1.77,2024-04-06
KH-01367,46,Male,Battambang,Market Vendor,No education,Poorer,0,1,0,25.6,Good,COPD/Asthma,155.0,70.2,0,2.04,2024-06-05
KH-01368,25,Female,Kandal,Garment Worker,Higher,Richest,0,0,0,16.0,Good,None,237.0,95.0,0,1.26,2024-04-24
KH-01369,29,Male,Kandal,Moto/Tuk-tuk Driver,Primary,Poorest,1,1,0,17.5,Good,COPD/Asthma,241.0,89.5,0,2.52,2024-03-21
KH-01370,29,Female,Siem Reap,Moto/Tuk-tuk Driver,Higher,Middle,0,0,0,29.4,Fair,None,236.0,76.5,0,1.79,2024-08-18
KH-01371,40,Male,Kampong Cham,Rice Farmer,Secondary,Middle,0,1,1,21.5,Fair,None,123.0,84.1,1,1.78,2024-06-18
KH-01372,27,Male,Phnom Penh,Construction Worker,Primary,Poorer,0,0,0,23.3,Fair,TB,276.0,78.5,1,2.14,2024-04-27
KH-01373,35,Male,Kandal,Civil Servant,Secondary,Poorest,0,0,1,18.5,Fair,None,380.0,95.0,0,1.3,2024-03-14
KH-01374,29,Male,Phnom Penh,Garment Worker,Secondary,Poorest,1,1,1,18.3,Fair,None,278.0,94.5,0,1.75,2024-04-15
KH-01375,24,Female,Other Provinces,Market Vendor,Primary,Richer,0,0,0,27.3,Good,None,117.0,86.3,0,1.15,2024-06-19
KH-01376,37,Female,Battambang,Garment Worker,Secondary,Richest,1,0,1,24.0,Fair,Hepatitis B,204.0,78.1,0,2.02,2024-11-25
KH-01377,28,Male,Other Provinces,Moto/Tuk-tuk Driver,Secondary,Richest,0,1,0,21.3,Good,None,182.0,87.7,0,2.0,2024-08-10
KH-01378,36,Male,Siem Reap,Garment Worker,Secondary,Richer,0,1,1,22.2,Good,None,218.0,87.7,0,1.61,2024-10-31
KH-01379,44,Male,Prey Veng,Moto/Tuk-tuk Driver,No education,Poorest,1,1,1,25.0,Fair,Diabetes,194.0,65.2,0,2.72,2024-06-20
KH-01380,42,Female,Battambang,Market Vendor,Secondary,Richest,0,0,0,24.7,Good,Hepatitis B,101.0,76.4,0,1.85,2024-09-29
KH-01381,40,Male,Other Provinces,Construction Worker,No education,Middle,1,1,0,21.6,Good,None,203.0,73.4,0,2.43,2024-04-07
KH-01382,29,Male,Other Provinces,Market Vendor,Primary,Poorest,0,0,0,20.7,Fair,COPD/Asthma,123.0,92.8,1,1.55,2024-11-29
KH-01383,22,Female,Other Provinces,Rice Farmer,Primary,Poorer,0,0,1,23.8,Good,None,120.0,91.7,0,1.19,2024-03-29
KH-01384,32,Male,Other Provinces,Garment Worker,Secondary,Poorer,0,1,0,24.9,Good,COPD/Asthma,171.0,82.5,0,1.85,2024-06-17
KH-01385,45,Male,Siem Reap,Construction Worker,Secondary,Poorest,1,1,0,29.6,Good,Hypertension,330.0,56.7,0,2.75,2024-09-13
KH-01386,34,Female,Kampong Cham,Rice Farmer,Higher,Middle,0,0,0,24.7,Good,None,81.0,85.1,0,1.53,2024-09-28
KH-01387,34,Male,Other Provinces,Rice Farmer,Secondary,Richer,0,0,0,20.9,Good,None,112.0,90.7,0,1.61,2024-09-20
KH-01388,25,Male,Other Provinces,Rice Farmer,Primary,Richest,0,0,0,22.8,Good,Hepatitis B,78.0,86.9,1,1.77,2024-12-09
KH-01389,37,Female,Other Provinces,Rice Farmer,No education,Poorest,0,0,0,22.3,Good,None,111.0,80.9,0,1.59,2024-06-12
KH-01390,36,Male,Other Provinces,Monk/Retired,Primary,Richest,0,1,0,27.3,Good,None,55.0,71.0,0,2.25,2024-07-31
KH-01391,34,Female,Other Provinces,Rice Farmer,Secondary,Richest,0,0,0,23.7,Fair,None,87.0,83.4,0,1.53,2024-08-04
KH-01392,37,Female,Battambang,Market Vendor,Primary,Poorer,0,0,0,24.8,Good,None,113.0,81.2,0,1.41,2024-11-17
KH-01393,27,Female,Phnom Penh,Moto/Tuk-tuk Driver,Primary,Middle,0,0,1,28.7,Good,TB,283.0,72.5,0,2.05,2024-09-17
KH-01394,26,Female,Phnom Penh,Rice Farmer,Secondary,Richest,0,0,1,21.3,Good,None,164.0,95.0,0,1.27,2024-12-22
KH-01395,39,Male,Other Provinces,Rice Farmer,Primary,Poorest,0,1,0,20.2,Good,None,55.0,83.1,0,1.86,2024-09-13
KH-01396,43,Female,Siem Reap,Garment Worker,Secondary,Middle,0,0,1,17.4,Good,None,251.0,93.6,0,1.52,2024-07-09
KH-01397,29,Male,Other Provinces,Market Vendor,No education,Poorest,0,1,1,21.9,Good,Diabetes; TB,80.0,84.0,0,2.0,2024-02-13
KH-01398,36,Female,Other Provinces,Garment Worker,Primary,Poorest,0,0,1,16.9,Good,None,149.0,95.0,0,1.38,2024-01-14
KH-01399,42,Female,Kandal,Garment Worker,No education,Poorest,0,1,0,23.3,Good,None,176.0,75.0,0,1.75,2024-04-15
KH-01400,35,Female,Phnom Penh,Garment Worker,Secondary,Richer,0,0,0,30.5,Fair,None,295.0,72.9,0,1.46,2024-03-28
KH-01401,26,Female,Phnom Penh,Market Vendor,Secondary,Richest,0,0,0,19.4,Fair,None,267.0,95.0,0,1.19,2024-07-14
KH-01402,44,Male,Other Provinces,Garment Worker,Primary,Richer,0,1,0,24.0,Good,None,178.0,76.1,0,1.87,2024-12-18
KH-01403,31,Male,Kandal,Moto/Tuk-tuk Driver,Primary,Poorest,0,0,0,22.9,Good,Hypertension; Hepatitis B,159.0,79.6,0,2.47,2024-10-16
KH-01404,49,Male,Phnom Penh,Moto/Tuk-tuk Driver,Higher,Poorest,1,1,0,23.4,Good,Hypertension; Heart Disease; Arthritis; TB,320.0,64.1,0,3.76,2024-11-02
KH-01405,28,Male,Other Provinces,Construction Worker,No education,Richer,0,1,1,17.0,Good,None,134.0,94.3,0,1.81,2024-09-28
KH-01406,31,Male,Phnom Penh,Moto/Tuk-tuk Driver,Primary,Poorer,0,1,0,21.1,Good,None,259.0,84.8,0,2.06,2024-04-09
KH-01407,24,Male,Phnom Penh,Moto/Tuk-tuk Driver,Primary,Richer,1,0,1,25.4,Fair,None,304.0,83.1,0,1.95,2024-02-25
KH-01408,45,Male,Kampong Cham,Construction Worker,Primary,Poorer,0,1,1,24.0,Fair,None,200.0,69.9,0,2.15,2024-11-10
KH-01409,29,Male,Kandal,Civil Servant,Higher,Middle,0,1,0,24.4,Good,None,443.0,90.9,0,1.43,2024-01-14
KH-01410,21,Male,Prey Veng,Civil Servant,Primary,Richest,1,1,0,21.2,Fair,None,298.0,94.4,0,1.55,2024-09-30
KH-01411,37,Female,Siem Reap,Garment Worker,Primary,Middle,0,0,1,18.1,Poor,Hepatitis B,242.0,89.6,0,1.8,2024-02-18
KH-01412,30,Female,Kampong Cham,Rice Farmer,Secondary,Richest,0,1,1,21.0,Good,None,150.0,91.0,0,1.5,2024-04-03
KH-01413,35,Male,Other Provinces,Garment Worker,No education,Poorest,1,0,0,21.9,Good,Hepatitis B,130.0,78.7,0,2.16,2024-01-18
KH-01414,27,Female,Other Provinces,Market Vendor,No education,Richest,0,0,0,23.7,Poor,None,108.0,85.9,1,1.27,2024-04-10
KH-01415,26,Male,Kampong Cham,Market Vendor,Secondary,Richer,0,0,0,23.5,Good,TB,159.0,88.6,0,1.67,2024-11-22
KH-01416,27,Female,Preah Sihanouk,Monk/Retired,Secondary,Poorer,0,0,1,18.2,Good,None,117.0,95.0,1,1.74,2024-09-11
KH-01417,40,Female,Siem Reap,Rice Farmer,Secondary,Richest,0,0,0,22.5,Good,None,142.0,82.2,0,1.65,2024-06-09
KH-01418,34,Female,Other Provinces,Rice Farmer,Secondary,Richer,0,0,0,18.7,Fair,None,123.0,94.3,0,1.53,2024-11-22
KH-01419,37,Male,Phnom Penh,Rice Farmer,Secondary,Middle,1,1,1,27.4,Fair,Diabetes,156.0,72.5,0,2.22,2024-11-16
KH-01420,44,Female,Phnom Penh,Garment Worker,Secondary,Richest,0,1,0,20.9,Good,Hepatitis B,309.0,78.9,0,2.13,2024-07-02
KH-01421,27,Male,Phnom Penh,Monk/Retired,Higher,Richer,1,1,0,18.3,Good,Heart Disease,126.0,95.0,0,2.57,2024-07-01
KH-01422,21,Female,Phnom Penh,Rice Farmer,Primary,Richest,0,0,0,24.2,Poor,Hypertension,197.0,87.9,1,1.55,2024-08-07
KH-01423,37,Female,Other Provinces,Rice Farmer,Secondary,Poorest,0,0,1,16.1,Good,None,109.0,95.0,0,1.49,2024-10-27
KH-01424,27,Male,Phnom Penh,Monk/Retired,Primary,Richest,1,1,1,26.3,Fair,Diabetes,100.0,77.2,0,2.47,2024-03-26
KH-01425,36,Male,Phnom Penh,Market Vendor,Secondary,Middle,0,1,1,23.2,Fair,None,218.0,86.1,0,1.52,2024-07-08
KH-01426,42,Male,Kandal,Moto/Tuk-tuk Driver,Primary,Middle,1,1,1,25.9,Fair,None,183.0,67.9,0,2.46,2024-03-30
KH-01427,45,Female,Other Provinces,Garment Worker,Primary,Richer,0,0,1,25.6,Good,None,172.0,75.9,0,1.56,2024-05-26
KH-01428,32,Male,Kandal,Market Vendor,Primary,Poorer,1,0,0,16.0,Good,None,157.0,95.0,0,1.67,2024-01-08
KH-01429,31,Male,Prey Veng,Construction Worker,Secondary,Richest,1,1,0,27.2,Fair,None,234.0,70.4,0,2.25,2024-02-06
KH-01430,21,Male,Other Provinces,Civil Servant,Primary,Richer,1,1,0,22.3,Poor,None,277.0,92.4,0,1.61,2024-01-29
KH-01431,24,Female,Prey Veng,Civil Servant,Secondary,Richer,0,0,0,25.0,Good,None,304.0,93.4,0,1.1,2024-04-10
KH-01432,43,Female,Other Provinces,Monk/Retired,No education,Richer,0,0,0,25.6,Good,None,75.0,71.6,0,2.16,2024-06-28
KH-01433,28,Female,Battambang,Market Vendor,Secondary,Middle,0,0,1,22.6,Good,TB,172.0,90.0,0,1.53,2024-05-15
KH-01434,33,Male,Siem Reap,Construction Worker,Secondary,Richer,0,0,0,17.2,Good,Hypertension; TB; Hepatitis B,286.0,86.3,1,2.82,2024-05-31
KH-01435,22,Female,Other Provinces,Market Vendor,Secondary,Poorest,0,0,1,20.4,Good,None,130.0,95.0,0,1.01,2024-08-03
KH-01436,24,Male,Other Provinces,Moto/Tuk-tuk Driver,Secondary,Middle,0,0,1,18.6,Good,None,193.0,95.0,0,1.67,2024-09-30
KH-01437,33,Male,Kampong Cham,Monk/Retired,Primary,Richest,0,1,0,21.8,Good,Hepatitis B,55.0,80.2,0,2.53,2024-06-14
KH-01438,30,Female,Phnom Penh,Rice Farmer,Higher,Poorest,0,0,0,22.5,Good,None,230.0,90.3,0,1.45,2024-09-06
KH-01439,31,Female,Other Provinces,Monk/Retired,Secondary,Richer,0,0,0,18.3,Good,None,102.0,95.0,0,1.92,2024-12-03
KH-01440,28,Female,Phnom Penh,Market Vendor,Primary,Richest,0,0,1,19.2,Good,None,223.0,95.0,0,1.13,2024-02-06
KH-01441,33,Female,Other Provinces,Rice Farmer,Secondary,Poorer,0,0,1,20.1,Good,None,91.0,93.0,1,1.41,2024-11-12
KH-01442,23,Female,Other Provinces,Garment Worker,Primary,Poorest,0,0,0,23.5,Good,None,161.0,90.7,0,1.22,2024-02-29
KH-01443,26,Female,Phnom Penh,Moto/Tuk-tuk Driver,Secondary,Richer,0,0,0,24.9,Good,None,277.0,85.8,0,1.73,2024-08-27
KH-01444,48,Female,Other Provinces,Moto/Tuk-tuk Driver,Secondary,Poorer,0,0,1,22.0,Fair,Hypertension; Diabetes,164.0,76.5,0,2.51,2024-09-16
KH-01445,33,Female,Siem Reap,Monk/Retired,Primary,Poorest,0,0,0,22.5,Fair,Hypertension,106.0,82.9,0,2.18,2024-08-08
KH-01446,29,Male,Siem Reap,Moto/Tuk-tuk Driver,Secondary,Middle,0,1,1,22.9,Fair,None,258.0,86.1,1,1.92,2024-11-01
KH-01447,25,Male,Kandal,Rice Farmer,No education,Richest,0,0,0,26.2,Good,None,107.0,82.0,0,1.43,2024-01-28
KH-01448,26,Female,Siem Reap,Garment Worker,Primary,Poorer,0,0,1,19.5,Fair,None,224.0,95.0,0,1.18,2024-06-30
KH-01449,38,Female,Kampong Cham,Garment Worker,Secondary,Poorest,0,0,0,22.3,Good,None,209.0,84.6,0,1.52,2024-03-19
KH-01450,29,Female,Other Provinces,Civil Servant,Secondary,Poorest,0,0,1,23.2,Fair,None,287.0,92.5,0,1.1,2024-01-26
KH-01451,32,Male,Other Provinces,Market Vendor,Primary,Richest,1,0,1,24.6,Fair,Diabetes,122.0,83.0,1,1.79,2024-02-25
KH-01452,53,Female,Battambang,Garment Worker,Secondary,Poorer,0,0,0,22.6,Fair,None,237.0,74.6,0,1.82,2024-06-08
KH-01453,24,Male,Other Provinces,Garment Worker,Secondary,Middle,0,1,0,20.2,Good,Diabetes,139.0,95.0,0,1.69,2024-04-14
KH-01454,41,Female,Kandal,Garment Worker,Primary,Middle,0,0,0,24.0,Fair,COPD/Asthma,211.0,79.0,0,1.8,2024-07-03
KH-01455,45,Female,Other Provinces,Garment Worker,Secondary,Richer,0,0,1,21.9,Good,Hypertension,217.0,84.4,0,1.78,2024-12-06
KH-01456,24,Male,Kampong Cham,Rice Farmer,Primary,Middle,0,0,0,21.2,Fair,Hepatitis B,113.0,91.1,0,1.75,2024-10-25
KH-01457,30,Male,Other Provinces,Moto/Tuk-tuk Driver,Secondary,Richest,0,1,0,21.6,Fair,TB,126.0,80.3,0,2.44,2024-09-22
KH-01458,54,Female,Other Provinces,Monk/Retired,Primary,Poorest,0,0,0,21.7,Good,Diabetes; COPD/Asthma,110.0,71.1,0,2.82,2024-12-22
KH-01459,33,Female,Other Provinces,Garment Worker,Primary,Middle,0,0,0,17.5,Good,None,192.0,95.0,0,1.42,2024-08-22
KH-01460,38,Male,Other Provinces,Rice Farmer,Secondary,Poorest,0,1,0,26.3,Good,None,162.0,73.9,0,1.84,2024-01-28
KH-01461,31,Female,Preah Sihanouk,Garment Worker,Secondary,Richest,0,0,0,20.1,Good,Hypertension; Heart Disease,220.0,93.9,0,1.82,2024-03-14
KH-01462,37,Male,Phnom Penh,Rice Farmer,Secondary,Middle,0,0,1,20.2,Good,Diabetes; Hepatitis B,158.0,88.0,0,2.13,2024-07-30
KH-01463,29,Female,Siem Reap,Rice Farmer,Secondary,Poorest,0,0,0,23.2,Good,None,149.0,87.6,0,1.43,2024-09-20
KH-01464,22,Female,Phnom Penh,Garment Worker,Secondary,Richest,0,1,1,19.4,Good,Hepatitis B,247.0,95.0,0,1.59,2024-12-19
KH-01465,35,Male,Other Provinces,Construction Worker,Primary,Poorer,0,1,1,24.0,Poor,None,151.0,75.0,0,2.01,2024-08-28
KH-01466,32,Male,Other Provinces,Market Vendor,Secondary,Richer,0,0,0,26.4,Good,None,185.0,84.3,0,1.39,2024-10-31
KH-01467,30,Male,Kampong Cham,Rice Farmer,Primary,Poorest,0,0,1,19.0,Good,None,86.0,94.7,0,1.43,2024-02-28
KH-01468,51,Female,Battambang,Rice Farmer,Higher,Poorer,0,1,1,24.7,Good,None,121.0,72.7,0,1.92,2024-02-07
KH-01469,32,Female,Other Provinces,Rice Farmer,Primary,Poorest,0,0,0,23.2,Good,None,108.0,84.0,0,1.49,2024-01-22
KH-01470,30,Male,Kampong Cham,Garment Worker,Secondary,Richest,0,0,1,25.6,Good,Hepatitis B,170.0,82.7,0,1.68,2024-07-26
KH-01471,33,Female,Other Provinces,Monk/Retired,Secondary,Richer,0,0,0,22.6,Good,None,55.0,86.8,0,1.96,2024-04-16
KH-01472,31,Male,Phnom Penh,Moto/Tuk-tuk Driver,Primary,Richer,0,1,1,25.0,Good,None,279.0,80.3,0,1.96,2024-04-22
KH-01473,38,Female,Phnom Penh,Rice Farmer,Primary,Richest,0,0,0,30.0,Good,Diabetes,181.0,67.9,0,1.83,2024-08-25
KH-01474,30,Male,Preah Sihanouk,Moto/Tuk-tuk Driver,Higher,Poorer,0,1,0,22.5,Good,None,302.0,86.5,0,2.04,2024-07-22
KH-01475,29,Male,Phnom Penh,Moto/Tuk-tuk Driver,Secondary,Poorest,1,1,0,22.2,Good,None,255.0,82.3,0,2.3,2024-09-06
KH-01476,31,Female,Other Provinces,Rice Farmer,Primary,Richest,0,0,0,18.9,Good,None,75.0,93.2,1,1.47,2024-06-24
KH-01477,49,Female,Phnom Penh,Rice Farmer,Secondary,Middle,0,0,0,25.3,Fair,Hypertension; COPD/Asthma,208.0,71.6,0,2.27,2024-04-25
KH-01478,25,Male,Other Provinces,Rice Farmer,Secondary,Poorest,1,1,0,16.0,Good,None,55.0,95.0,1,1.86,2024-03-22
KH-01479,32,Female,Siem Reap,Garment Worker,Secondary,Middle,0,0,1,19.4,Good,Hypertension; COPD/Asthma,272.0,95.0,1,1.74,2024-10-23
KH-01480,48,Female,Prey Veng,Construction Worker,Primary,Poorer,0,0,0,27.7,Poor,COPD/Asthma,217.0,60.0,0,2.36,2024-08-03
KH-01481,50,Male,Other Provinces,Moto/Tuk-tuk Driver,Primary,Richer,1,1,0,16.0,Good,Arthritis; TB,219.0,75.7,0,3.34,2024-09-15
KH-01482,28,Female,Other Provinces,Rice Farmer,Higher,Richest,0,0,0,23.7,Good,None,127.0,89.9,0,1.41,2024-07-17
KH-01483,28,Female,Kandal,Garment Worker,Secondary,Middle,0,0,0,21.8,Good,Arthritis,204.0,93.7,0,1.54,2024-05-28
KH-01484,43,Female,Kandal,Market Vendor,Primary,Poorer,0,0,0,26.2,Good,COPD/Asthma; Hepatitis B,211.0,71.6,0,2.09,2024-03-18
KH-01485,29,Male,Battambang,Construction Worker,Primary,Richest,1,1,0,27.1,Good,None,161.0,70.8,0,2.21,2024-05-08
KH-01486,45,Female,Siem Reap,Monk/Retired,Secondary,Poorer,0,0,0,26.3,Good,Heart Disease; TB,95.0,65.8,0,2.82,2024-02-10
KH-01487,36,Female,Other Provinces,Garment Worker,Secondary,Poorest,0,0,0,21.3,Good,None,133.0,87.8,0,1.48,2024-05-04
KH-01488,30,Female,Kandal,Moto/Tuk-tuk Driver,Secondary,Poorest,0,0,0,22.3,Good,None,246.0,86.0,1,1.81,2024-02-07
KH-01489,32,Female,Other Provinces,Garment Worker,Secondary,Poorest,0,0,1,22.5,Good,TB,165.0,84.7,0,1.7,2024-07-21
KH-01490,50,Female,Prey Veng,Rice Farmer,Primary,Richest,0,0,1,16.0,Good,Arthritis,129.0,87.7,0,1.97,2024-12-12
KH-01491,30,Female,Battambang,Rice Farmer,Secondary,Poorer,0,0,1,20.2,Fair,None,58.0,94.3,0,1.35,2024-09-02
KH-01492,37,Female,Phnom Penh,Market Vendor,Secondary,Poorer,0,1,0,25.9,Good,None,185.0,78.7,0,1.56,2024-04-04
KH-01493,42,Male,Phnom Penh,Construction Worker,Secondary,Richest,0,1,1,23.8,Good,Hypertension; Hepatitis B,294.0,71.0,0,2.65,2024-10-11
KH-01494,47,Female,Other Provinces,Garment Worker,Secondary,Richest,0,0,0,24.6,Good,None,126.0,75.0,1,1.7,2024-12-26
KH-01495,53,Male,Siem Reap,Rice Farmer,Primary,Richest,0,1,0,26.5,Fair,Arthritis,148.0,62.2,0,2.36,2024-12-25
KH-01496,24,Male,Phnom Penh,Construction Worker,Secondary,Richer,1,1,0,18.8,Fair,None,329.0,92.2,1,2.11,2024-02-20
KH-01497,55,Female,Phnom Penh,Moto/Tuk-tuk Driver,Secondary,Poorer,0,0,1,20.9,Good,Arthritis,277.0,74.5,0,2.43,2024-10-14
KH-01498,35,Male,Preah Sihanouk,Civil Servant,Primary,Poorer,1,0,0,25.4,Good,None,340.0,80.1,0,1.68,2024-06-14
KH-01499,35,Female,Other Provinces,Rice Farmer,Higher,Poorer,0,0,0,22.1,Good,None,172.0,88.5,0,1.55,2024-02-07
KH-01500,39,Female,Other Provinces,Market Vendor,Secondary,Poorest,0,0,1,21.9,Fair,None,149.0,87.0,0,1.35,2024-11-09
KH-01501,40,Female,Other Provinces,Garment Worker,Primary,Poorer,0,0,1,26.9,Good,None,176.0,75.5,0,1.46,2024-06-15
KH-01502,23,Male,Other Provinces,Garment Worker,Secondary,Poorest,0,1,1,16.0,Good,None,155.0,95.0,0,1.35,2024-07-15
KH-01503,30,Female,Other Provinces,Garment Worker,Primary,Poorest,0,0,1,17.8,Good,None,142.0,95.0,1,1.26,2024-05-16
KH-01504,26,Male,Kandal,Moto/Tuk-tuk Driver,Secondary,Poorest,0,1,1,20.9,Good,None,258.0,90.7,1,1.86,2024-06-14
KH-01505,43,Female,Battambang,Garment Worker,Secondary,Poorest,0,0,0,20.3,Poor,COPD/Asthma,178.0,83.1,0,1.9,2024-10-29
KH-01506,31,Male,Other Provinces,Moto/Tuk-tuk Driver,Primary,Middle,0,0,0,27.7,Good,None,153.0,75.2,0,1.91,2024-03-03
KH-01507,24,Female,Other Provinces,Rice Farmer,Secondary,Poorer,0,0,1,23.0,Fair,None,93.0,93.0,1,1.23,2024-06-21
KH-01508,41,Female,Kampong Cham,Market Vendor,Secondary,Poorest,0,0,1,19.1,Good,None,153.0,91.5,0,1.39,2024-07-27
KH-01509,34,Male,Phnom Penh,Rice Farmer,Secondary,Richer,0,0,0,25.0,Fair,None,189.0,82.5,0,1.61,2024-10-31
KH-01510,43,Female,Other Provinces,Monk/Retired,Secondary,Richer,0,0,0,26.2,Good,None,77.0,73.6,0,2.16,2024-03-17
KH-01511,30,Male,Other Provinces,Moto/Tuk-tuk Driver,Secondary,Poorer,0,1,1,22.6,Good,None,200.0,85.7,0,1.94,2024-08-31
KH-01512,35,Male,Other Provinces,Garment Worker,Secondary,Richer,0,1,0,17.1,Good,None,226.0,95.0,0,1.69,2024-06-02
KH-01513,40,Female,Kandal,Market Vendor,Secondary,Richest,0,0,1,23.8,Good,None,232.0,83.9,0,1.37,2024-09-06
KH-01514,44,Female,Battambang,Civil Servant,Primary,Middle,0,0,1,27.8,Fair,None,320.0,74.0,0,1.4,2024-07-03
KH-01515,40,Female,Other Provinces,Monk/Retired,Primary,Richest,0,0,1,16.0,Good,TB,79.0,88.0,0,2.4,2024-08-02
KH-01516,36,Male,Battambang,Moto/Tuk-tuk Driver,Secondary,Poorest,0,1,0,22.1,Good,None,194.0,80.4,1,2.16,2024-11-26
KH-01517,34,Male,Other Provinces,Rice Farmer,Secondary,Richer,1,1,1,20.8,Good,Hepatitis B,113.0,84.8,0,2.28,2024-10-23
KH-01518,25,Male,Other Provinces,Moto/Tuk-tuk Driver,Secondary,Middle,0,1,1,24.9,Good,None,169.0,85.5,0,1.84,2024-10-15
KH-01519,38,Female,Prey Veng,Rice Farmer,Primary,Poorest,0,0,1,22.3,Good,None,90.0,83.3,0,1.51,2024-04-08
KH-01520,31,Female,Phnom Penh,Rice Farmer,Secondary,Richer,0,0,1,25.1,Good,None,164.0,86.3,1,1.37,2024-10-17
KH-01521,63,Female,Prey Veng,Construction Worker,No education,Poorest,1,0,0,24.1,Good,None,149.0,54.1,0,2.66,2024-08-18
KH-01522,40,Female,Phnom Penh,Monk/Retired,Primary,Poorest,0,0,1,25.3,Good,None,74.0,75.1,0,2.0,2024-06-18
KH-01523,42,Female,Battambang,Market Vendor,Secondary,Richer,0,0,1,24.8,Good,None,144.0,82.2,0,1.41,2024-07-11
KH-01524,33,Male,Other Provinces,Moto/Tuk-tuk Driver,No education,Richer,1,1,0,24.6,Fair,None,142.0,73.7,1,2.38,2024-03-26
KH-01525,31,Male,Kampong Cham,Construction Worker,Secondary,Poorest,0,0,0,22.7,Poor,None,196.0,81.3,0,1.88,2024-04-13
KH-01526,35,Female,Other Provinces,Market Vendor,Secondary,Richer,0,0,1,23.0,Good,None,155.0,90.2,0,1.27,2024-10-03
KH-01527,28,Female,Other Provinces,Monk/Retired,Secondary,Richer,0,0,1,22.1,Good,None,99.0,92.5,0,1.76,2024-08-28
KH-01528,38,Male,Other Provinces,Civil Servant,Primary,Richer,0,0,1,23.0,Good,Hepatitis B,280.0,85.0,0,1.7,2024-06-15
KH-01529,32,Female,Other Provinces,Moto/Tuk-tuk Driver,Primary,Middle,0,0,1,21.5,Good,None,181.0,87.7,0,1.75,2024-11-27
KH-01530,27,Female,Other Provinces,Moto/Tuk-tuk Driver,Secondary,Richer,0,0,0,24.8,Good,None,149.0,85.4,1,1.75,2024-02-28
KH-01531,26,Male,Kandal,Rice Farmer,Secondary,Richest,1,1,1,25.8,Fair,COPD/Asthma,120.0,81.7,0,2.0,2024-01-07
KH-01532,23,Male,Phnom Penh,Moto/Tuk-tuk Driver,Secondary,Middle,1,0,1,25.6,Good,Diabetes; Heart Disease,305.0,85.0,0,2.37,2024-06-17
KH-01533,26,Male,Phnom Penh,Construction Worker,Primary,Middle,1,1,1,20.3,Good,None,272.0,88.0,0,2.05,2024-06-19
KH-01534,30,Female,Siem Reap,Rice Farmer,No education,Richest,0,0,1,18.0,Good,None,97.0,95.0,1,1.35,2024-09-06
KH-01535,38,Female,Kampong Cham,Garment Worker,Secondary,Poorest,0,0,0,23.2,Good,None,165.0,83.0,0,1.52,2024-03-17
KH-01536,44,Female,Phnom Penh,Market Vendor,Secondary,Middle,0,0,0,24.2,Good,None,262.0,80.0,1,1.55,2024-11-28
KH-01537,39,Female,Other Provinces,Civil Servant,No education,Richest,0,0,0,25.6,Good,Heart Disease,283.0,77.8,0,1.62,2024-11-02
KH-01538,43,Female,Other Provinces,Market Vendor,Primary,Poorer,0,0,0,20.1,Poor,None,120.0,84.0,0,1.59,2024-03-20
KH-01539,34,Male,Kampong Cham,Moto/Tuk-tuk Driver,Secondary,Richer,0,1,1,24.3,Good,Heart Disease,175.0,81.2,0,2.24,2024-09-22
KH-01540,34,Female,Battambang,Garment Worker,Primary,Poorer,0,0,0,26.7,Good,None,133.0,78.3,0,1.44,2024-09-03
KH-01541,50,Male,Siem Reap,Construction Worker,Higher,Richest,1,0,1,18.5,Good,None,341.0,80.3,0,2.38,2024-11-23
KH-01542,22,Male,Other Provinces,Civil Servant,Secondary,Richer,1,1,0,20.5,Good,None,328.0,95.0,0,1.57,2024-02-10
KH-01543,25,Male,Kandal,Garment Worker,Primary,Poorest,0,1,1,20.2,Poor,None,244.0,93.0,0,1.45,2024-01-27
KH-01544,25,Male,Other Provinces,Rice Farmer,Primary,Richer,1,1,1,25.3,Good,Heart Disease,83.0,83.8,0,1.98,2024-04-10
KH-01545,43,Female,Battambang,Rice Farmer,Primary,Richest,0,0,1,27.8,Good,Diabetes; COPD/Asthma; TB,94.0,65.3,0,2.45,2024-07-13
KH-01546,58,Female,Other Provinces,Rice Farmer,Secondary,Richer,0,0,0,28.4,Fair,Diabetes; Arthritis,143.0,60.5,1,2.45,2024-08-05
KH-01547,36,Male,Other Provinces,Construction Worker,Secondary,Richer,0,1,1,17.9,Good,TB,188.0,85.6,0,2.37,2024-03-09
KH-01548,21,Male,Other Provinces,Market Vendor,Primary,Middle,1,1,0,23.2,Fair,None,110.0,90.4,0,1.6,2024-05-25
KH-01549,39,Female,Kampong Cham,Rice Farmer,Primary,Richest,0,0,0,21.4,Good,None,56.0,83.3,0,1.63,2024-10-12
KH-01550,38,Male,Prey Veng,Moto/Tuk-tuk Driver,Primary,Poorest,0,0,1,21.7,Good,None,146.0,81.8,0,1.95,2024-09-29
KH-01551,24,Male,Kampong Cham,Moto/Tuk-tuk Driver,Primary,Poorer,0,1,1,24.3,Poor,None,220.0,82.9,1,1.88,2024-08-17
KH-01552,37,Male,Other Provinces,Rice Farmer,Secondary,Poorer,0,0,0,19.2,Fair,None,112.0,90.1,0,1.67,2024-05-28
KH-01553,29,Male,Other Provinces,Civil Servant,Secondary,Richer,1,1,1,16.6,Good,COPD/Asthma,310.0,95.0,0,1.83,2024-06-06
KH-01554,37,Male,Siem Reap,Rice Farmer,Primary,Richest,0,0,1,21.6,Good,COPD/Asthma,162.0,85.8,0,1.79,2024-04-14
KH-01555,33,Male,Phnom Penh,Rice Farmer,Secondary,Richest,1,0,1,23.9,Fair,None,200.0,82.6,0,1.77,2024-12-07
KH-01556,26,Male,Other Provinces,Moto/Tuk-tuk Driver,Secondary,Middle,1,1,0,16.8,Good,None,109.0,95.0,0,2.24,2024-08-11
KH-01557,53,Female,Other Provinces,Moto/Tuk-tuk Driver,Secondary,Middle,1,0,0,26.5,Good,None,193.0,62.2,1,2.55,2024-02-12
KH-01558,39,Female,Battambang,Garment Worker,Secondary,Middle,0,0,0,23.6,Good,None,216.0,83.1,0,1.54,2024-08-03
KH-01559,43,Male,Battambang,Market Vendor,No education,Poorest,1,0,0,26.0,Fair,Hypertension,111.0,69.6,0,2.11,2024-06-28
KH-01560,33,Male,Kampong Cham,Garment Worker,Higher,Richest,0,1,0,28.3,Fair,None,197.0,76.8,1,1.65,2024-12-07
KH-01561,44,Female,Phnom Penh,Civil Servant,Secondary,Richest,0,0,0,25.2,Fair,Hepatitis B,496.0,74.9,0,1.84,2024-02-21
KH-01562,27,Male,Phnom Penh,Civil Servant,Secondary,Richest,0,1,1,24.7,Good,None,490.0,90.0,0,1.29,2024-09-29
KH-01563,45,Male,Other Provinces,Civil Servant,Secondary,Richer,0,0,0,26.9,Fair,None,332.0,75.7,1,1.6,2024-03-26
KH-01564,43,Male,Prey Veng,Rice Farmer,Higher,Richest,1,0,0,26.3,Good,None,132.0,72.7,0,2.07,2024-07-04
KH-01565,57,Female,Other Provinces,Monk/Retired,Secondary,Middle,0,0,0,17.3,Fair,Hypertension,74.0,80.0,0,2.66,2024-01-06
KH-01566,27,Female,Phnom Penh,Rice Farmer,Secondary,Poorer,0,0,0,23.2,Fair,None,179.0,89.1,1,1.39,2024-01-30
KH-01567,29,Female,Siem Reap,Market Vendor,Secondary,Poorest,0,1,0,17.1,Poor,None,204.0,95.0,0,1.46,2024-01-01
KH-01568,34,Male,Battambang,Monk/Retired,Primary,Richest,0,0,1,25.9,Good,None,69.0,78.4,0,1.96,2024-04-28
KH-01569,29,Female,Siem Reap,Rice Farmer,Primary,Poorest,0,0,1,22.7,Good,COPD/Asthma,125.0,88.4,0,1.55,2024-05-25
KH-01570,36,Female,Phnom Penh,Rice Farmer,Primary,Poorest,0,0,1,24.2,Good,Diabetes,153.0,81.0,0,1.69,2024-07-18
KH-01571,28,Female,Phnom Penh,Rice Farmer,Secondary,Richest,0,1,0,23.7,Good,None,185.0,85.8,0,1.56,2024-03-27
KH-01572,26,Female,Phnom Penh,Market Vendor,Primary,Middle,0,0,1,20.6,Good,None,130.0,95.0,0,1.09,2024-09-14
KH-01573,36,Male,Other Provinces,Construction Worker,Secondary,Poorest,0,0,0,24.4,Fair,None,269.0,76.3,0,1.92,2024-08-24
KH-01574,37,Female,Phnom Penh,Rice Farmer,Secondary,Middle,0,0,0,24.4,Good,Hepatitis B,197.0,78.6,0,1.93,2024-08-08
KH-01575,25,Male,Kampong Cham,Civil Servant,Secondary,Richest,1,1,1,20.9,Poor,None,291.0,93.9,0,1.59,2024-02-05
KH-01576,30,Female,Battambang,Rice Farmer,Primary,Richer,0,0,1,19.1,Good,None,91.0,95.0,1,1.35,2024-02-04
KH-01577,33,Female,Other Provinces,Rice Farmer,Primary,Richer,0,0,0,25.0,Good,None,89.0,82.1,0,1.51,2024-10-11
KH-01578,32,Male,Other Provinces,Market Vendor,Secondary,Poorer,0,1,1,19.5,Good,None,121.0,95.0,0,1.44,2024-07-08
KH-01579,25,Male,Other Provinces,Civil Servant,Secondary,Middle,0,1,0,21.1,Good,None,287.0,95.0,0,1.35,2024-01-28
KH-01580,33,Female,Preah Sihanouk,Rice Farmer,Secondary,Poorer,0,1,1,28.3,Good,None,165.0,75.7,0,1.56,2024-12-28
KH-01581,24,Male,Other Provinces,Rice Farmer,Secondary,Poorest,0,1,1,24.9,Good,COPD/Asthma,129.0,87.1,0,1.68,2024-10-01
KH-01582,46,Male,Kampong Cham,Moto/Tuk-tuk Driver,Secondary,Poorer,0,1,1,24.2,Good,None,243.0,72.2,0,2.26,2024-01-19
KH-01583,28,Female,Prey Veng,Garment Worker,Secondary,Richer,0,1,0,21.4,Good,None,196.0,92.9,0,1.47,2024-11-17
KH-01584,36,Male,Other Provinces,Civil Servant,Secondary,Poorest,0,0,1,19.4,Good,Diabetes; TB,328.0,90.5,0,1.94,2024-08-22
KH-01585,31,Male,Other Provinces,Construction Worker,Primary,Poorer,0,1,1,22.8,Fair,None,176.0,81.3,0,1.87,2024-06-28
KH-01586,35,Male,Other Provinces,Garment Worker,Primary,Richest,0,1,1,27.8,Good,Hypertension; Diabetes,134.0,74.8,0,2.03,2024-08-02
KH-01587,25,Male,Siem Reap,Moto/Tuk-tuk Driver,Primary,Richer,1,1,0,30.0,Good,Hypertension; COPD/Asthma; TB,196.0,65.9,0,3.06,2024-05-18
KH-01588,46,Male,Siem Reap,Moto/Tuk-tuk Driver,Secondary,Richest,1,1,1,25.3,Good,Heart Disease; Hepatitis B,296.0,64.4,0,3.1,2024-10-24
KH-01589,29,Female,Other Provinces,Garment Worker,Primary,Middle,0,0,1,34.3,Fair,Heart Disease,134.0,69.1,0,1.46,2024-12-12
KH-01590,34,Female,Phnom Penh,Rice Farmer,Primary,Richest,0,1,1,25.3,Good,None,226.0,78.8,1,1.58,2024-12-04
KH-01591,65,Female,Kampong Cham,Garment Worker,Primary,Richer,0,0,1,28.7,Fair,None,154.0,56.6,0,1.96,2024-01-03
KH-01592,29,Female,Phnom Penh,Garment Worker,Primary,Poorer,0,0,1,23.3,Poor,Hypertension,244.0,87.4,1,1.52,2024-06-12
KH-01593,35,Male,Kampong Cham,Construction Worker,Primary,Poorest,1,1,0,19.6,Good,COPD/Asthma,174.0,80.4,0,2.55,2024-02-05
KH-01594,33,Male,Phnom Penh,Rice Farmer,Secondary,Richer,0,0,0,25.0,Good,Diabetes,181.0,83.7,1,1.81,2024-11-24
KH-01595,34,Male,Kandal,Civil Servant,Secondary,Richest,0,1,0,18.5,Good,None,437.0,95.0,0,1.53,2024-11-12
KH-01596,50,Male,Prey Veng,Moto/Tuk-tuk Driver,Primary,Poorest,0,1,1,20.0,Good,None,159.0,75.1,0,2.34,2024-11-12
KH-01597,32,Male,Phnom Penh,Civil Servant,Primary,Richest,1,1,0,16.0,Poor,None,405.0,95.0,0,1.83,2024-08-24
KH-01598,29,Male,Kampong Cham,Market Vendor,Secondary,Poorest,0,0,1,25.8,Fair,None,137.0,86.3,0,1.23,2024-10-22
KH-01599,31,Female,Other Provinces,Rice Farmer,Primary,Poorer,0,0,1,22.6,Good,Hypertension; Hepatitis B,125.0,85.1,0,1.93,2024-07-05
KH-01600,57,Male,Other Provinces,Civil Servant,Primary,Poorer,0,1,1,24.1,Fair,Heart Disease,280.0,69.7,0,2.11,2024-04-03
KH-01601,30,Male,Other Provinces,Monk/Retired,Primary,Poorest,0,0,1,22.7,Poor,None,132.0,84.5,0,1.94,2024-08-17
KH-01602,24,Female,Kandal,Garment Worker,Primary,Richest,0,0,1,20.3,Good,Arthritis; Hepatitis B,240.0,95.0,0,1.7,2024-11-29
KH-01603,50,Female,Prey Veng,Garment Worker,Secondary,Richest,0,0,0,28.6,Good,Hypertension; COPD/Asthma; Hepatitis B,170.0,62.6,0,2.54,2024-07-17
KH-01604,27,Female,Phnom Penh,Rice Farmer,Higher,Richer,0,0,1,27.8,Good,None,184.0,85.9,0,1.29,2024-02-11
KH-01605,26,Female,Other Provinces,Garment Worker,Secondary,Poorer,0,0,1,22.0,Good,None,100.0,95.0,0,1.18,2024-05-30
KH-01606,23,Male,Kampong Cham,Moto/Tuk-tuk Driver,Secondary,Middle,1,1,1,19.9,Fair,None,212.0,93.1,0,2.08,2024-11-18
KH-01607,22,Male,Other Provinces,Moto/Tuk-tuk Driver,No education,Poorest,0,1,1,19.8,Fair,Arthritis,115.0,91.8,0,2.0,2024-01-09
KH-01608,40,Female,Other Provinces,Market Vendor,Primary,Richest,0,0,0,25.0,Good,None,147.0,78.6,0,1.47,2024-05-16
KH-01609,25,Male,Siem Reap,Civil Servant,Secondary,Richer,1,1,1,21.9,Good,Diabetes,369.0,95.0,0,1.75,2024-09-12
KH-01610,22,Male,Prey Veng,Civil Servant,Secondary,Middle,0,1,1,23.5,Good,None,320.0,95.0,0,1.19,2024-03-04
KH-01611,23,Female,Kampong Cham,Civil Servant,Primary,Poorest,0,0,1,26.7,Good,TB,282.0,83.8,0,1.38,2024-07-06
KH-01612,35,Female,Other Provinces,Garment Worker,Secondary,Poorest,0,0,1,21.8,Good,Hypertension,170.0,89.0,0,1.58,2024-01-20
KH-01613,40,Male,Other Provinces,Moto/Tuk-tuk Driver,Secondary,Richer,0,1,0,21.7,Fair,None,142.0,80.1,0,2.24,2024-07-24
KH-01614,22,Female,Other Provinces,Moto/Tuk-tuk Driver,Higher,Poorest,0,1,1,26.4,Fair,None,238.0,84.6,0,1.7,2024-09-16
KH-01615,48,Male,Other Provinces,Civil Servant,Secondary,Richest,0,1,0,18.8,Good,None,363.0,85.8,0,1.81,2024-09-24
KH-01616,32,Male,Other Provinces,Monk/Retired,Secondary,Richer,0,0,0,16.7,Good,None,117.0,95.0,0,2.02,2024-05-08
KH-01617,32,Male,Siem Reap,Rice Farmer,Secondary,Poorest,0,1,1,29.6,Good,None,126.0,73.1,0,1.62,2024-01-09
KH-01618,38,Female,Other Provinces,Garment Worker,Primary,Richer,0,0,1,20.7,Good,None,178.0,89.7,0,1.42,2024-08-19
KH-01619,22,Male,Other Provinces,Moto/Tuk-tuk Driver,Secondary,Poorer,1,0,1,20.8,Good,COPD/Asthma,151.0,93.8,0,2.13,2024-04-08
KH-01620,41,Male,Siem Reap,Civil Servant,Secondary,Poorest,0,1,1,25.4,Poor,Hypertension; Diabetes,454.0,77.0,0,2.07,2024-03-17
KH-01621,35,Female,Other Provinces,Moto/Tuk-tuk Driver,Secondary,Poorest,0,0,0,21.7,Good,Hypertension,144.0,83.8,0,2.13,2024-01-13
KH-01622,41,Male,Other Provinces,Moto/Tuk-tuk Driver,Secondary,Poorer,0,1,0,26.4,Good,None,182.0,69.9,0,2.26,2024-11-15
KH-01623,41,Male,Siem Reap,Moto/Tuk-tuk Driver,Primary,Richer,1,1,0,25.4,Fair,Diabetes,274.0,68.5,0,2.76,2024-02-27
KH-01624,39,Female,Kandal,Market Vendor,Secondary,Richest,0,0,0,25.1,Good,None,171.0,80.6,0,1.45,2024-02-12
KH-01625,39,Male,Other Provinces,Construction Worker,Primary,Richest,1,1,0,19.3,Fair,TB,217.0,73.4,0,2.81,2024-03-08
KH-01626,34,Female,Other Provinces,Rice Farmer,Secondary,Middle,0,0,0,24.9,Good,None,104.0,82.7,0,1.53,2024-07-05
KH-01627,24,Female,Phnom Penh,Rice Farmer,Secondary,Richest,0,0,0,24.2,Good,None,180.0,89.5,1,1.33,2024-11-20
KH-01628,33,Male,Other Provinces,Civil Servant,Secondary,Middle,1,0,0,24.9,Fair,None,307.0,84.2,0,1.64,2024-12-06
KH-01629,45,Male,Prey Veng,Rice Farmer,No education,Poorest,1,1,0,24.7,Good,None,93.0,66.7,0,2.26,2024-01-02
KH-01630,46,Male,Prey Veng,Market Vendor,Primary,Poorest,0,1,0,17.2,Fair,Hypertension,128.0,86.2,0,2.04,2024-02-29
KH-01631,36,Male,Other Provinces,Construction Worker,Primary,Poorest,0,0,1,22.0,Fair,Diabetes; COPD/Asthma,164.0,80.8,0,2.26,2024-10-06
KH-01632,21,Male,Other Provinces,Rice Farmer,No education,Poorest,0,0,1,26.4,Good,None,80.0,85.2,0,1.25,2024-04-05
KH-01633,32,Male,Other Provinces,Rice Farmer,Primary,Richer,1,1,0,21.9,Poor,None,99.0,82.0,0,2.06,2024-12-23
KH-01634,24,Female,Other Provinces,Moto/Tuk-tuk Driver,Secondary,Richer,0,0,0,23.1,Good,Heart Disease,182.0,90.5,1,1.91,2024-11-23
KH-01635,34,Female,Kampong Cham,Market Vendor,Secondary,Middle,0,0,1,24.9,Good,Diabetes,110.0,86.8,0,1.47,2024-01-31
KH-01636,28,Male,Phnom Penh,Monk/Retired,Primary,Poorest,0,1,1,26.8,Good,Hypertension,109.0,78.1,0,2.21,2024-08-07
KH-01637,22,Female,Siem Reap,Construction Worker,Primary,Richest,0,0,1,27.1,Good,Hypertension; Hepatitis B,245.0,78.4,0,2.02,2024-11-25
KH-01638,22,Female,Other Provinces,Market Vendor,Primary,Poorest,0,0,0,21.7,Good,Hepatitis B,113.0,93.0,0,1.45,2024-05-31
KH-01639,50,Female,Prey Veng,Garment Worker,Secondary,Poorest,0,0,1,21.6,Fair,COPD/Asthma; TB,172.0,74.1,0,2.28,2024-06-21
KH-01640,37,Male,Battambang,Construction Worker,Secondary,Richer,0,1,1,24.4,Fair,None,217.0,77.3,0,1.99,2024-11-23
KH-01641,35,Male,Prey Veng,Civil Servant,Primary,Richer,0,1,1,18.0,Good,None,269.0,95.0,1,1.45,2024-09-09
KH-01642,22,Male,Kandal,Civil Servant,Primary,Poorest,1,1,0,16.0,Good,None,352.0,95.0,0,1.57,2024-06-05
KH-01643,35,Female,Other Provinces,Market Vendor,No education,Richest,0,0,1,19.5,Good,Diabetes,104.0,92.0,0,1.49,2024-01-05
KH-01644,29,Female,Kandal,Garment Worker,Secondary,Richest,0,1,0,17.9,Good,None,225.0,95.0,0,1.49,2024-07-08
KH-01645,42,Male,Other Provinces,Moto/Tuk-tuk Driver,Secondary,Richest,0,1,1,29.4,Fair,Hypertension; Diabetes,199.0,64.4,0,2.62,2024-01-20
KH-01646,39,Male,Kandal,Garment Worker,Secondary,Richest,0,1,0,21.1,Good,None,251.0,84.8,0,1.77,2024-01-13
KH-01647,41,Male,Other Provinces,Market Vendor,No education,Richest,0,1,1,25.5,Good,Hypertension; Diabetes; COPD/Asthma,139.0,74.9,0,2.28,2024-02-10
KH-01648,24,Female,Other Provinces,Garment Worker,Secondary,Poorer,0,0,1,25.1,Good,None,161.0,90.9,1,1.14,2024-12-23
KH-01649,33,Female,Phnom Penh,Rice Farmer,Primary,Poorer,0,0,0,26.5,Fair,Hepatitis B,150.0,74.5,0,1.85,2024-06-21
KH-01650,36,Female,Phnom Penh,Civil Servant,No education,Richer,0,0,1,28.1,Good,Diabetes,382.0,78.2,0,1.46,2024-07-14
KH-01651,28,Female,Other Provinces,Garment Worker,Primary,Richer,0,0,0,19.0,Good,None,143.0,95.0,0,1.32,2024-04-19
KH-01652,53,Male,Kandal,Construction Worker,Primary,Poorest,0,1,1,21.8,Good,None,256.0,68.5,0,2.31,2024-02-13
KH-01653,36,Female,Other Provinces,Garment Worker,Higher,Richest,0,1,1,17.3,Good,None,215.0,95.0,0,1.53,2024-04-22
KH-01654,32,Male,Preah Sihanouk,Construction Worker,Secondary,Poorest,0,1,0,20.9,Fair,None,317.0,83.5,0,1.99,2024-09-23
KH-01655,28,Male,Prey Veng,Rice Farmer,Secondary,Middle,1,1,0,29.3,Good,None,71.0,73.9,0,1.92,2024-06-19
KH-01656,27,Male,Phnom Penh,Garment Worker,Secondary,Richest,0,1,0,18.7,Good,None,316.0,95.0,0,1.53,2024-05-20
KH-01657,30,Female,Other Provinces,Market Vendor,Secondary,Richest,0,0,0,19.1,Good,Heart Disease; Hepatitis B,91.0,94.7,0,1.83,2024-08-09
KH-01658,43,Male,Kampong Cham,Moto/Tuk-tuk Driver,No education,Poorer,1,0,0,21.0,Good,TB,175.0,70.1,0,2.83,2024-06-16
KH-01659,34,Female,Kampong Cham,Garment Worker,Secondary,Poorest,0,0,1,25.1,Good,Hypertension,174.0,83.5,0,1.56,2024-10-21
KH-01660,39,Female,Siem Reap,Monk/Retired,Primary,Poorer,0,1,0,22.8,Good,COPD/Asthma,127.0,77.7,1,2.45,2024-05-10
KH-01661,27,Male,Other Provinces,Moto/Tuk-tuk Driver,No education,Middle,0,0,1,17.2,Poor,None,123.0,95.0,0,1.79,2024-03-04
KH-01662,36,Female,Kampong Cham,Monk/Retired,No education,Poorer,0,0,0,21.0,Good,None,55.0,83.4,0,2.02,2024-12-07
KH-01663,42,Male,Other Provinces,Civil Servant,Secondary,Richest,1,1,0,32.2,Good,None,332.0,62.2,0,1.97,2024-11-12
KH-01664,26,Female,Other Provinces,Garment Worker,Secondary,Richer,0,0,0,22.5,Good,None,170.0,94.2,0,1.28,2024-12-25
KH-01665,27,Male,Other Provinces,Garment Worker,Secondary,Middle,0,0,0,22.7,Good,None,197.0,92.7,0,1.38,2024-03-24
KH-01666,24,Male,Other Provinces,Moto/Tuk-tuk Driver,Higher,Poorer,0,1,1,18.2,Fair,None,229.0,95.0,0,1.82,2024-10-17
KH-01667,39,Female,Other Provinces,Garment Worker,Secondary,Richest,0,0,1,32.8,Good,TB,215.0,61.4,0,1.84,2024-09-09
KH-01668,24,Male,Other Provinces,Rice Farmer,Secondary,Middle,0,1,1,17.1,Good,None,103.0,95.0,0,1.46,2024-10-01
KH-01669,30,Male,Prey Veng,Rice Farmer,Primary,Middle,0,1,0,22.0,Good,None,55.0,87.1,0,1.68,2024-02-14
KH-01670,27,Male,Phnom Penh,Rice Farmer,Primary,Poorer,0,1,0,20.6,Good,None,139.0,90.9,0,1.62,2024-12-04
KH-01671,27,Male,Kampong Cham,Civil Servant,Primary,Middle,1,1,0,18.7,Fair,None,297.0,95.0,0,1.67,2024-07-27
KH-01672,24,Female,Siem Reap,Garment Worker,Primary,Richer,0,0,0,25.7,Fair,Hepatitis B,268.0,84.5,0,1.58,2024-10-03
KH-01673,45,Male,Battambang,Construction Worker,Secondary,Richer,0,1,0,21.3,Fair,Hypertension,186.0,76.3,0,2.47,2024-12-15
KH-01674,39,Male,Phnom Penh,Monk/Retired,Secondary,Richer,1,1,0,24.0,Good,None,168.0,75.8,0,2.59,2024-10-10
KH-01675,26,Male,Other Provinces,Rice Farmer,Secondary,Middle,0,1,0,21.2,Good,None,97.0,92.8,0,1.6,2024-01-01
KH-01676,36,Male,Other Provinces,Construction Worker,Secondary,Poorer,1,0,0,27.7,Good,None,222.0,68.9,0,2.2,2024-01-21
KH-01677,41,Female,Phnom Penh,Civil Servant,No education,Poorest,0,0,0,20.2,Good,TB,386.0,81.1,0,1.84,2024-11-11
KH-01678,35,Female,Kandal,Garment Worker,Secondary,Poorer,0,0,1,29.4,Good,None,215.0,75.6,0,1.36,2024-11-04
KH-01679,27,Female,Siem Reap,Moto/Tuk-tuk Driver,Secondary,Poorest,0,0,0,23.2,Good,None,264.0,86.3,0,1.75,2024-11-27
KH-01680,34,Female,Other Provinces,Monk/Retired,Secondary,Poorer,0,0,0,22.6,Good,None,72.0,84.9,0,1.98,2024-04-17
KH-01681,27,Male,Phnom Penh,Civil Servant,Primary,Middle,0,1,1,22.6,Good,None,434.0,93.4,1,1.29,2024-07-10
KH-01682,35,Female,Other Provinces,Garment Worker,Primary,Middle,0,0,0,25.7,Good,None,204.0,80.3,0,1.46,2024-04-19
KH-01683,36,Female,Battambang,Rice Farmer,Primary,Poorest,0,1,1,24.1,Good,TB,114.0,74.2,0,2.02,2024-08-02
KH-01684,30,Female,Other Provinces,Market Vendor,Secondary,Richest,0,0,0,21.9,Good,None,155.0,92.4,0,1.27,2024-07-11
KH-01685,30,Male,Kampong Cham,Rice Farmer,Secondary,Poorer,0,1,0,25.1,Good,None,68.0,82.1,1,1.68,2024-05-03
KH-01686,36,Male,Kandal,Civil Servant,Primary,Richest,1,1,0,26.6,Fair,None,375.0,74.5,0,1.85,2024-10-19
KH-01687,33,Male,Prey Veng,Monk/Retired,Primary,Poorest,1,1,1,21.6,Good,Hypertension,81.0,82.1,1,2.59,2024-09-01
KH-01688,27,Male,Siem Reap,Moto/Tuk-tuk Driver,Primary,Middle,0,1,1,18.6,Fair,None,201.0,93.9,0,1.88,2024-11-29
KH-01689,29,Male,Battambang,Civil Servant,Secondary,Richest,1,1,0,28.0,Poor,Hypertension,322.0,76.5,0,1.99,2024-05-08
KH-01690,36,Male,Other Provinces,Rice Farmer,No education,Richest,0,0,1,19.3,Good,None,95.0,89.2,0,1.55,2024-06-30
KH-01691,40,Female,Battambang,Rice Farmer,Primary,Poorer,0,0,0,21.6,Good,None,103.0,82.6,0,1.65,2024-03-08
KH-01692,29,Male,Kandal,Garment Worker,Higher,Poorer,1,1,1,26.0,Fair,COPD/Asthma; Arthritis,253.0,83.0,0,2.19,2024-10-27
KH-01693,31,Female,Siem Reap,Garment Worker,Secondary,Richest,0,0,0,27.3,Good,None,282.0,80.4,0,1.38,2024-04-21
KH-01694,45,Female,Other Provinces,Monk/Retired,Primary,Poorest,0,1,0,16.0,Good,None,56.0,85.7,0,2.35,2024-01-27
KH-01695,30,Male,Other Provinces,Civil Servant,Secondary,Richer,0,1,1,17.5,Good,None,320.0,95.0,0,1.35,2024-01-06
KH-01696,30,Male,Other Provinces,Construction Worker,No education,Richer,0,1,0,16.0,Fair,TB,85.0,87.9,1,2.35,2024-08-28
KH-01697,44,Female,Battambang,Civil Servant,Primary,Richer,0,0,0,23.2,Good,COPD/Asthma,301.0,82.2,0,1.72,2024-04-10
KH-01698,27,Female,Other Provinces,Garment Worker,Primary,Richer,0,0,0,22.1,Good,None,150.0,92.7,0,1.3,2024-08-18
KH-01699,24,Female,Other Provinces,Market Vendor,Secondary,Richest,0,0,0,26.5,Good,Hypertension,134.0,87.8,0,1.37,2024-01-04
KH-01700,30,Female,Phnom Penh,Monk/Retired,Primary,Poorest,0,0,0,25.1,Good,Diabetes; Hepatitis B,100.0,77.5,1,2.46,2024-11-19
KH-01701,48,Female,Other Provinces,Rice Farmer,Primary,Middle,0,0,1,26.2,Good,TB; Hepatitis B,65.0,63.0,0,2.45,2024-09-18
KH-01702,35,Female,Prey Veng,Garment Worker,Secondary,Poorest,0,0,0,20.3,Good,Hypertension; Hepatitis B,175.0,87.3,0,2.02,2024-04-24
KH-01703,47,Male,Battambang,Moto/Tuk-tuk Driver,Secondary,Poorest,0,1,0,20.1,Good,Hypertension,239.0,77.0,1,2.6,2024-12-21
KH-01704,31,Male,Battambang,Rice Farmer,No education,Richest,0,1,1,18.8,Good,Arthritis,87.0,91.4,0,1.82,2024-01-05
KH-01705,39,Female,Other Provinces,Garment Worker,Primary,Poorest,0,0,0,23.5,Good,None,164.0,80.2,0,1.54,2024-03-14
KH-01706,34,Female,Phnom Penh,Rice Farmer,Higher,Middle,0,0,0,24.9,Poor,None,226.0,82.7,0,1.59,2024-04-04
KH-01707,27,Male,Other Provinces,Civil Servant,Primary,Poorest,1,1,1,23.0,Good,TB,270.0,83.6,0,1.97,2024-06-06
KH-01708,19,Male,Other Provinces,Rice Farmer,Primary,Poorest,1,1,1,21.7,Good,Arthritis,71.0,92.3,0,1.86,2024-12-20
KH-01709,32,Male,Other Provinces,Monk/Retired,Primary,Poorer,0,0,0,18.1,Fair,None,80.0,92.5,1,2.02,2024-04-16
KH-01710,22,Male,Other Provinces,Rice Farmer,Primary,Richest,1,1,0,24.9,Fair,None,141.0,82.9,0,1.8,2024-12-26
KH-01711,29,Male,Kampong Cham,Monk/Retired,Primary,Richer,0,1,0,20.1,Poor,Diabetes,63.0,88.6,0,2.39,2024-11-02
KH-01712,45,Male,Other Provinces,Rice Farmer,Primary,Middle,0,1,1,27.7,Good,Hepatitis B,102.0,65.2,0,2.22,2024-10-25
KH-01713,31,Male,Other Provinces,Rice Farmer,Secondary,Middle,0,1,1,26.7,Good,None,106.0,80.8,0,1.6,2024-03-12
KH-01714,25,Female,Phnom Penh,Moto/Tuk-tuk Driver,Primary,Richer,0,0,0,24.5,Good,Hepatitis B,239.0,82.7,0,2.05,2024-03-23
KH-01715,28,Male,Other Provinces,Monk/Retired,Secondary,Middle,1,1,0,25.6,Good,None,110.0,79.5,0,2.37,2024-03-27
KH-01716,32,Female,Battambang,Rice Farmer,Primary,Middle,0,1,0,23.6,Fair,Hepatitis B,105.0,79.3,0,1.98,2024-11-24
KH-01717,28,Male,Other Provinces,Monk/Retired,Primary,Richest,0,1,0,22.5,Good,None,82.0,85.2,0,2.09,2024-12-18
KH-01718,35,Female,Battambang,Market Vendor,Primary,Richer,0,0,1,19.2,Fair,None,140.0,95.0,0,1.27,2024-04-20
KH-01719,54,Female,Other Provinces,Rice Farmer,Secondary,Middle,0,1,0,27.0,Poor,None,92.0,61.7,0,2.14,2024-04-20
KH-01720,34,Female,Other Provinces,Monk/Retired,Secondary,Middle,0,0,0,25.1,Good,TB,78.0,76.0,0,2.38,2024-10-16
KH-01721,29,Male,Siem Reap,Rice Farmer,Secondary,Middle,1,1,0,24.3,Good,None,145.0,82.6,0,1.94,2024-10-02
KH-01722,37,Male,Other Provinces,Moto/Tuk-tuk Driver,Primary,Middle,1,1,1,22.9,Good,Heart Disease,191.0,77.3,0,2.58,2024-10-20
KH-01723,29,Female,Preah Sihanouk,Rice Farmer,Primary,Middle,0,1,1,19.2,Good,None,98.0,94.5,1,1.48,2024-01-07
KH-01724,34,Male,Kampong Cham,Rice Farmer,Secondary,Richer,0,1,0,28.0,Good,None,102.0,75.4,0,1.76,2024-04-17
KH-01725,28,Male,Other Provinces,Rice Farmer,Higher,Middle,0,0,1,19.2,Good,None,146.0,95.0,0,1.39,2024-12-08
KH-01726,38,Male,Preah Sihanouk,Civil Servant,Higher,Richer,0,1,0,20.4,Good,None,502.0,93.0,0,1.61,2024-08-13
KH-01727,34,Female,Phnom Penh,Rice Farmer,Primary,Poorer,0,0,1,24.1,Good,None,156.0,83.3,0,1.43,2024-06-20
KH-01728,26,Female,Siem Reap,Rice Farmer,Primary,Poorest,0,0,1,24.5,Good,Hepatitis B,124.0,84.0,1,1.61,2024-12-07
KH-01729,53,Female,Other Provinces,Rice Farmer,Secondary,Poorer,0,0,0,24.3,Good,Hypertension; Hepatitis B,86.0,67.6,0,2.47,2024-04-28
KH-01730,23,Male,Prey Veng,Moto/Tuk-tuk Driver,Primary,Richer,0,1,0,28.1,Good,None,186.0,78.2,0,1.9,2024-06-16
KH-01731,33,Male,Kampong Cham,Construction Worker,Primary,Poorest,0,1,1,19.3,Good,Diabetes,179.0,86.3,0,2.13,2024-10-01
KH-01732,31,Female,Other Provinces,Market Vendor,Primary,Middle,0,0,1,26.3,Good,Diabetes; TB,129.0,79.6,0,1.81,2024-11-12
KH-01733,48,Female,Phnom Penh,Rice Farmer,Higher,Richer,0,0,0,22.5,Fair,None,196.0,80.1,0,1.81,2024-11-04
KH-01734,38,Female,Kampong Cham,Rice Farmer,Primary,Richest,1,0,1,22.4,Fair,COPD/Asthma,152.0,80.6,1,2.01,2024-12-09
KH-01735,52,Female,Other Provinces,Civil Servant,No education,Richest,0,0,1,27.2,Fair,None,215.0,67.3,0,1.56,2024-05-01
KH-01736,23,Female,Battambang,Moto/Tuk-tuk Driver,Primary,Richer,0,0,0,27.9,Fair,None,151.0,80.1,0,1.67,2024-09-17
KH-01737,30,Male,Other Provinces,Moto/Tuk-tuk Driver,Secondary,Middle,0,0,0,24.0,Fair,None,229.0,83.9,0,1.89,2024-05-25
KH-01738,29,Male,Other Provinces,Construction Worker,Secondary,Richer,0,1,1,21.2,Poor,Hepatitis B,209.0,84.0,0,2.23,2024-11-26
KH-01739,48,Male,Battambang,Moto/Tuk-tuk Driver,Primary,Poorest,0,1,1,20.7,Fair,Hypertension,136.0,74.6,0,2.52,2024-11-13
KH-01740,24,Male,Other Provinces,Construction Worker,Primary,Richer,0,1,1,21.1,Fair,Hepatitis B,190.0,87.4,0,2.07,2024-06-16
KH-01741,29,Female,Prey Veng,Rice Farmer,Primary,Poorest,0,0,0,24.5,Good,None,90.0,83.6,0,1.43,2024-03-31
KH-01742,31,Male,Kandal,Rice Farmer,Primary,Poorer,1,1,1,22.1,Poor,Hepatitis B,110.0,79.5,0,2.28,2024-09-29
KH-01743,38,Female,Kampong Cham,Market Vendor,Primary,Richest,0,0,0,26.6,Fair,None,128.0,76.4,0,1.43,2024-10-30
KH-01744,32,Male,Siem Reap,Market Vendor,Secondary,Middle,0,0,1,19.1,Good,None,206.0,95.0,0,1.29,2024-05-04
KH-01745,22,Female,Other Provinces,Garment Worker,Primary,Richer,0,1,0,16.0,Good,None,182.0,95.0,0,1.35,2024-05-21
KH-01746,25,Female,Other Provinces,Market Vendor,Secondary,Richest,0,0,1,28.0,Good,None,99.0,85.8,0,1.07,2024-10-16
KH-01747,28,Male,Other Provinces,Moto/Tuk-tuk Driver,Higher,Poorer,1,1,0,22.5,Fair,None,222.0,84.8,0,2.28,2024-12-11
KH-01748,37,Male,Kampong Cham,Rice Farmer,Secondary,Richest,0,0,1,16.0,Fair,None,69.0,95.0,0,1.57,2024-10-11
KH-01749,33,Male,Other Provinces,Civil Servant,Secondary,Poorer,0,1,0,21.0,Fair,Hepatitis B,279.0,88.2,0,1.85,2024-08-04
KH-01750,31,Male,Other Provinces,Rice Farmer,No education,Middle,0,1,1,19.7,Good,None,106.0,90.7,0,1.6,2024-11-22
KH-01751,35,Female,Other Provinces,Market Vendor,Secondary,Middle,0,0,1,21.6,Fair,Arthritis,197.0,91.8,0,1.49,2024-06-24
KH-01752,36,Male,Kampong Cham,Civil Servant,Secondary,Poorer,0,1,0,24.1,Good,None,319.0,84.0,0,1.57,2024-03-17
KH-01753,32,Male,Other Provinces,Rice Farmer,Higher,Middle,0,0,1,21.0,Good,None,193.0,94.8,0,1.47,2024-08-11
KH-01754,32,Male,Kandal,Construction Worker,Secondary,Richer,0,1,0,21.6,Good,None,254.0,84.8,1,1.99,2024-09-26
KH-01755,43,Male,Other Provinces,Moto/Tuk-tuk Driver,Higher,Poorer,1,1,1,29.0,Good,None,183.0,64.8,0,2.48,2024-07-21
KH-01756,26,Male,Phnom Penh,Rice Farmer,Secondary,Poorest,0,1,1,16.0,Good,None,144.0,95.0,0,1.5,2024-11-10
KH-01757,46,Female,Prey Veng,Rice Farmer,No education,Poorest,0,0,1,19.7,Good,Hypertension; TB,127.0,76.4,1,2.29,2024-04-26
KH-01758,24,Male,Other Provinces,Civil Servant,Secondary,Poorer,1,1,1,16.5,Fair,None,298.0,95.0,1,1.51,2024-07-14
KH-01759,32,Female,Kampong Cham,Garment Worker,Secondary,Poorest,0,0,1,20.2,Good,None,167.0,94.0,0,1.3,2024-03-14
KH-01760,30,Male,Other Provinces,Construction Worker,Secondary,Richest,1,1,1,22.7,Fair,Hepatitis B,206.0,78.0,1,2.47,2024-10-24
KH-01761,36,Female,Other Provinces,Rice Farmer,Primary,Poorer,0,0,1,16.9,Poor,Diabetes,81.0,93.5,0,1.75,2024-05-13
KH-01762,20,Male,Other Provinces,Rice Farmer,Secondary,Richest,1,1,1,27.5,Good,None,119.0,82.9,1,1.66,2024-01-07
KH-01763,24,Male,Phnom Penh,Construction Worker,Secondary,Poorest,0,0,1,23.5,Good,None,289.0,87.9,0,1.58,2024-09-17
KH-01764,26,Male,Prey Veng,Construction Worker,Primary,Richer,1,1,0,23.3,Poor,TB,204.0,74.4,0,2.61,2024-06-24
KH-01765,40,Female,Kampong Cham,Rice Farmer,Primary,Poorest,0,0,0,18.1,Fair,None,131.0,87.8,0,1.65,2024-06-23
KH-01766,32,Male,Other Provinces,Rice Farmer,Primary,Richer,1,1,0,25.8,Good,None,107.0,76.8,1,2.0,2024-12-11
KH-01767,40,Female,Kampong Cham,Garment Worker,No education,Richest,0,0,1,24.2,Good,None,176.0,78.7,0,1.46,2024-12-16
KH-01768,32,Female,Other Provinces,Garment Worker,Secondary,Richer,0,0,0,21.0,Fair,None,216.0,92.6,0,1.4,2024-06-02
KH-01769,37,Female,Other Provinces,Rice Farmer,Higher,Poorest,0,0,1,22.2,Good,None,190.0,87.8,0,1.49,2024-09-26
KH-01770,30,Male,Kampong Cham,Construction Worker,Primary,Poorer,0,1,1,23.7,Poor,None,174.0,78.8,0,1.91,2024-04-01
KH-01771,42,Female,Other Provinces,Garment Worker,No education,Poorest,0,0,0,22.9,Good,None,157.0,77.8,0,1.6,2024-03-29
KH-01772,44,Female,Phnom Penh,Garment Worker,Primary,Poorest,0,0,1,21.4,Fair,None,276.0,81.8,0,1.54,2024-12-27
KH-01773,38,Female,Phnom Penh,Garment Worker,Primary,Richer,0,0,0,19.0,Fair,None,297.0,90.8,0,1.52,2024-09-02
KH-01774,28,Male,Phnom Penh,Civil Servant,Secondary,Middle,0,1,1,20.6,Good,None,459.0,95.0,0,1.31,2024-05-27
KH-01775,35,Female,Other Provinces,Garment Worker,Primary,Richest,0,0,1,26.7,Fair,None,178.0,78.4,0,1.36,2024-09-28
KH-01776,21,Male,Other Provinces,Construction Worker,Higher,Middle,0,1,1,25.7,Good,None,237.0,87.4,0,1.67,2024-10-09
KH-01777,26,Female,Preah Sihanouk,Garment Worker,No education,Richest,0,1,1,23.0,Good,Hepatitis B,156.0,85.1,0,1.67,2024-09-29
KH-01778,42,Female,Prey Veng,Garment Worker,Primary,Poorer,0,0,1,22.3,Good,TB,211.0,77.8,0,1.9,2024-06-20
KH-01779,60,Male,Other Provinces,Garment Worker,No education,Middle,1,1,1,22.7,Fair,Heart Disease,104.0,64.5,0,2.59,2024-06-22
KH-01780,41,Female,Kampong Cham,Moto/Tuk-tuk Driver,Secondary,Middle,0,0,0,26.9,Fair,None,142.0,71.3,1,2.03,2024-05-21
KH-01781,52,Male,Other Provinces,Rice Farmer,Secondary,Poorest,0,1,1,24.6,Poor,Hypertension,112.0,67.4,1,2.3,2024-01-10
KH-01782,27,Male,Kampong Cham,Market Vendor,Secondary,Middle,0,1,0,20.9,Good,None,157.0,95.0,0,1.44,2024-11-13
KH-01783,33,Male,Other Provinces,Rice Farmer,Higher,Richest,0,1,1,25.7,Good,None,167.0,82.4,1,1.64,2024-01-20
KH-01784,36,Male,Battambang,Construction Worker,Primary,Middle,0,1,0,20.1,Good,Hypertension; Diabetes,125.0,82.9,0,2.51,2024-03-19
KH-01785,25,Female,Kandal,Civil Servant,No education,Richer,0,0,0,20.7,Good,None,323.0,95.0,0,1.12,2024-09-26
KH-01786,34,Female,Phnom Penh,Monk/Retired,Primary,Richest,0,0,1,27.1,Good,None,136.0,76.2,0,1.88,2024-07-03
KH-01787,25,Male,Kampong Cham,Rice Farmer,Primary,Middle,0,1,0,22.2,Fair,None,65.0,89.5,0,1.58,2024-01-13
KH-01788,54,Female,Other Provinces,Market Vendor,Secondary,Poorer,0,1,0,30.2,Good,Diabetes; Hepatitis B,150.0,56.5,0,2.46,2024-06-10
KH-01789,21,Male,Battambang,Construction Worker,Primary,Middle,0,0,1,26.2,Fair,None,145.0,84.3,0,1.52,2024-04-16
KH-01790,31,Male,Battambang,Moto/Tuk-tuk Driver,Secondary,Richest,0,1,0,16.0,Good,None,213.0,95.0,1,2.06,2024-11-15
KH-01791,47,Male,Other Provinces,Construction Worker,Secondary,Poorest,0,1,1,28.2,Good,None,214.0,62.0,0,2.19,2024-04-28
KH-01792,31,Female,Other Provinces,Rice Farmer,Secondary,Middle,0,1,1,22.9,Good,Diabetes,109.0,87.9,0,1.74,2024-12-11
KH-01793,27,Female,Kandal,Moto/Tuk-tuk Driver,Secondary,Poorest,0,1,0,25.8,Fair,None,212.0,78.9,1,1.9,2024-05-22
KH-01794,34,Female,Other Provinces,Garment Worker,Secondary,Richer,0,1,0,19.2,Good,Hepatitis B,162.0,90.1,0,1.93,2024-03-04
KH-01795,26,Female,Other Provinces,Garment Worker,Secondary,Poorest,0,0,1,27.1,Good,Hepatitis B,167.0,82.0,0,1.52,2024-03-09
KH-01796,46,Female,Kampong Cham,Rice Farmer,Primary,Richest,0,0,1,16.1,Good,None,116.0,90.2,0,1.67,2024-01-09
KH-01797,34,Female,Kandal,Garment Worker,Primary,Richest,0,0,1,22.4,Fair,None,181.0,87.0,0,1.34,2024-04-09
KH-01798,36,Male,Battambang,Market Vendor,Primary,Poorest,1,0,0,19.0,Fair,TB,169.0,83.9,0,2.15,2024-12-05
KH-01799,26,Female,Other Provinces,Rice Farmer,Secondary,Richer,0,0,1,20.9,Good,TB; Hepatitis B,171.0,89.4,1,2.01,2024-06-21
KH-01800,36,Female,Kampong Cham,Garment Worker,Secondary,Poorest,0,0,1,16.7,Good,None,200.0,95.0,1,1.38,2024-08-07
KH-01801,37,Female,Other Provinces,Market Vendor,Secondary,Poorer,0,0,1,28.9,Fair,None,141.0,76.1,0,1.31,2024-05-28
KH-01802,32,Male,Other Provinces,Market Vendor,No education,Poorer,0,1,1,25.0,Fair,Diabetes; TB,110.0,76.5,1,2.06,2024-11-05
KH-01803,41,Male,Phnom Penh,Construction Worker,Secondary,Middle,1,0,1,22.5,Poor,COPD/Asthma,309.0,75.7,1,2.48,2024-05-11
KH-01804,27,Male,Other Provinces,Moto/Tuk-tuk Driver,Secondary,Poorer,0,1,0,22.3,Good,None,185.0,86.7,0,1.98,2024-08-19
KH-01805,37,Female,Kandal,Construction Worker,Secondary,Poorer,0,0,1,17.3,Good,None,306.0,91.7,0,1.76,2024-05-08
KH-01806,38,Female,Battambang,Rice Farmer,Secondary,Richest,0,0,0,25.6,Good,None,123.0,77.7,0,1.61,2024-05-16
KH-01807,27,Male,Other Provinces,Moto/Tuk-tuk Driver,Primary,Poorest,0,1,1,17.3,Fair,None,139.0,94.7,0,1.88,2024-09-26
KH-01808,35,Male,Prey Veng,Moto/Tuk-tuk Driver,Primary,Poorest,1,1,0,25.1,Good,TB,158.0,66.4,0,2.82,2024-08-31
KH-01809,26,Female,Other Provinces,Rice Farmer,Primary,Richest,0,0,1,25.7,Fair,None,134.0,84.8,0,1.27,2024-09-10
KH-01810,27,Male,Kandal,Moto/Tuk-tuk Driver,Secondary,Middle,0,1,1,23.1,Fair,Diabetes,188.0,87.0,0,2.1,2024-01-29
KH-01811,25,Male,Siem Reap,Rice Farmer,Primary,Middle,1,0,0,18.5,Good,None,163.0,95.0,0,1.71,2024-03-30
KH-01812,27,Female,Siem Reap,Garment Worker,Secondary,Poorest,0,1,0,17.9,Good,None,259.0,95.0,0,1.45,2024-07-01
KH-01813,23,Female,Other Provinces,Garment Worker,Primary,Middle,0,0,0,29.8,Good,Hypertension; Diabetes,136.0,80.4,0,1.66,2024-04-24
KH-01814,31,Female,Other Provinces,Rice Farmer,Secondary,Poorest,0,0,1,17.0,Good,None,86.0,95.0,0,1.37,2024-09-26
KH-01815,42,Male,Preah Sihanouk,Moto/Tuk-tuk Driver,Primary,Middle,0,1,0,17.3,Fair,None,221.0,85.0,0,2.28,2024-02-12
KH-01816,23,Female,Other Provinces,Garment Worker,Secondary,Richest,0,1,1,20.5,Good,None,215.0,95.0,0,1.27,2024-11-16
KH-01817,29,Female,Kandal,Garment Worker,No education,Middle,0,0,0,23.8,Good,Hypertension,203.0,86.2,0,1.56,2024-09-04
KH-01818,22,Male,Kampong Cham,Construction Worker,Primary,Poorer,0,1,0,21.2,Good,None,168.0,89.2,0,1.79,2024-09-07
KH-01819,50,Male,Other Provinces,Rice Farmer,Secondary,Poorer,1,0,0,21.5,Good,Diabetes; Heart Disease,135.0,75.3,0,2.65,2024-03-12
KH-01820,40,Male,Other Provinces,Garment Worker,Secondary,Poorest,0,1,0,26.6,Good,None,185.0,73.3,0,1.79,2024-11-05
KH-01821,43,Female,Other Provinces,Garment Worker,Secondary,Middle,0,0,0,27.8,Good,None,165.0,72.7,0,1.62,2024-11-27
KH-01822,38,Female,Phnom Penh,Garment Worker,Primary,Richest,0,1,0,28.3,Good,Diabetes,280.0,70.4,1,1.89,2024-12-05
KH-01823,34,Male,Kandal,Moto/Tuk-tuk Driver,Secondary,Poorest,1,1,0,21.4,Good,Arthritis; Hepatitis B,168.0,77.5,0,2.96,2024-08-03
KH-01824,45,Male,Phnom Penh,Construction Worker,Primary,Middle,0,1,0,27.3,Fair,Hypertension; COPD/Asthma,309.0,63.0,0,2.69,2024-02-22
KH-01825,46,Male,Other Provinces,Rice Farmer,Secondary,Middle,1,1,0,24.5,Poor,None,109.0,69.1,0,2.34,2024-04-03
KH-01826,28,Male,Kampong Cham,Construction Worker,No education,Poorest,0,0,0,17.6,Fair,None,202.0,91.1,0,1.76,2024-05-11
KH-01827,36,Male,Kampong Cham,Rice Farmer,Higher,Richer,0,1,0,16.0,Good,None,94.0,95.0,0,1.8,2024-07-13
KH-01828,34,Male,Other Provinces,Construction Worker,Secondary,Richer,0,1,1,25.8,Fair,Hypertension,177.0,76.6,0,2.15,2024-12-29
KH-01829,27,Male,Other Provinces,Rice Farmer,Primary,Richest,0,1,1,18.9,Good,None,96.0,95.0,0,1.52,2024-07-29
KH-01830,30,Male,Other Provinces,Rice Farmer,Primary,Middle,0,0,1,27.0,Good,None,139.0,81.3,0,1.43,2024-06-16
KH-01831,32,Female,Other Provinces,Civil Servant,Primary,Poorest,0,0,1,18.7,Good,None,241.0,95.0,0,1.16,2024-03-09
KH-01832,45,Male,Other Provinces,Moto/Tuk-tuk Driver,No education,Poorer,0,1,0,25.1,Good,Diabetes,182.0,66.6,0,2.56,2024-12-09
KH-01833,27,Female,Other Provinces,Market Vendor,Primary,Richest,0,0,1,23.9,Good,None,152.0,90.6,0,1.11,2024-05-20
KH-01834,37,Male,Battambang,Civil Servant,Primary,Poorer,0,0,1,17.4,Good,None,314.0,95.0,0,1.34,2024-01-16
KH-01835,28,Male,Kandal,Rice Farmer,Secondary,Poorest,1,1,0,21.1,Fair,COPD/Asthma,146.0,87.1,0,2.14,2024-07-17
KH-01836,33,Female,Phnom Penh,Rice Farmer,Higher,Richest,0,0,0,22.0,Good,None,202.0,89.8,0,1.51,2024-08-20
KH-01837,31,Male,Phnom Penh,Monk/Retired,Primary,Richest,1,1,1,17.7,Good,Hypertension,130.0,91.2,0,2.55,2024-08-24
KH-01838,32,Male,Kandal,Garment Worker,Secondary,Richer,0,0,0,22.1,Good,Diabetes,199.0,91.0,1,1.7,2024-07-20
KH-01839,30,Female,Siem Reap,Market Vendor,Secondary,Richest,0,0,1,22.5,Good,None,209.0,92.8,0,1.17,2024-01-27
KH-01840,26,Female,Phnom Penh,Garment Worker,Secondary,Richer,0,0,0,26.7,Good,Arthritis,290.0,86.4,0,1.5,2024-10-13
KH-01841,25,Female,Other Provinces,Garment Worker,No education,Middle,0,1,1,25.2,Good,None,110.0,85.7,0,1.31,2024-03-22
KH-01842,39,Female,Phnom Penh,Market Vendor,No education,Richer,0,0,0,20.5,Good,Hypertension,220.0,87.6,0,1.67,2024-05-23
KH-01843,23,Male,Battambang,Market Vendor,Secondary,Poorest,0,1,0,17.7,Good,Hepatitis B,158.0,95.0,0,1.7,2024-06-15
KH-01844,27,Male,Other Provinces,Construction Worker,Higher,Poorest,0,1,0,20.4,Good,Hypertension,258.0,90.3,0,2.11,2024-12-11
KH-01845,37,Male,Other Provinces,Rice Farmer,Secondary,Middle,0,0,0,21.1,Good,COPD/Asthma,111.0,87.8,0,1.89,2024-04-06
KH-01846,44,Male,Kampong Cham,Civil Servant,Primary,Poorest,1,1,0,20.5,Good,None,221.0,80.6,0,2.01,2024-06-07
KH-01847,36,Female,Other Provinces,Rice Farmer,Higher,Poorest,0,0,0,21.2,Good,None,158.0,88.8,0,1.57,2024-02-03
KH-01848,48,Male,Kandal,Market Vendor,Primary,Poorer,0,0,0,21.2,Good,Hypertension,157.0,80.7,0,1.93,2024-01-01
KH-01849,37,Male,Kandal,Garment Worker,Primary,Richest,0,0,0,22.7,Good,None,230.0,83.5,1,1.58,2024-12-21
KH-01850,34,Female,Phnom Penh,Market Vendor,Secondary,Richest,0,1,1,28.6,Good,None,213.0,76.8,0,1.4,2024-08-02
KH-01851,31,Male,Prey Veng,Construction Worker,Secondary,Richer,1,0,0,27.4,Fair,None,198.0,73.6,0,2.1,2024-05-07
KH-01852,57,Female,Other Provinces,Rice Farmer,Higher,Poorer,0,1,0,16.1,Fair,Heart Disease; Hepatitis B,148.0,79.9,1,2.7,2024-01-25
KH-01853,28,Female,Other Provinces,Market Vendor,Primary,Richer,0,0,1,22.5,Good,TB,149.0,89.1,0,1.53,2024-11-16
KH-01854,37,Male,Kampong Cham,Construction Worker,Secondary,Poorest,1,1,1,28.5,Good,TB,234.0,60.5,0,2.67,2024-05-05
KH-01855,30,Male,Kampong Cham,Rice Farmer,Primary,Richer,1,1,0,22.0,Fair,Heart Disease; Hepatitis B,115.0,81.7,1,2.52,2024-02-26
KH-01856,28,Male,Siem Reap,Rice Farmer,Secondary,Richer,0,1,1,24.4,Good,TB,145.0,82.5,0,1.94,2024-11-02
KH-01857,25,Male,Other Provinces,Rice Farmer,Secondary,Poorest,1,1,0,22.5,Fair,None,98.0,86.5,0,1.86,2024-02-03
KH-01858,32,Female,Other Provinces,Garment Worker,Secondary,Richest,0,0,1,22.6,Fair,TB,128.0,84.5,0,1.7,2024-08-22
KH-01859,30,Male,Phnom Penh,Rice Farmer,Primary,Richest,0,0,1,27.2,Good,None,131.0,79.9,0,1.43,2024-04-17
KH-01860,27,Female,Phnom Penh,Monk/Retired,Secondary,Middle,0,0,0,19.7,Fair,None,136.0,95.0,0,1.84,2024-11-04
KH-01861,48,Male,Other Provinces,Construction Worker,Primary,Richest,1,1,0,28.6,Fair,Heart Disease; Arthritis,246.0,55.1,0,3.03,2024-04-12
KH-01862,32,Male,Kampong Cham,Rice Farmer,Primary,Poorest,0,0,0,28.3,Good,None,97.0,74.5,1,1.57,2024-11-06
KH-01863,26,Female,Kampong Cham,Rice Farmer,Secondary,Poorest,0,0,0,24.7,Good,Diabetes; TB,136.0,81.7,0,1.99,2024-02-23
KH-01864,26,Female,Other Provinces,Garment Worker,Secondary,Poorer,1,1,0,23.0,Good,None,188.0,87.5,0,1.71,2024-08-16
KH-01865,24,Female,Kampong Cham,Rice Farmer,Secondary,Richest,0,0,0,20.6,Good,Hepatitis B,115.0,93.2,0,1.67,2024-05-21
KH-01866,33,Female,Other Provinces,Garment Worker,Secondary,Poorest,0,1,1,22.7,Good,None,131.0,86.7,0,1.47,2024-10-31
KH-01867,36,Female,Phnom Penh,Garment Worker,Primary,Poorer,0,0,0,16.9,Good,None,242.0,95.0,0,1.48,2024-07-09
KH-01868,29,Male,Other Provinces,Civil Servant,Secondary,Middle,0,0,0,26.6,Good,Arthritis,299.0,86.7,0,1.5,2024-03-31
KH-01869,37,Female,Other Provinces,Garment Worker,Primary,Richest,0,1,1,22.1,Good,Hypertension,203.0,84.1,0,1.77,2024-06-30
KH-01870,39,Male,Other Provinces,Rice Farmer,Secondary,Richest,1,0,0,27.0,Poor,Hypertension,132.0,69.9,0,2.27,2024-05-20
KH-01871,44,Male,Other Provinces,Moto/Tuk-tuk Driver,Primary,Middle,1,1,1,29.6,Good,TB,137.0,55.2,0,2.9,2024-10-20
KH-01872,41,Female,Other Provinces,Garment Worker,Secondary,Richest,0,0,0,21.4,Good,None,126.0,84.9,0,1.58,2024-09-14
KH-01873,27,Male,Other Provinces,Moto/Tuk-tuk Driver,No education,Richer,1,1,0,17.0,Good,COPD/Asthma,146.0,92.3,0,2.48,2024-02-21
KH-01874,28,Female,Phnom Penh,Rice Farmer,Secondary,Middle,0,0,0,24.2,Fair,None,130.0,87.4,0,1.41,2024-09-11
KH-01875,38,Female,Other Provinces,Market Vendor,Primary,Poorest,0,0,1,21.5,Fair,None,111.0,86.9,0,1.33,2024-02-07
KH-01876,25,Female,Other Provinces,Garment Worker,Higher,Poorest,0,0,0,22.0,Fair,Diabetes,223.0,95.0,0,1.48,2024-11-26
KH-01877,33,Female,Other Provinces,Monk/Retired,Secondary,Richest,0,1,1,21.4,Good,None,62.0,87.0,0,2.01,2024-12-28
KH-01878,41,Female,Battambang,Garment Worker,Higher,Middle,0,0,1,31.4,Good,None,243.0,70.8,0,1.48,2024-07-22
KH-01879,35,Female,Kandal,Market Vendor,Primary,Richest,0,0,0,19.1,Good,Diabetes,203.0,92.8,0,1.59,2024-01-05
KH-01880,24,Female,Kampong Cham,Rice Farmer,Primary,Richest,0,0,1,22.9,Good,None,90.0,91.8,0,1.23,2024-04-27
KH-01881,43,Male,Other Provinces,Rice Farmer,Primary,Richer,0,1,0,25.2,Fair,Hypertension; Diabetes,108.0,72.7,1,2.38,2024-02-19
KH-01882,26,Male,Kandal,Construction Worker,Secondary,Richer,1,1,0,21.1,Poor,Arthritis; Hepatitis B,244.0,82.1,0,2.77,2024-12-10
KH-01883,29,Female,Kampong Cham,Garment Worker,Secondary,Richest,0,0,1,24.9,Fair,None,188.0,87.2,0,1.24,2024-09-11
KH-01884,29,Male,Prey Veng,Construction Worker,Secondary,Poorest,1,1,1,21.8,Good,None,222.0,83.3,0,2.11,2024-08-25
KH-01885,28,Male,Kampong Cham,Market Vendor,Secondary,Middle,1,1,1,20.7,Good,None,123.0,94.0,0,1.64,2024-12-04
KH-01886,40,Male,Other Provinces,Construction Worker,Primary,Richest,0,0,0,24.8,Good,Hepatitis B,156.0,69.4,0,2.34,2024-07-16
KH-01887,51,Male,Kampong Cham,Market Vendor,Primary,Poorer,0,0,1,19.7,Good,Heart Disease,184.0,83.0,0,1.89,2024-02-03
KH-01888,24,Male,Kampong Cham,Rice Farmer,Primary,Poorer,0,0,1,21.1,Good,None,83.0,95.0,0,1.31,2024-02-28
KH-01889,26,Female,Other Provinces,Rice Farmer,Primary,Poorest,0,0,0,25.6,Poor,None,99.0,81.5,0,1.43,2024-11-06
KH-01890,22,Female,Other Provinces,Rice Farmer,Secondary,Poorer,0,0,1,22.6,Good,COPD/Asthma,90.0,95.0,0,1.41,2024-07-08
KH-01891,38,Male,Kandal,Civil Servant,Primary,Richer,0,0,1,24.8,Good,None,383.0,84.6,0,1.36,2024-03-08
KH-01892,36,Male,Siem Reap,Rice Farmer,Primary,Richest,0,0,0,16.6,Good,Arthritis,93.0,94.3,0,1.87,2024-03-01
KH-01893,27,Male,Prey Veng,Rice Farmer,Higher,Poorer,1,1,0,23.4,Good,None,137.0,86.8,0,1.9,2024-11-27
KH-01894,36,Male,Phnom Penh,Market Vendor,Secondary,Poorer,1,0,0,26.1,Good,Diabetes,244.0,78.4,0,1.97,2024-08-20
KH-01895,25,Male,Siem Reap,Monk/Retired,Primary,Richer,0,1,1,25.7,Poor,None,76.0,82.2,0,1.99,2024-01-27
KH-01896,30,Female,Phnom Penh,Rice Farmer,Secondary,Richer,1,1,0,21.7,Good,None,166.0,87.3,0,1.88,2024-05-26
KH-01897,30,Female,Other Provinces,Civil Servant,No education,Richest,0,0,0,24.7,Fair,None,251.0,84.9,0,1.22,2024-10-27
KH-01898,28,Female,Phnom Penh,Market Vendor,No education,Middle,0,0,1,23.0,Fair,None,193.0,90.6,0,1.13,2024-09-03
KH-01899,24,Female,Phnom Penh,Garment Worker,Secondary,Poorer,0,0,1,22.0,Good,None,296.0,95.0,0,1.14,2024-08-24
KH-01900,26,Male,Other Provinces,Civil Servant,Primary,Richest,0,1,1,20.7,Good,None,303.0,95.0,0,1.27,2024-03-11
KH-01901,28,Male,Other Provinces,Construction Worker,No education,Richer,0,1,0,24.5,Good,Diabetes; Hepatitis B,152.0,75.8,0,2.47,2024-11-17
KH-01902,30,Male,Prey Veng,Monk/Retired,Primary,Middle,0,1,0,24.0,Good,None,55.0,82.1,0,2.13,2024-03-28
KH-01903,39,Male,Phnom Penh,Market Vendor,Secondary,Richest,1,1,0,24.2,Good,None,251.0,77.8,0,1.96,2024-10-22
KH-01904,32,Female,Other Provinces,Market Vendor,Higher,Poorest,0,1,1,16.0,Fair,None,125.0,95.0,0,1.36,2024-04-30
KH-01905,64,Male,Other Provinces,Moto/Tuk-tuk Driver,Secondary,Middle,0,1,0,23.6,Good,None,169.0,60.9,0,2.72,2024-11-26
KH-01906,25,Female,Other Provinces,Market Vendor,No education,Poorest,0,0,0,21.4,Good,None,130.0,93.0,0,1.17,2024-12-22
KH-01907,34,Male,Preah Sihanouk,Rice Farmer,Secondary,Richest,0,1,1,27.4,Good,Hepatitis B,126.0,73.5,0,2.0,2024-05-31
KH-01908,23,Male,Kandal,Garment Worker,No education,Poorest,0,1,1,16.0,Poor,None,232.0,95.0,0,1.41,2024-01-03
KH-01909,27,Male,Siem Reap,Monk/Retired,Primary,Richest,0,1,1,20.1,Good,None,167.0,91.8,0,1.97,2024-12-09
KH-01910,22,Female,Other Provinces,Garment Worker,Secondary,Richer,1,0,0,16.0,Fair,TB,147.0,95.0,0,1.88,2024-10-12
KH-01911,24,Male,Kampong Cham,Construction Worker,Primary,Richest,0,1,0,23.7,Good,Heart Disease,210.0,82.9,0,2.05,2024-07-05
KH-01912,30,Female,Other Provinces,Rice Farmer,Primary,Poorest,0,0,1,19.7,Good,None,99.0,93.4,0,1.35,2024-08-21
KH-01913,40,Male,Phnom Penh,Market Vendor,Higher,Richest,0,1,1,21.8,Good,Heart Disease,312.0,87.7,0,1.82,2024-12-16
KH-01914,25,Male,Other Provinces,Moto/Tuk-tuk Driver,Primary,Richer,0,1,1,18.4,Fair,None,147.0,95.0,1,1.84,2024-11-09
KH-01915,29,Male,Other Provinces,Construction Worker,Secondary,Middle,1,1,1,18.3,Good,None,230.0,91.4,0,2.11,2024-03-06
KH-01916,38,Female,Other Provinces,Market Vendor,Secondary,Richest,0,0,1,23.9,Good,COPD/Asthma; Arthritis; Hepatitis B,164.0,82.0,0,2.11,2024-11-12
KH-01917,34,Female,Other Provinces,Garment Worker,Secondary,Poorer,0,0,1,22.2,Good,None,193.0,89.7,0,1.34,2024-12-10
KH-01918,30,Female,Other Provinces,Garment Worker,Primary,Poorest,0,1,0,21.8,Good,None,115.0,87.3,0,1.51,2024-11-01
KH-01919,23,Male,Other Provinces,Civil Servant,Primary,Poorer,0,1,1,29.2,Good,None,309.0,82.9,0,1.21,2024-08-09
KH-01920,42,Female,Other Provinces,Market Vendor,Secondary,Poorest,0,1,1,27.4,Good,Hypertension,188.0,73.3,0,1.78,2024-05-18
KH-01921,21,Female,Phnom Penh,Garment Worker,No education,Richest,0,1,0,24.7,Poor,TB,273.0,79.7,0,1.79,2024-01-28
KH-01922,26,Female,Other Provinces,Market Vendor,Secondary,Poorest,0,0,1,19.7,Good,None,93.0,95.0,0,1.09,2024-06-07
KH-01923,31,Male,Other Provinces,Rice Farmer,Higher,Middle,0,1,0,18.6,Fair,None,115.0,95.0,0,1.7,2024-05-17
KH-01924,23,Female,Kampong Cham,Garment Worker,Higher,Poorest,0,0,1,19.3,Good,None,228.0,95.0,0,1.12,2024-10-02
KH-01925,25,Female,Phnom Penh,Garment Worker,Secondary,Middle,0,0,0,25.7,Good,Hypertension,325.0,88.4,0,1.48,2024-07-28
KH-01926,46,Male,Other Provinces,Construction Worker,No education,Richer,1,1,1,20.8,Fair,COPD/Asthma,139.0,72.5,1,2.67,2024-03-03
KH-01927,24,Male,Kandal,Moto/Tuk-tuk Driver,Secondary,Middle,0,0,1,20.2,Fair,None,237.0,95.0,1,1.67,2024-10-25
KH-01928,32,Male,Kandal,Market Vendor,Primary,Poorest,1,1,0,19.6,Good,None,164.0,88.9,0,1.82,2024-09-11
KH-01929,44,Female,Other Provinces,Garment Worker,Secondary,Middle,0,0,0,19.5,Good,None,206.0,87.5,0,1.64,2024-04-25
KH-01930,31,Female,Phnom Penh,Market Vendor,Secondary,Middle,0,0,0,26.1,Good,Hepatitis B,219.0,82.0,0,1.63,2024-04-19
KH-01931,39,Female,Battambang,Rice Farmer,Primary,Poorer,0,0,0,20.8,Good,Hypertension; COPD/Asthma,120.0,84.7,0,2.07,2024-12-21
KH-01932,27,Male,Siem Reap,Civil Servant,Secondary,Middle,1,0,0,19.9,Good,None,449.0,95.0,0,1.52,2024-10-18
KH-01933,39,Male,Phnom Penh,Garment Worker,Secondary,Richer,1,1,1,30.7,Fair,TB,265.0,61.9,0,2.35,2024-07-28
KH-01934,48,Female,Prey Veng,Market Vendor,Secondary,Poorest,0,0,0,25.2,Good,None,117.0,74.0,0,1.63,2024-08-14
KH-01935,35,Male,Other Provinces,Market Vendor,Primary,Poorer,0,0,1,26.2,Good,None,123.0,81.3,0,1.35,2024-10-27
KH-01936,44,Female,Other Provinces,Rice Farmer,Primary,Middle,0,0,0,26.3,Good,TB,91.0,67.0,0,2.13,2024-12-29
KH-01937,31,Female,Battambang,Rice Farmer,Primary,Poorest,0,0,1,21.1,Good,None,158.0,90.1,0,1.37,2024-07-20
KH-01938,38,Female,Battambang,Rice Farmer,Primary,Richest,0,1,1,29.4,Good,Hypertension; Hepatitis B,144.0,65.5,0,2.22,2024-03-09
KH-01939,26,Male,Phnom Penh,Rice Farmer,Primary,Poorest,1,0,1,16.5,Good,None,128.0,95.0,0,1.63,2024-06-30
KH-01940,37,Male,Phnom Penh,Market Vendor,Primary,Poorer,0,1,1,24.4,Good,Diabetes,183.0,81.4,0,1.76,2024-11-15
KH-01941,35,Female,Other Provinces,Market Vendor,Primary,Middle,0,1,0,25.1,Good,None,160.0,80.7,0,1.52,2024-10-09
KH-01942,25,Female,Kampong Cham,Garment Worker,Primary,Poorer,0,1,0,20.4,Good,Diabetes; Heart Disease,154.0,93.9,0,1.85,2024-04-27
KH-01943,30,Female,Kampong Cham,Garment Worker,Secondary,Poorer,0,0,1,23.7,Good,Hypertension,177.0,89.5,0,1.48,2024-04-24
KH-01944,27,Male,Other Provinces,Rice Farmer,Secondary,Richest,0,1,1,21.5,Good,None,114.0,92.1,1,1.52,2024-04-06
KH-01945,27,Male,Other Provinces,Rice Farmer,Secondary,Richest,0,0,0,17.6,Good,Hepatitis B,93.0,95.0,0,1.81,2024-11-08
KH-01946,45,Male,Other Provinces,Construction Worker,Primary,Richest,0,1,0,29.3,Poor,None,149.0,56.8,0,2.31,2024-11-22
KH-01947,39,Female,Phnom Penh,Garment Worker,Secondary,Richer,0,0,1,18.5,Good,None,317.0,94.7,0,1.44,2024-03-22
KH-01948,25,Male,Kampong Cham,Civil Servant,Secondary,Poorer,0,0,0,25.0,Good,None,345.0,91.5,0,1.2,2024-06-01
KH-01949,41,Male,Other Provinces,Garment Worker,Primary,Poorer,0,1,0,30.7,Good,None,178.0,64.2,0,1.81,2024-06-14
KH-01950,23,Male,Siem Reap,Moto/Tuk-tuk Driver,Secondary,Poorer,0,0,0,23.3,Good,Arthritis; Hepatitis B,243.0,86.5,0,2.31,2024-12-28
KH-01951,44,Female,Phnom Penh,Market Vendor,Secondary,Poorest,0,0,0,26.0,Good,Hepatitis B,204.0,72.1,1,1.89,2024-03-17
KH-01952,37,Male,Prey Veng,Rice Farmer,No education,Middle,1,1,0,16.2,Good,None,88.0,89.3,0,2.1,2024-05-03
KH-01953,26,Male,Other Provinces,Rice Farmer,Secondary,Middle,1,0,1,18.1,Good,Hepatitis B,111.0,95.0,0,1.97,2024-09-06
KH-01954,24,Female,Preah Sihanouk,Garment Worker,Secondary,Richer,0,0,0,17.0,Fair,None,267.0,95.0,0,1.24,2024-12-21
KH-01955,24,Female,Siem Reap,Moto/Tuk-tuk Driver,Secondary,Middle,0,0,1,22.3,Good,None,227.0,93.0,0,1.59,2024-03-29
KH-01956,36,Male,Other Provinces,Moto/Tuk-tuk Driver,Secondary,Poorest,0,0,0,23.0,Good,None,130.0,80.7,0,2.01,2024-01-24
KH-01957,48,Male,Other Provinces,Rice Farmer,Secondary,Richest,0,0,0,24.2,Good,Heart Disease,90.0,73.8,0,2.11,2024-02-10
KH-01958,26,Male,Other Provinces,Construction Worker,Secondary,Poorest,0,1,0,22.6,Good,TB,222.0,79.7,0,2.27,2024-11-07
KH-01959,48,Male,Prey Veng,Market Vendor,Primary,Poorest,0,1,0,21.7,Fair,Hypertension,156.0,76.5,0,2.08,2024-08-16
KH-01960,29,Female,Phnom Penh,Market Vendor,Secondary,Richer,0,0,0,18.8,Good,None,237.0,95.0,1,1.25,2024-08-28
KH-01961,31,Female,Phnom Penh,Monk/Retired,No education,Richer,0,0,0,23.7,Good,None,120.0,83.0,0,1.92,2024-03-29
KH-01962,24,Female,Siem Reap,Garment Worker,Secondary,Middle,0,0,1,24.1,Fair,None,194.0,93.0,0,1.14,2024-05-27
KH-01963,30,Male,Phnom Penh,Monk/Retired,Higher,Richer,1,1,1,25.0,Fair,None,114.0,82.9,0,2.31,2024-12-26
KH-01964,27,Male,Phnom Penh,Rice Farmer,Primary,Richest,0,1,0,29.4,Good,None,174.0,74.2,0,1.62,2024-05-15
KH-01965,25,Female,Other Provinces,Rice Farmer,Secondary,Poorer,0,1,0,22.1,Good,None,134.0,91.0,0,1.5,2024-11-10
KH-01966,32,Female,Kandal,Rice Farmer,Primary,Richer,0,0,1,19.9,Good,None,125.0,93.8,0,1.39,2024-08-23
KH-01967,43,Female,Other Provinces,Rice Farmer,Secondary,Poorer,0,1,1,23.9,Fair,TB,102.0,71.9,0,2.16,2024-12-26
KH-01968,32,Female,Battambang,Rice Farmer,Primary,Richer,0,0,1,24.0,Poor,None,115.0,84.1,0,1.45,2024-12-09
KH-01969,37,Female,Prey Veng,Garment Worker,Secondary,Richer,0,0,0,22.1,Good,Diabetes,188.0,87.8,0,1.72,2024-04-15
KH-01970,34,Male,Other Provinces,Rice Farmer,Secondary,Poorer,1,1,0,19.3,Good,None,55.0,87.8,0,2.04,2024-08-19
KH-01971,23,Female,Other Provinces,Rice Farmer,Secondary,Middle,0,0,1,19.1,Fair,None,92.0,95.0,0,1.21,2024-04-05
KH-01972,31,Female,Other Provinces,Market Vendor,Secondary,Poorest,0,0,1,20.5,Fair,Hepatitis B,170.0,91.9,0,1.53,2024-03-31
KH-01973,31,Male,Prey Veng,Monk/Retired,Secondary,Richer,0,1,0,21.5,Good,TB,55.0,83.2,0,2.55,2024-10-14
KH-01974,32,Female,Kandal,Garment Worker,No education,Poorest,1,0,1,19.2,Fair,None,201.0,89.7,0,1.58,2024-10-17
KH-01975,46,Female,Kampong Cham,Garment Worker,Secondary,Richer,0,0,0,19.2,Good,Hypertension,233.0,87.3,0,1.9,2024-10-12
KH-01976,22,Female,Other Provinces,Civil Servant,Higher,Richer,0,0,0,21.1,Good,None,373.0,95.0,0,1.06,2024-10-17
KH-01977,27,Male,Siem Reap,Civil Servant,Secondary,Poorest,0,1,0,18.1,Fair,None,420.0,95.0,0,1.39,2024-11-07
KH-01978,34,Male,Siem Reap,Market Vendor,Primary,Poorer,1,1,1,16.0,Fair,None,184.0,95.0,0,1.76,2024-02-21
KH-01979,34,Female,Other Provinces,Garment Worker,Higher,Middle,0,0,0,25.6,Good,Diabetes,237.0,84.7,0,1.66,2024-11-29
KH-01980,26,Female,Other Provinces,Moto/Tuk-tuk Driver,Secondary,Poorer,0,0,1,25.5,Good,Hypertension,121.0,84.9,0,1.85,2024-09-26
KH-01981,36,Male,Other Provinces,Rice Farmer,Secondary,Poorer,0,0,0,29.3,Good,Diabetes,77.0,72.4,0,1.87,2024-03-06
KH-01982,41,Female,Other Provinces,Rice Farmer,Secondary,Richer,0,1,0,26.5,Good,COPD/Asthma,90.0,73.6,0,2.04,2024-06-07
KH-01983,28,Male,Other Provinces,Construction Worker,Higher,Richer,0,1,1,21.0,Good,None,217.0,92.1,0,1.81,2024-03-19
KH-01984,43,Female,Other Provinces,Rice Farmer,Secondary,Richer,0,0,0,25.1,Good,None,87.0,76.9,0,1.71,2024-08-11
KH-01985,41,Male,Other Provinces,Rice Farmer,No education,Middle,0,0,0,20.0,Good,None,69.0,84.1,0,1.75,2024-11-03
KH-01986,32,Male,Other Provinces,Market Vendor,Secondary,Richer,1,1,1,22.8,Good,None,149.0,88.0,0,1.72,2024-01-30
KH-01987,24,Female,Other Provinces,Market Vendor,Primary,Middle,0,0,1,16.7,Good,None,144.0,95.0,0,1.05,2024-04-21
KH-01988,27,Male,Other Provinces,Monk/Retired,Secondary,Richer,0,1,0,24.4,Fair,None,81.0,84.9,0,2.07,2024-03-08
KH-01989,41,Male,Other Provinces,Market Vendor,Primary,Poorer,0,1,0,23.8,Good,None,70.0,78.4,1,1.72,2024-08-27
KH-01990,45,Female,Battambang,Monk/Retired,No education,Middle,0,0,0,19.9,Good,None,95.0,80.4,1,2.2,2024-01-02
KH-01991,32,Male,Other Provinces,Moto/Tuk-tuk Driver,Primary,Poorer,0,1,0,19.8,Fair,Hypertension,123.0,86.1,0,2.3,2024-11-30
KH-01992,36,Female,Kampong Cham,Garment Worker,Secondary,Poorer,0,0,0,25.1,Good,Diabetes,222.0,81.5,1,1.7,2024-05-19
KH-01993,36,Male,Other Provinces,Moto/Tuk-tuk Driver,Higher,Poorer,0,1,0,22.6,Fair,None,257.0,81.9,1,2.16,2024-01-31
KH-01994,37,Female,Other Provinces,Garment Worker,Secondary,Poorer,0,0,0,32.1,Good,Diabetes,163.0,67.8,0,1.72,2024-11-13
KH-01995,44,Female,Other Provinces,Garment Worker,Primary,Middle,0,0,0,26.3,Good,Hypertension,179.0,73.3,0,1.86,2024-01-22
KH-01996,34,Male,Other Provinces,Civil Servant,Primary,Richest,0,1,1,23.2,Fair,Heart Disease,268.0,86.1,0,1.65,2024-07-11
KH-01997,26,Male,Phnom Penh,Market Vendor,Secondary,Richer,0,1,1,21.0,Good,Hypertension,281.0,95.0,0,1.54,2024-04-26
KH-01998,31,Female,Phnom Penh,Civil Servant,Primary,Richer,0,0,1,16.0,Good,None,462.0,95.0,0,1.14,2024-11-16
KH-01999,35,Male,Preah Sihanouk,Moto/Tuk-tuk Driver,Secondary,Richest,0,0,1,26.3,Fair,Hypertension,264.0,76.8,0,2.11,2024-09-09
KH-02000,25,Female,Other Provinces,Garment Worker,Secondary,Richest,1,1,0,25.8,Good,Hypertension,168.0,82.6,0,1.91,2024-11-04
