applicant_id,age,gender,region,occupation,is_smoking,is_exercise,bmi,pre_existing_conditions,monthly_income_usd,health_score,has_family_history,mortality_multiplier,application_date
KH-00001,36,Female,Other Provinces,Rice Farmer,0,0,21.5,Hypertension,55.0,89.2,0,1.79,2024-02-28
KH-00002,41,Female,Phnom Penh,Monk/Retired,0,0,26.4,Heart Disease; Hepatitis B,114.0,71.0,0,2.68,2024-04-01
KH-00003,25,Female,Phnom Penh,Civil Servant,0,0,21.6,None,465.0,95.0,0,1.12,2024-12-03
KH-00004,29,Male,Other Provinces,Monk/Retired,1,1,16.9,Diabetes,55.0,95.0,0,2.36,2024-01-28
KH-00005,35,Female,Phnom Penh,Garment Worker,0,0,25.5,None,262.0,82.7,1,1.46,2024-03-03
KH-00006,31,Male,Prey Veng,Moto/Tuk-tuk Driver,0,1,22.7,None,189.0,87.4,0,1.81,2024-11-26
KH-00007,26,Male,Other Provinces,Rice Farmer,0,1,20.9,None,55.0,95.0,1,1.35,2024-02-21
KH-00008,44,Female,Other Provinces,Market Vendor,0,1,21.8,Hepatitis B,129.0,82.6,0,1.79,2024-09-11
KH-00009,31,Male,Battambang,Construction Worker,0,0,26.4,None,201.0,78.3,0,1.82,2024-09-23
KH-00010,20,Male,Phnom Penh,Civil Servant,0,0,17.8,None,473.0,95.0,0,1.1,2024-05-31
KH-00011,40,Male,Other Provinces,Construction Worker,1,0,22.2,Hepatitis B,151.0,76.0,0,2.62,2024-05-14
KH-00012,32,Male,Kampong Cham,Moto/Tuk-tuk Driver,1,0,24.9,None,171.0,80.1,0,2.21,2024-07-10
KH-00013,25,Female,Other Provinces,Civil Servant,0,0,22.4,None,315.0,95.0,0,1.12,2024-12-25
KH-00014,33,Female,Kampong Cham,Market Vendor,0,0,22.7,Hepatitis B,115.0,88.3,0,1.67,2024-01-20
KH-00015,45,Female,Other Provinces,Garment Worker,0,0,24.9,COPD/Asthma,174.0,77.1,0,1.88,2024-04-17
KH-00016,25,Female,Phnom Penh,Rice Farmer,0,0,16.7,None,168.0,95.0,0,1.35,2024-05-08
KH-00017,29,Male,Other Provinces,Market Vendor,0,0,21.0,TB,148.0,92.6,0,1.73,2024-08-05
KH-00018,39,Female,Other Provinces,Garment Worker,1,0,21.9,None,193.0,85.6,0,1.82,2024-06-26
KH-00019,25,Male,Other Provinces,Market Vendor,1,1,22.2,None,101.0,95.0,0,1.43,2024-11-09
KH-00020,26,Male,Other Provinces,Civil Servant,1,0,16.6,None,261.0,95.0,1,1.5,2024-09-29
KH-00021,29,Female,Kampong Cham,Rice Farmer,0,0,30.7,None,93.0,74.4,0,1.43,2024-07-04
KH-00022,34,Male,Other Provinces,Garment Worker,1,0,19.9,None,179.0,93.2,0,1.8,2024-12-30
KH-00023,43,Male,Other Provinces,Construction Worker,0,0,21.6,COPD/Asthma; TB,198.0,75.3,0,2.68,2024-12-13
KH-00024,26,Male,Siem Reap,Garment Worker,0,0,22.4,None,242.0,95.0,0,1.36,2024-09-15
KH-00025,31,Female,Kampong Cham,Rice Farmer,0,0,24.4,None,66.0,86.4,0,1.47,2024-08-29
KH-00026,52,Female,Kandal,Garment Worker,0,0,25.7,Diabetes; Heart Disease; Arthritis,210.0,70.6,0,2.46,2024-05-12
KH-00027,32,Female,Other Provinces,Civil Servant,0,0,21.5,None,298.0,95.0,0,1.26,2024-02-23
KH-00028,48,Male,Phnom Penh,Construction Worker,0,0,24.8,None,300.0,70.1,0,2.16,2024-01-30
KH-00029,41,Male,Kandal,Civil Servant,0,0,23.2,None,388.0,86.0,0,1.52,2024-07-02
KH-00030,25,Male,Other Provinces,Moto/Tuk-tuk Driver,1,1,21.4,None,170.0,92.3,1,1.97,2024-02-16
KH-00031,27,Female,Other Provinces,Rice Farmer,0,1,22.1,Hepatitis B,126.0,91.0,0,1.63,2024-08-25
KH-00032,25,Female,Phnom Penh,Civil Servant,0,1,25.4,None,474.0,92.3,0,1.02,2024-08-15
KH-00033,60,Female,Battambang,Rice Farmer,0,0,25.8,None,86.0,63.6,0,2.05,2024-11-06
KH-00034,26,Male,Phnom Penh,Rice Farmer,0,0,27.9,None,160.0,82.4,0,1.45,2024-07-30
KH-00035,22,Female,Other Provinces,Garment Worker,0,1,21.3,None,203.0,95.0,0,1.1,2024-02-07
KH-00036,39,Male,Siem Reap,Civil Servant,1,0,23.6,None,458.0,84.6,0,1.76,2024-03-02
KH-00037,40,Female,Other Provinces,Garment Worker,0,0,21.0,None,177.0,88.8,0,1.56,2024-01-15
KH-00038,37,Female,Preah Sihanouk,Market Vendor,0,0,20.7,None,178.0,92.8,0,1.41,2024-01-15
KH-00039,28,Male,Other Provinces,Market Vendor,0,1,22.9,None,140.0,94.3,0,1.21,2024-04-20
KH-00040,65,Male,Other Provinces,Rice Farmer,1,0,21.9,Hypertension,97.0,66.5,0,2.73,2024-11-08
KH-00041,24,Female,Other Provinces,Garment Worker,0,1,18.2,None,185.0,95.0,0,1.14,2024-12-09
KH-00042,23,Female,Other Provinces,Rice Farmer,0,1,24.4,None,107.0,91.9,0,1.21,2024-06-06
KH-00043,64,Female,Other Provinces,Garment Worker,0,1,19.9,None,198.0,74.7,1,1.94,2024-09-03
KH-00044,45,Male,Kandal,Moto/Tuk-tuk Driver,0,0,25.4,None,238.0,72.1,0,2.19,2024-01-07
KH-00045,46,Male,Phnom Penh,Civil Servant,0,1,25.7,Heart Disease,458.0,77.3,0,1.74,2024-12-29
KH-00046,36,Male,Other Provinces,Moto/Tuk-tuk Driver,0,1,28.6,None,191.0,71.5,1,1.91,2024-05-25
KH-00047,45,Female,Phnom Penh,Garment Worker,0,1,23.5,None,312.0,80.1,0,1.56,2024-05-09
KH-00048,28,Male,Other Provinces,Rice Farmer,0,1,19.3,Hepatitis B,132.0,95.0,0,1.73,2024-08-14
KH-00049,34,Female,Kandal,Market Vendor,0,0,22.2,Arthritis; Hepatitis B,165.0,88.6,0,1.91,2024-10-31
KH-00050,27,Female,Other Provinces,Garment Worker,0,0,25.0,Hepatitis B,202.0,86.2,0,1.64,2024-07-17
KH-00051,21,Female,Other Provinces,Rice Farmer,0,1,20.4,None,105.0,95.0,0,1.17,2024-12-29
KH-00052,42,Male,Other Provinces,Moto/Tuk-tuk Driver,0,0,19.8,Diabetes; Hepatitis B,106.0,83.1,1,2.69,2024-11-13
KH-00053,59,Male,Other Provinces,Construction Worker,0,1,22.7,Arthritis; TB,134.0,62.0,0,2.9,2024-05-19
KH-00054,24,Male,Other Provinces,Rice Farmer,0,0,21.4,Hepatitis B,84.0,94.6,0,1.75,2024-09-18
KH-00055,36,Male,Other Provinces,Moto/Tuk-tuk Driver,0,0,25.9,Arthritis,109.0,77.2,0,2.23,2024-01-29
KH-00056,26,Male,Other Provinces,Civil Servant,0,1,17.8,None,275.0,95.0,0,1.12,2024-08-11
KH-00057,40,Male,Other Provinces,Moto/Tuk-tuk Driver,0,1,22.9,None,178.0,80.9,0,1.99,2024-09-05
KH-00058,31,Female,Other Provinces,Rice Farmer,0,0,21.0,None,103.0,93.6,0,1.47,2024-11-21
KH-00059,44,Male,Kandal,Construction Worker,0,1,22.4,COPD/Asthma,225.0,77.9,0,2.2,2024-01-07
KH-00060,53,Female,Other Provinces,Garment Worker,1,0,22.8,None,205.0,74.1,0,2.1,2024-04-01
KH-00061,35,Male,Other Provinces,Construction Worker,1,0,23.3,None,184.0,80.1,0,2.18,2024-07-17
KH-00062,24,Male,Phnom Penh,Rice Farmer,0,1,23.9,None,141.0,92.3,0,1.31,2024-07-23
KH-00063,31,Male,Battambang,Monk/Retired,0,0,18.9,TB,57.0,91.8,0,2.4,2024-08-29
KH-00064,24,Female,Other Provinces,Rice Farmer,0,1,26.4,Hepatitis B,120.0,84.0,0,1.57,2024-12-24
KH-00065,23,Male,Other Provinces,Market Vendor,0,0,24.0,None,184.0,95.0,0,1.21,2024-08-30
KH-00066,42,Female,Other Provinces,Garment Worker,0,0,19.4,Hepatitis B,193.0,87.8,0,1.94,2024-11-27
KH-00067,43,Male,Other Provinces,Construction Worker,0,1,22.2,None,153.0,79.0,0,1.96,2024-01-21
KH-00068,23,Male,Phnom Penh,Market Vendor,1,1,22.5,None,247.0,95.0,0,1.39,2024-01-28
KH-00069,39,Male,Other Provinces,Rice Farmer,1,1,19.0,None,93.0,90.4,1,1.89,2024-06-23
KH-00070,29,Male,Prey Veng,Civil Servant,0,1,21.6,None,294.0,95.0,0,1.18,2024-07-24
KH-00071,26,Female,Other Provinces,Rice Farmer,0,0,25.9,None,91.0,86.7,0,1.37,2024-06-05
KH-00072,29,Male,Other Provinces,Rice Farmer,0,0,24.8,Diabetes,111.0,86.9,0,1.73,2024-03-09
KH-00073,21,Male,Other Provinces,Garment Worker,0,1,24.2,None,194.0,95.0,0,1.16,2024-11-05
KH-00074,29,Female,Siem Reap,Market Vendor,0,0,16.0,Hypertension,239.0,95.0,0,1.47,2024-04-26
KH-00075,32,Female,Prey Veng,Garment Worker,0,0,18.3,None,133.0,95.0,0,1.4,2024-02-21
KH-00076,31,Male,Other Provinces,Moto/Tuk-tuk Driver,0,0,22.6,None,209.0,87.6,0,1.91,2024-03-24
KH-00077,46,Male,Phnom Penh,Market Vendor,0,1,23.4,None,194.0,80.9,0,1.57,2024-02-29
KH-00078,40,Male,Other Provinces,Construction Worker,1,0,29.8,None,136.0,62.9,1,2.28,2024-09-14
KH-00079,38,Female,Prey Veng,Garment Worker,0,0,17.5,None,132.0,95.0,0,1.52,2024-09-25
KH-00080,24,Male,Phnom Penh,Construction Worker,0,0,19.8,Hepatitis B,264.0,94.1,0,2.02,2024-02-05
KH-00081,33,Female,Kandal,Garment Worker,1,0,22.7,Arthritis,242.0,88.0,1,1.92,2024-08-18
KH-00082,24,Male,Other Provinces,Moto/Tuk-tuk Driver,1,1,17.7,None,139.0,95.0,0,1.95,2024-05-22
KH-00083,32,Male,Other Provinces,Civil Servant,1,1,21.6,None,364.0,93.6,0,1.52,2024-01-25
KH-00084,29,Female,Phnom Penh,Garment Worker,0,1,24.3,COPD/Asthma; Arthritis,277.0,89.3,0,1.68,2024-01-05
KH-00085,30,Male,Other Provinces,Rice Farmer,1,1,26.3,None,60.0,81.1,0,1.71,2024-05-03
KH-00086,40,Male,Other Provinces,Construction Worker,1,0,21.7,None,156.0,80.1,0,2.28,2024-03-05
KH-00087,41,Female,Kandal,Rice Farmer,0,0,20.7,None,160.0,87.4,0,1.67,2024-02-11
KH-00088,34,Male,Other Provinces,Construction Worker,0,0,28.6,None,172.0,71.6,0,1.88,2024-03-27
KH-00089,30,Female,Other Provinces,Rice Farmer,0,1,21.9,None,136.0,92.4,0,1.35,2024-02-07
KH-00090,38,Male,Other Provinces,Civil Servant,0,1,19.7,None,271.0,95.0,0,1.36,2024-09-25
KH-00091,48,Female,Other Provinces,Rice Farmer,0,0,23.8,None,65.0,76.1,0,1.81,2024-04-28
KH-00092,40,Male,Kampong Cham,Moto/Tuk-tuk Driver,0,0,25.9,None,150.0,74.5,0,2.09,2024-03-28
KH-00093,25,Female,Other Provinces,Market Vendor,0,0,16.2,None,142.0,95.0,0,1.17,2024-01-10
KH-00094,30,Male,Other Provinces,Market Vendor,0,0,22.8,Hypertension,144.0,93.1,0,1.57,2024-07-04
KH-00095,26,Male,Other Provinces,Moto/Tuk-tuk Driver,0,0,16.3,Hepatitis B,215.0,95.0,0,2.15,2024-09-10
KH-00096,55,Female,Other Provinces,Market Vendor,0,0,24.1,Hepatitis B,121.0,70.2,0,2.11,2024-10-29
KH-00097,25,Female,Other Provinces,Rice Farmer,0,0,26.6,COPD/Asthma; Arthritis,55.0,85.9,0,1.79,2024-02-04
KH-00098,33,Female,Other Provinces,Civil Servant,0,1,22.0,None,285.0,94.0,0,1.18,2024-05-31
KH-00099,29,Female,Phnom Penh,Rice Farmer,0,1,22.5,None,108.0,91.8,0,1.33,2024-01-07
KH-00100,39,Female,Kampong Cham,Market Vendor,0,0,23.3,None,170.0,85.9,0,1.45,2024-06-09
KH-00101,29,Male,Other Provinces,Moto/Tuk-tuk Driver,0,1,20.7,None,184.0,93.0,0,1.77,2024-05-04
KH-00102,40,Male,Kampong Cham,Construction Worker,0,0,25.2,COPD/Asthma,178.0,74.7,0,2.22,2024-06-16
KH-00103,40,Male,Preah Sihanouk,Rice Farmer,1,0,22.3,None,165.0,82.7,0,2.01,2024-02-11
KH-00104,30,Male,Other Provinces,Rice Farmer,0,0,20.9,None,105.0,94.5,1,1.53,2024-10-28
KH-00105,25,Male,Siem Reap,Monk/Retired,1,1,21.9,Hypertension,111.0,92.5,0,2.28,2024-08-03
KH-00106,38,Female,Other Provinces,Garment Worker,0,1,20.8,None,146.0,90.6,0,1.42,2024-10-15
KH-00107,35,Female,Other Provinces,Rice Farmer,0,1,19.6,TB,117.0,88.9,0,1.85,2024-02-08
KH-00108,33,Male,Phnom Penh,Civil Servant,1,1,19.3,TB,452.0,92.8,1,1.94,2024-04-11
KH-00109,38,Male,Other Provinces,Construction Worker,0,1,21.5,None,136.0,83.9,0,1.86,2024-08-14
KH-00110,30,Female,Other Provinces,Moto/Tuk-tuk Driver,0,1,25.3,None,175.0,82.6,0,1.71,2024-06-20
KH-00111,34,Male,Other Provinces,Moto/Tuk-tuk Driver,1,0,24.3,None,174.0,80.0,1,2.25,2024-03-16
KH-00112,22,Male,Other Provinces,Monk/Retired,0,1,19.8,None,55.0,95.0,0,1.72,2024-10-17
KH-00113,24,Female,Other Provinces,Civil Servant,0,1,16.0,None,299.0,95.0,0,1.0,2024-07-01
KH-00114,45,Male,Preah Sihanouk,Market Vendor,1,0,24.9,Hepatitis B,185.0,73.4,0,2.27,2024-12-08
KH-00115,39,Male,Other Provinces,Rice Farmer,0,0,24.0,None,125.0,81.8,0,1.71,2024-07-28
KH-00116,34,Female,Phnom Penh,Rice Farmer,0,0,23.7,None,216.0,85.9,0,1.53,2024-10-20
KH-00117,36,Female,Other Provinces,Rice Farmer,0,0,24.2,None,131.0,83.4,0,1.57,2024-06-04
KH-00118,43,Female,Kandal,Civil Servant,1,0,20.3,None,372.0,88.8,0,1.76,2024-04-22
KH-00119,31,Male,Preah Sihanouk,Monk/Retired,1,1,19.0,Hypertension,123.0,94.6,0,2.4,2024-07-19
KH-00120,29,Male,Kampong Cham,Monk/Retired,1,1,27.0,Hepatitis B,136.0,76.0,0,2.48,2024-01-21
KH-00121,32,Female,Other Provinces,Rice Farmer,0,0,23.1,Hepatitis B,177.0,85.5,0,1.83,2024-03-04
KH-00122,23,Female,Other Provinces,Garment Worker,0,1,20.2,None,227.0,95.0,0,1.12,2024-08-15
KH-00123,26,Male,Battambang,Moto/Tuk-tuk Driver,0,1,20.3,None,205.0,95.0,0,1.71,2024-05-26
KH-00124,30,Male,Kampong Cham,Rice Farmer,0,0,28.4,None,115.0,78.6,0,1.53,2024-10-08
KH-00125,28,Male,Other Provinces,Civil Servant,0,0,24.1,None,276.0,93.0,0,1.26,2024-09-15
KH-00126,31,Female,Other Provinces,Market Vendor,0,1,20.1,None,153.0,95.0,0,1.19,2024-04-29
KH-00127,39,Male,Prey Veng,Rice Farmer,0,0,22.0,Hepatitis B,72.0,83.0,0,2.05,2024-02-22
KH-00128,39,Female,Other Provinces,Moto/Tuk-tuk Driver,0,1,23.1,Hypertension; COPD/Asthma; TB,146.0,76.1,0,2.73,2024-12-08
KH-00129,25,Male,Other Provinces,Rice Farmer,1,0,28.7,None,123.0,79.4,0,1.71,2024-06-23
KH-00130,33,Male,Other Provinces,Market Vendor,0,1,22.6,None,127.0,91.5,0,1.31,2024-08-14
KH-00131,28,Male,Battambang,Construction Worker,0,0,21.9,None,219.0,89.9,0,1.76,2024-11-05
KH-00132,23,Female,Other Provinces,Garment Worker,0,1,16.9,Hypertension,140.0,95.0,1,1.34,2024-06-19
KH-00133,46,Female,Kampong Cham,Rice Farmer,0,0,20.8,None,129.0,83.8,0,1.77,2024-05-14
KH-00134,53,Male,Other Provinces,Moto/Tuk-tuk Driver,1,1,24.2,COPD/Asthma,188.0,67.2,0,2.75,2024-11-07
KH-00135,32,Female,Phnom Penh,Garment Worker,0,0,23.2,None,291.0,89.6,0,1.4,2024-07-06
KH-00136,30,Male,Phnom Penh,Market Vendor,0,1,18.2,None,194.0,95.0,0,1.25,2024-10-28
KH-00137,28,Female,Prey Veng,Rice Farmer,0,0,21.3,None,58.0,95.0,0,1.41,2024-01-19
KH-00138,36,Female,Kampong Cham,Rice Farmer,0,0,23.3,None,99.0,85.3,0,1.57,2024-03-24
KH-00139,47,Female,Phnom Penh,Rice Farmer,0,1,24.4,TB,140.0,70.5,0,2.09,2024-09-04
KH-00140,35,Male,Other Provinces,Moto/Tuk-tuk Driver,0,1,22.3,None,153.0,85.5,0,1.89,2024-06-02
KH-00141,23,Male,Phnom Penh,Rice Farmer,0,1,22.9,None,157.0,95.0,0,1.29,2024-12-27
KH-00142,40,Female,Other Provinces,Rice Farmer,0,0,18.1,None,76.0,93.6,0,1.65,2024-01-04
KH-00143,22,Male,Phnom Penh,Rice Farmer,0,1,23.6,TB,197.0,89.3,0,1.67,2024-12-08
KH-00144,39,Male,Other Provinces,Construction Worker,1,0,19.0,Hepatitis B,176.0,83.5,0,2.6,2024-09-10
KH-00145,37,Female,Kampong Cham,Market Vendor,0,0,22.0,None,142.0,90.0,0,1.41,2024-05-05
KH-00146,36,Female,Phnom Penh,Rice Farmer,0,1,24.9,None,194.0,81.9,1,1.47,2024-02-12
KH-00147,23,Male,Other Provinces,Moto/Tuk-tuk Driver,0,0,21.0,None,141.0,95.0,0,1.75,2024-11-08
KH-00148,25,Female,Kampong Cham,Market Vendor,0,0,21.4,None,117.0,95.0,1,1.17,2024-02-28
KH-00149,27,Female,Other Provinces,Rice Farmer,0,0,20.8,None,114.0,95.0,1,1.39,2024-02-27
KH-00150,31,Male,Battambang,Market Vendor,1,1,21.7,Hepatitis B,95.0,89.8,0,1.89,2024-02-10
KH-00151,33,Female,Other Provinces,Rice Farmer,0,0,19.5,None,118.0,95.0,0,1.51,2024-10-04
KH-00152,35,Male,Siem Reap,Rice Farmer,0,0,24.3,None,119.0,83.9,0,1.63,2024-12-06
KH-00153,31,Female,Battambang,Market Vendor,0,1,23.8,TB,116.0,85.3,0,1.59,2024-10-22
KH-00154,26,Male,Battambang,Rice Farmer,1,0,21.5,None,55.0,94.0,0,1.73,2024-07-27
KH-00155,33,Male,Kampong Cham,Garment Worker,0,0,24.3,Hepatitis B,157.0,83.6,0,1.84,2024-07-03
KH-00156,40,Female,Other Provinces,Garment Worker,0,0,21.9,None,168.0,86.9,0,1.56,2024-03-23
KH-00157,29,Male,Kampong Cham,Moto/Tuk-tuk Driver,1,0,20.5,None,202.0,91.5,0,2.15,2024-05-29
KH-00158,21,Female,Other Provinces,Civil Servant,0,1,16.0,None,265.0,95.0,0,0.94,2024-04-03
KH-00159,30,Female,Phnom Penh,Rice Farmer,0,0,23.8,None,215.0,88.4,0,1.45,2024-12-19
KH-00160,35,Female,Other Provinces,Market Vendor,0,1,22.8,Hepatitis B,113.0,86.7,0,1.61,2024-01-25
KH-00161,26,Male,Kampong Cham,Market Vendor,0,1,26.5,None,124.0,88.0,1,1.17,2024-01-30
KH-00162,20,Female,Phnom Penh,Garment Worker,0,0,22.5,Hepatitis B,306.0,95.0,0,1.5,2024-01-03
KH-00163,24,Female,Siem Reap,Garment Worker,0,1,17.1,Heart Disease; Hepatitis B,254.0,95.0,0,1.7,2024-11-13
KH-00164,47,Male,Other Provinces,Rice Farmer,0,1,23.7,None,115.0,77.0,0,1.77,2024-06-18
KH-00165,49,Male,Other Provinces,Rice Farmer,0,0,21.1,None,148.0,81.1,0,1.91,2024-08-09
KH-00166,61,Male,Other Provinces,Construction Worker,0,1,25.5,None,203.0,59.7,0,2.32,2024-01-22
KH-00167,35,Male,Other Provinces,Garment Worker,1,0,17.8,None,205.0,95.0,0,1.82,2024-12-30
KH-00168,26,Female,Other Provinces,Garment Worker,0,1,18.4,Heart Disease,203.0,95.0,1,1.4,2024-01-29
KH-00169,29,Male,Battambang,Rice Farmer,0,0,26.4,None,101.0,83.6,0,1.51,2024-02-24
KH-00170,27,Male,Phnom Penh,Civil Servant,0,1,27.2,None,478.0,87.1,1,1.14,2024-04-21
KH-00171,21,Male,Other Provinces,Market Vendor,0,0,16.0,None,141.0,95.0,0,1.17,2024-11-13
KH-00172,39,Male,Preah Sihanouk,Monk/Retired,0,1,20.9,None,86.0,87.1,0,2.06,2024-09-24
KH-00173,35,Female,Phnom Penh,Garment Worker,0,1,23.6,None,297.0,86.7,0,1.36,2024-04-02
KH-00174,27,Female,Phnom Penh,Rice Farmer,1,0,21.3,None,137.0,93.7,1,1.67,2024-09-22
KH-00175,24,Female,Kampong Cham,Moto/Tuk-tuk Driver,0,1,21.6,None,183.0,94.6,0,1.59,2024-12-02
KH-00176,21,Female,Other Provinces,Rice Farmer,0,0,19.0,None,112.0,95.0,0,1.27,2024-03-17
KH-00177,29,Male,Kampong Cham,Moto/Tuk-tuk Driver,1,1,29.8,None,141.0,71.7,0,2.05,2024-04-08
KH-00178,34,Female,Other Provinces,Garment Worker,0,1,22.1,None,125.0,90.6,0,1.34,2024-09-29
KH-00179,25,Male,Other Provinces,Market Vendor,0,0,19.5,None,129.0,95.0,0,1.25,2024-04-03
KH-00180,52,Male,Siem Reap,Moto/Tuk-tuk Driver,0,1,23.4,COPD/Asthma; Hepatitis B,227.0,68.6,0,2.79,2024-03-12
KH-00181,34,Male,Kandal,Rice Farmer,1,0,23.6,Hepatitis B,114.0,81.1,0,2.23,2024-05-28
KH-00182,22,Female,Other Provinces,Monk/Retired,0,0,18.9,Heart Disease,101.0,95.0,0,1.96,2024-12-20
KH-00183,29,Male,Phnom Penh,Monk/Retired,0,1,20.9,None,80.0,93.9,0,1.86,2024-05-31
KH-00184,40,Female,Other Provinces,Rice Farmer,0,0,21.3,None,119.0,86.8,1,1.65,2024-10-20
KH-00185,34,Female,Other Provinces,Market Vendor,0,1,21.9,Hypertension,154.0,92.3,1,1.47,2024-07-21
KH-00186,32,Male,Phnom Penh,Moto/Tuk-tuk Driver,0,1,27.6,Hypertension,290.0,76.4,0,2.05,2024-08-07
KH-00187,31,Male,Phnom Penh,Rice Farmer,1,1,24.4,None,146.0,84.4,0,1.73,2024-05-24
KH-00188,42,Male,Siem Reap,Civil Servant,1,0,20.3,Diabetes,439.0,89.5,0,2.04,2024-07-16
KH-00189,44,Female,Other Provinces,Civil Servant,0,1,26.2,TB,321.0,72.6,0,1.8,2024-12-20
KH-00190,31,Male,Battambang,Market Vendor,0,1,18.6,None,127.0,95.0,0,1.27,2024-12-29
KH-00191,34,Male,Battambang,Construction Worker,0,0,24.5,None,207.0,80.3,0,1.88,2024-04-05
KH-00192,28,Male,Other Provinces,Rice Farmer,0,0,18.9,None,82.0,95.0,0,1.49,2024-01-03
KH-00193,20,Male,Kandal,Rice Farmer,0,0,17.8,None,118.0,95.0,1,1.33,2024-01-11
KH-00194,25,Female,Other Provinces,Garment Worker,0,0,20.2,Hypertension,133.0,95.0,0,1.48,2024-07-06
KH-00195,35,Female,Kampong Cham,Market Vendor,0,1,21.4,None,132.0,92.7,0,1.27,2024-03-16
KH-00196,26,Female,Kampong Cham,Garment Worker,0,0,22.7,None,224.0,94.8,0,1.28,2024-08-11
KH-00197,29,Female,Battambang,Market Vendor,0,0,21.8,None,125.0,95.0,0,1.25,2024-05-05
KH-00198,43,Male,Phnom Penh,Rice Farmer,0,1,22.4,None,134.0,82.5,0,1.69,2024-09-29
KH-00199,58,Female,Battambang,Rice Farmer,0,1,22.9,None,82.0,71.1,0,1.91,2024-11-01
KH-00200,32,Female,Other Provinces,Garment Worker,0,0,17.0,None,158.0,95.0,1,1.4,2024-07-26
KH-00201,29,Female,Phnom Penh,Monk/Retired,0,1,21.9,None,181.0,91.8,0,1.78,2024-07-12
KH-00202,31,Male,Other Provinces,Moto/Tuk-tuk Driver,1,0,24.1,None,165.0,82.5,0,2.19,2024-06-12
KH-00203,45,Male,Other Provinces,Rice Farmer,1,1,27.9,None,100.0,67.4,0,2.01,2024-10-09
KH-00204,18,Male,Other Provinces,Construction Worker,0,1,21.9,None,180.0,95.0,0,1.46,2024-08-06
KH-00205,29,Male,Phnom Penh,Rice Farmer,0,0,22.5,None,140.0,91.8,0,1.51,2024-06-11
KH-00206,29,Male,Phnom Penh,Moto/Tuk-tuk Driver,0,1,25.2,None,304.0,83.5,0,1.77,2024-04-24
KH-00207,64,Female,Phnom Penh,Rice Farmer,0,0,22.3,Diabetes,207.0,68.3,0,2.35,2024-09-23
KH-00208,37,Male,Other Provinces,Market Vendor,0,0,20.8,None,160.0,92.6,0,1.49,2024-01-28
KH-00209,22,Female,Prey Veng,Rice Farmer,0,1,23.9,Arthritis,55.0,93.6,0,1.41,2024-08-04
KH-00210,25,Female,Other Provinces,Monk/Retired,0,1,19.1,None,64.0,95.0,0,1.7,2024-10-17
KH-00211,29,Female,Other Provinces,Market Vendor,0,0,19.9,None,118.0,95.0,0,1.25,2024-09-24
KH-00212,25,Male,Other Provinces,Rice Farmer,0,1,23.1,Hepatitis B,55.0,90.3,0,1.67,2024-11-27
KH-00213,28,Female,Prey Veng,Market Vendor,0,1,23.7,None,142.0,92.6,0,1.13,2024-05-13
KH-00214,46,Female,Prey Veng,Rice Farmer,0,1,21.2,None,102.0,83.0,0,1.67,2024-05-02
KH-00215,29,Female,Battambang,Rice Farmer,0,0,20.4,None,118.0,95.0,1,1.43,2024-01-15
KH-00216,32,Male,Other Provinces,Civil Servant,1,1,23.9,None,293.0,88.7,0,1.52,2024-01-25
KH-00217,29,Male,Phnom Penh,Rice Farmer,0,1,20.2,Hypertension,137.0,95.0,0,1.63,2024-01-25
KH-00218,22,Male,Other Provinces,Rice Farmer,1,1,25.8,None,138.0,87.6,0,1.55,2024-08-01
KH-00219,36,Female,Other Provinces,Garment Worker,0,1,20.3,None,183.0,93.0,0,1.38,2024-02-15
KH-00220,26,Male,Other Provinces,Moto/Tuk-tuk Driver,0,1,24.7,None,202.0,86.6,0,1.71,2024-03-28
KH-00221,44,Female,Kampong Cham,Market Vendor,0,0,20.3,Hepatitis B,84.0,85.8,0,1.89,2024-03-15
KH-00222,31,Female,Other Provinces,Rice Farmer,0,1,24.3,Diabetes,104.0,86.6,0,1.59,2024-01-16
KH-00223,25,Male,Kandal,Rice Farmer,0,0,19.5,None,87.0,95.0,0,1.43,2024-04-18
KH-00224,47,Female,Other Provinces,Rice Farmer,0,0,23.7,None,108.0,77.0,0,1.79,2024-04-08
KH-00225,29,Female,Other Provinces,Rice Farmer,0,0,17.7,None,100.0,95.0,0,1.43,2024-03-10
KH-00226,36,Female,Kandal,Rice Farmer,0,0,23.2,TB,146.0,80.6,0,1.97,2024-08-19
KH-00227,29,Male,Other Provinces,Civil Servant,0,0,28.8,Hepatitis B,272.0,79.4,0,1.62,2024-12-24
KH-00228,31,Female,Other Provinces,Monk/Retired,0,0,18.5,None,97.0,95.0,0,1.92,2024-11-26
KH-00229,42,Female,Other Provinces,Garment Worker,0,0,26.0,None,129.0,76.8,0,1.6,2024-03-19
KH-00230,40,Female,Other Provinces,Market Vendor,0,0,19.0,Hypertension,127.0,94.3,0,1.69,2024-07-10
KH-00231,24,Male,Kampong Cham,Rice Farmer,0,0,21.9,None,55.0,95.0,0,1.41,2024-11-20
KH-00232,33,Female,Phnom Penh,Garment Worker,0,0,17.6,None,276.0,95.0,0,1.42,2024-05-04
KH-00233,24,Female,Other Provinces,Rice Farmer,0,1,17.2,None,110.0,95.0,0,1.23,2024-04-15
KH-00234,32,Male,Kampong Cham,Construction Worker,0,0,21.3,Heart Disease,213.0,88.4,1,2.06,2024-03-23
KH-00235,27,Male,Siem Reap,Garment Worker,0,0,21.6,None,214.0,95.0,0,1.38,2024-10-17
KH-00236,41,Female,Phnom Penh,Civil Servant,0,1,20.6,Arthritis,390.0,91.5,0,1.56,2024-04-17
KH-00237,26,Male,Other Provinces,Rice Farmer,1,0,17.8,None,92.0,95.0,0,1.73,2024-07-10
KH-00238,31,Male,Other Provinces,Moto/Tuk-tuk Driver,0,0,24.1,None,209.0,84.5,0,1.91,2024-03-01
KH-00239,42,Male,Kandal,Moto/Tuk-tuk Driver,1,1,18.9,None,260.0,86.0,0,2.31,2024-10-18
KH-00240,31,Female,Battambang,Rice Farmer,0,0,19.7,None,96.0,95.0,0,1.47,2024-05-16
KH-00241,26,Female,Other Provinces,Market Vendor,0,0,20.3,Hepatitis B,210.0,95.0,0,1.53,2024-04-17
KH-00242,32,Female,Kampong Cham,Garment Worker,0,1,21.4,None,187.0,93.4,0,1.3,2024-02-24
KH-00243,36,Male,Other Provinces,Rice Farmer,1,0,26.0,None,91.0,77.6,1,1.93,2024-07-30
KH-00244,63,Male,Other Provinces,Market Vendor,0,0,20.5,COPD/Asthma,159.0,75.4,0,2.23,2024-09-10
KH-00245,35,Male,Other Provinces,Moto/Tuk-tuk Driver,0,0,20.8,None,179.0,88.7,0,1.99,2024-03-24
KH-00246,23,Male,Phnom Penh,Construction Worker,0,0,29.2,Heart Disease,315.0,77.8,0,1.88,2024-01-14
KH-00247,40,Male,Phnom Penh,Moto/Tuk-tuk Driver,0,0,20.7,Hypertension,283.0,85.5,0,2.31,2024-05-04
KH-00248,27,Female,Other Provinces,Market Vendor,0,1,19.8,None,149.0,95.0,0,1.11,2024-08-03
KH-00249,23,Female,Other Provinces,Civil Servant,1,0,18.7,None,337.0,95.0,0,1.36,2024-08-31
KH-00250,31,Female,Kampong Cham,Rice Farmer,1,1,21.4,None,86.0,90.8,0,1.65,2024-03-28
KH-00251,40,Male,Battambang,Monk/Retired,0,0,23.4,None,55.0,81.1,0,2.18,2024-04-21
KH-00252,30,Female,Other Provinces,Rice Farmer,0,1,25.4,Hypertension,57.0,85.0,0,1.57,2024-01-05
KH-00253,37,Male,Siem Reap,Civil Servant,0,0,19.7,None,404.0,95.0,0,1.44,2024-05-30
KH-00254,22,Male,Siem Reap,Monk/Retired,1,1,16.0,None,107.0,95.0,0,2.0,2024-03-15
KH-00255,31,Male,Other Provinces,Construction Worker,0,1,23.1,None,223.0,85.3,0,1.72,2024-03-01
KH-00256,28,Male,Other Provinces,Moto/Tuk-tuk Driver,0,1,19.9,None,144.0,95.0,0,1.75,2024-06-22
KH-00257,50,Female,Other Provinces,Garment Worker,0,1,25.2,None,183.0,73.0,0,1.66,2024-07-13
KH-00258,34,Male,Phnom Penh,Civil Servant,0,0,24.5,None,455.0,88.1,0,1.38,2024-07-24
KH-00259,29,Female,Prey Veng,Rice Farmer,0,0,19.5,Hepatitis B,110.0,95.0,0,1.77,2024-03-25
KH-00260,28,Female,Phnom Penh,Rice Farmer,0,1,24.0,None,114.0,89.3,0,1.31,2024-03-11
KH-00261,42,Male,Other Provinces,Moto/Tuk-tuk Driver,0,0,18.5,Hepatitis B,166.0,85.8,0,2.47,2024-02-24
KH-00262,24,Male,Phnom Penh,Civil Servant,0,1,24.0,Hepatitis B,502.0,93.0,0,1.42,2024-03-02
KH-00263,42,Male,Kampong Cham,Moto/Tuk-tuk Driver,1,0,25.4,None,128.0,72.2,0,2.41,2024-04-08
KH-00264,46,Female,Other Provinces,Rice Farmer,0,0,25.9,None,75.0,73.0,0,1.77,2024-01-27
KH-00265,41,Male,Kampong Cham,Garment Worker,0,1,26.1,None,159.0,77.3,0,1.56,2024-07-12
KH-00266,40,Male,Other Provinces,Rice Farmer,1,1,22.3,None,55.0,82.7,0,1.91,2024-07-14
KH-00267,29,Male,Phnom Penh,Moto/Tuk-tuk Driver,0,0,26.2,None,253.0,81.4,0,1.87,2024-05-17
KH-00268,26,Female,Kampong Cham,Rice Farmer,0,1,19.7,None,123.0,95.0,0,1.27,2024-09-29
KH-00269,28,Male,Other Provinces,Construction Worker,0,1,20.5,None,221.0,92.8,0,1.66,2024-02-26
KH-00270,63,Female,Other Provinces,Rice Farmer,0,0,24.0,Hypertension,166.0,65.4,0,2.33,2024-07-17
KH-00271,29,Female,Kampong Cham,Market Vendor,0,1,16.2,None,135.0,95.0,0,1.15,2024-03-19
KH-00272,43,Male,Other Provinces,Construction Worker,1,0,20.3,Hepatitis B,186.0,78.0,0,2.68,2024-02-16
KH-00273,27,Male,Other Provinces,Civil Servant,0,0,17.7,None,317.0,95.0,0,1.24,2024-02-15
KH-00274,36,Male,Phnom Penh,Market Vendor,0,0,24.6,None,256.0,85.2,0,1.47,2024-01-10
KH-00275,27,Male,Siem Reap,Civil Servant,0,0,17.4,TB,414.0,95.0,0,1.64,2024-06-03
KH-00276,35,Female,Kampong Cham,Garment Worker,0,1,23.3,Hypertension,191.0,87.3,0,1.58,2024-03-20
KH-00277,30,Female,Other Provinces,Garment Worker,0,0,22.3,None,200.0,92.9,0,1.36,2024-02-11
KH-00278,43,Male,Phnom Penh,Rice Farmer,0,1,28.9,COPD/Asthma,197.0,68.7,0,1.91,2024-07-27
KH-00279,28,Male,Kampong Cham,Construction Worker,0,0,22.1,Hypertension,193.0,89.5,0,1.98,2024-07-11
KH-00280,40,Female,Kampong Cham,Garment Worker,0,1,17.5,None,184.0,95.0,0,1.46,2024-04-26
KH-00281,33,Female,Kandal,Garment Worker,0,0,22.7,None,207.0,90.0,0,1.42,2024-01-22
KH-00282,42,Female,Kampong Cham,Rice Farmer,0,0,21.5,Heart Disease,72.0,85.1,0,1.91,2024-01-02
KH-00283,34,Female,Battambang,Market Vendor,0,0,20.7,None,142.0,94.8,0,1.35,2024-05-22
KH-00284,38,Female,Other Provinces,Market Vendor,0,0,24.1,Diabetes,140.0,84.9,1,1.65,2024-04-07
KH-00285,29,Female,Other Provinces,Rice Farmer,0,1,22.4,None,87.0,92.0,1,1.33,2024-10-23
KH-00286,40,Male,Other Provinces,Construction Worker,0,0,22.9,COPD/Asthma,235.0,79.6,0,2.22,2024-10-31
KH-00287,30,Female,Other Provinces,Garment Worker,1,1,24.1,None,165.0,87.0,0,1.54,2024-11-23
KH-00288,42,Female,Other Provinces,Market Vendor,0,0,18.7,Hepatitis B,124.0,90.6,0,1.85,2024-12-18
KH-00289,23,Male,Siem Reap,Monk/Retired,0,0,21.7,None,97.0,95.0,0,1.84,2024-05-19
KH-00290,37,Female,Other Provinces,Rice Farmer,0,0,20.3,None,89.0,91.0,0,1.59,2024-07-10
KH-00291,26,Female,Kandal,Market Vendor,0,0,21.8,None,144.0,95.0,0,1.19,2024-05-22
KH-00292,38,Male,Kampong Cham,Rice Farmer,1,1,25.1,None,117.0,78.2,0,1.87,2024-03-27
KH-00293,31,Male,Phnom Penh,Rice Farmer,1,0,23.4,None,173.0,86.5,0,1.83,2024-06-22
KH-00294,31,Female,Other Provinces,Rice Farmer,0,0,16.0,None,162.0,95.0,0,1.47,2024-11-02
KH-00295,29,Male,Phnom Penh,Market Vendor,1,1,24.1,None,198.0,89.0,0,1.51,2024-02-08
KH-00296,39,Female,Other Provinces,Construction Worker,0,0,20.7,Hepatitis B,197.0,81.9,0,2.24,2024-08-14
KH-00297,36,Male,Phnom Penh,Moto/Tuk-tuk Driver,0,0,21.2,None,226.0,87.2,0,2.01,2024-01-17
KH-00298,25,Female,Other Provinces,Market Vendor,0,1,19.5,None,149.0,95.0,0,1.07,2024-08-15
KH-00299,26,Female,Kampong Cham,Market Vendor,0,1,19.6,None,148.0,95.0,0,1.09,2024-11-10
KH-00300,28,Female,Phnom Penh,Rice Farmer,0,0,24.4,None,157.0,88.5,1,1.41,2024-02-22
KH-00301,30,Male,Other Provinces,Market Vendor,0,1,19.5,None,138.0,95.0,0,1.25,2024-07-12
KH-00302,43,Male,Other Provinces,Construction Worker,0,0,26.3,Hypertension; Diabetes; COPD/Asthma,254.0,70.3,0,2.72,2024-07-06
KH-00303,37,Male,Prey Veng,Rice Farmer,1,1,23.3,COPD/Asthma,104.0,82.7,0,2.07,2024-08-09
KH-00304,52,Male,Phnom Penh,Construction Worker,1,0,27.8,Hepatitis B,316.0,56.0,0,2.86,2024-06-10
KH-00305,22,Male,Other Provinces,Moto/Tuk-tuk Driver,0,0,22.4,Hepatitis B,155.0,91.2,0,2.07,2024-07-08
KH-00306,44,Male,Phnom Penh,Rice Farmer,0,0,23.7,None,158.0,79.0,0,1.81,2024-10-16
KH-00307,50,Male,Other Provinces,Rice Farmer,1,1,23.9,Diabetes,92.0,72.5,0,2.33,2024-09-15
KH-00308,30,Female,Prey Veng,Civil Servant,0,0,24.7,None,330.0,90.4,0,1.22,2024-08-24
KH-00309,48,Male,Kandal,Moto/Tuk-tuk Driver,0,1,24.1,Hepatitis B,194.0,69.8,0,2.49,2024-01-08
KH-00310,43,Male,Other Provinces,Rice Farmer,1,0,27.6,None,99.0,69.4,0,2.07,2024-05-20
KH-00311,21,Male,Kandal,Monk/Retired,1,0,23.7,None,67.0,91.5,0,2.08,2024-12-23
KH-00312,26,Female,Battambang,Rice Farmer,0,1,19.9,None,103.0,95.0,1,1.27,2024-05-31
KH-00313,32,Male,Kampong Cham,Construction Worker,1,0,25.0,None,204.0,78.6,0,2.12,2024-02-16
KH-00314,26,Male,Other Provinces,Moto/Tuk-tuk Driver,0,0,24.4,None,202.0,87.2,0,1.81,2024-04-23
KH-00315,29,Female,Other Provinces,Monk/Retired,0,1,23.7,None,55.0,88.0,0,1.78,2024-12-10
KH-00316,30,Male,Other Provinces,Market Vendor,0,0,19.1,None,139.0,95.0,0,1.35,2024-11-26
KH-00317,25,Female,Other Provinces,Rice Farmer,0,1,26.9,None,156.0,85.2,0,1.25,2024-08-06
KH-00318,31,Male,Other Provinces,Construction Worker,0,0,22.5,Hepatitis B,211.0,83.6,0,2.16,2024-07-18
KH-00319,31,Female,Kandal,Rice Farmer,0,0,16.7,None,95.0,95.0,0,1.47,2024-05-20
KH-00320,41,Male,Other Provinces,Rice Farmer,0,1,23.9,Hepatitis B,123.0,77.6,0,1.99,2024-05-03
KH-00321,29,Male,Other Provinces,Civil Servant,1,0,24.7,None,271.0,89.1,0,1.56,2024-04-24
KH-00322,32,Male,Other Provinces,Construction Worker,1,1,23.7,Hypertension,140.0,81.3,0,2.24,2024-01-06
KH-00323,37,Female,Battambang,Moto/Tuk-tuk Driver,0,0,27.2,None,179.0,73.8,0,1.95,2024-03-31
KH-00324,27,Female,Kampong Cham,Rice Farmer,0,0,23.7,Hypertension,97.0,90.6,0,1.61,2024-08-13
KH-00325,38,Male,Other Provinces,Construction Worker,1,1,22.9,None,177.0,78.9,0,2.14,2024-09-23
KH-00326,35,Female,Other Provinces,Garment Worker,0,1,28.0,Hepatitis B,147.0,74.4,0,1.7,2024-04-18
KH-00327,39,Female,Other Provinces,Garment Worker,0,1,23.1,None,151.0,85.0,0,1.44,2024-03-22
KH-00328,43,Male,Kampong Cham,Market Vendor,0,0,25.5,Hypertension; Arthritis,137.0,78.5,0,2.05,2024-02-11
KH-00329,37,Male,Other Provinces,Rice Farmer,0,0,16.6,None,140.0,95.0,0,1.67,2024-02-22
KH-00330,30,Female,Kampong Cham,Garment Worker,0,1,22.8,Hepatitis B,150.0,88.8,0,1.6,2024-08-01
KH-00331,27,Female,Other Provinces,Garment Worker,0,0,20.6,Diabetes,170.0,95.0,0,1.52,2024-03-25
KH-00332,43,Male,Other Provinces,Monk/Retired,0,1,20.8,None,72.0,84.6,0,2.14,2024-01-08
KH-00333,27,Female,Other Provinces,Rice Farmer,0,0,20.5,None,107.0,95.0,0,1.39,2024-06-30
KH-00334,43,Female,Phnom Penh,Market Vendor,0,1,23.5,None,190.0,82.7,0,1.43,2024-07-15
KH-00335,42,Male,Phnom Penh,Moto/Tuk-tuk Driver,0,0,25.4,COPD/Asthma,294.0,74.2,0,2.35,2024-01-08
KH-00336,28,Female,Siem Reap,Garment Worker,0,0,24.1,None,266.0,90.4,0,1.32,2024-12-24
KH-00337,33,Female,Siem Reap,Market Vendor,0,0,22.0,None,190.0,92.7,1,1.33,2024-03-25
KH-00338,37,Female,Siem Reap,Garment Worker,0,1,25.1,Hypertension,245.0,82.1,0,1.62,2024-01-20
KH-00339,30,Female,Other Provinces,Rice Farmer,0,1,16.0,None,112.0,95.0,0,1.35,2024-10-17
KH-00340,31,Male,Battambang,Construction Worker,1,0,23.3,None,181.0,82.9,0,2.1,2024-02-08
KH-00341,25,Female,Prey Veng,Garment Worker,0,0,20.7,None,99.0,95.0,1,1.26,2024-09-24
KH-00342,24,Female,Other Provinces,Garment Worker,0,0,26.1,None,152.0,88.9,0,1.24,2024-03-15
KH-00343,29,Female,Phnom Penh,Market Vendor,0,0,19.3,None,190.0,95.0,0,1.25,2024-12-26
KH-00344,36,Male,Other Provinces,Construction Worker,1,0,18.2,Arthritis,156.0,90.3,0,2.42,2024-09-07
KH-00345,29,Female,Siem Reap,Market Vendor,0,0,22.9,None,237.0,93.6,0,1.25,2024-05-19
KH-00346,50,Male,Other Provinces,Rice Farmer,0,1,25.9,None,122.0,70.3,0,1.83,2024-05-23
KH-00347,27,Male,Other Provinces,Monk/Retired,0,0,24.2,Hypertension,74.0,88.3,0,2.14,2024-03-03
KH-00348,26,Female,Other Provinces,Market Vendor,0,0,17.0,None,162.0,95.0,0,1.19,2024-07-28
KH-00349,24,Male,Siem Reap,Monk/Retired,1,0,24.4,None,85.0,87.9,0,2.14,2024-08-18
KH-00350,42,Female,Other Provinces,Civil Servant,0,0,21.4,None,286.0,89.2,0,1.46,2024-11-08
KH-00351,40,Female,Prey Veng,Moto/Tuk-tuk Driver,0,0,24.3,Hypertension,116.0,77.9,0,2.23,2024-03-13
KH-00352,33,Female,Other Provinces,Garment Worker,0,0,16.9,None,164.0,95.0,0,1.42,2024-03-22
KH-00353,32,Male,Battambang,Construction Worker,0,1,18.4,None,158.0,94.6,0,1.74,2024-01-08
KH-00354,33,Male,Other Provinces,Market Vendor,0,0,26.3,None,125.0,83.6,1,1.41,2024-11-20
KH-00355,34,Female,Other Provinces,Rice Farmer,0,0,22.2,COPD/Asthma; TB,93.0,84.0,0,2.15,2024-09-26
KH-00356,21,Male,Battambang,Construction Worker,0,1,24.4,None,200.0,89.4,0,1.52,2024-06-12
KH-00357,41,Female,Siem Reap,Market Vendor,0,0,20.4,COPD/Asthma,178.0,90.7,1,1.71,2024-12-22
KH-00358,33,Male,Preah Sihanouk,Moto/Tuk-tuk Driver,0,1,22.4,None,214.0,86.7,0,1.85,2024-03-01
KH-00359,41,Male,Other Provinces,Moto/Tuk-tuk Driver,1,1,20.9,None,192.0,82.4,0,2.29,2024-10-28
KH-00360,26,Female,Other Provinces,Rice Farmer,0,0,21.5,None,70.0,95.0,0,1.37,2024-10-09
KH-00361,30,Male,Other Provinces,Rice Farmer,0,0,21.8,None,66.0,92.6,0,1.53,2024-01-02
KH-00362,35,Female,Kampong Cham,Garment Worker,0,1,24.9,None,204.0,83.9,1,1.36,2024-09-10
KH-00363,52,Male,Other Provinces,Moto/Tuk-tuk Driver,1,0,20.6,Diabetes,182.0,75.5,0,2.83,2024-11-06
KH-00364,24,Female,Other Provinces,Garment Worker,0,1,18.4,Hepatitis B,231.0,95.0,0,1.48,2024-01-23
KH-00365,29,Male,Kampong Cham,Rice Farmer,1,1,17.0,None,124.0,95.0,1,1.69,2024-07-31
KH-00366,24,Female,Prey Veng,Market Vendor,0,0,22.1,None,165.0,95.0,0,1.15,2024-11-20
KH-00367,20,Male,Other Provinces,Rice Farmer,1,0,22.5,None,96.0,95.0,0,1.61,2024-10-12
KH-00368,26,Female,Kampong Cham,Market Vendor,0,0,19.4,None,154.0,95.0,0,1.19,2024-08-05
KH-00369,43,Female,Kampong Cham,Construction Worker,0,0,23.6,Hepatitis B,180.0,73.0,0,2.32,2024-03-25
KH-00370,29,Female,Siem Reap,Garment Worker,0,0,19.4,None,264.0,95.0,0,1.34,2024-06-21
KH-00371,35,Female,Phnom Penh,Market Vendor,0,0,18.5,None,175.0,95.0,0,1.37,2024-12-01
KH-00372,28,Female,Other Provinces,Garment Worker,0,1,23.1,None,158.0,92.5,0,1.22,2024-05-15
KH-00373,41,Female,Other Provinces,Civil Servant,0,1,18.4,None,327.0,95.0,0,1.34,2024-12-10
KH-00374,26,Male,Other Provinces,Rice Farmer,0,1,19.3,None,96.0,95.0,1,1.35,2024-02-23
KH-00375,31,Female,Other Provinces,Market Vendor,0,1,20.3,None,141.0,95.0,0,1.19,2024-03-09
KH-00376,30,Female,Siem Reap,Market Vendor,0,0,19.9,None,163.0,95.0,0,1.27,2024-03-07
KH-00377,60,Male,Phnom Penh,Construction Worker,1,1,26.4,None,263.0,56.5,0,2.58,2024-03-18
KH-00378,26,Female,Siem Reap,Rice Farmer,0,0,21.2,None,134.0,95.0,0,1.37,2024-11-01
KH-00379,24,Female,Other Provinces,Civil Servant,0,0,20.1,None,311.0,95.0,0,1.1,2024-10-26
KH-00380,49,Female,Other Provinces,Garment Worker,0,1,19.7,None,185.0,85.4,0,1.64,2024-04-25
KH-00381,38,Male,Other Provinces,Moto/Tuk-tuk Driver,0,0,23.0,None,193.0,82.0,0,2.05,2024-08-15
KH-00382,31,Male,Phnom Penh,Monk/Retired,0,0,19.1,COPD/Asthma,124.0,95.0,0,2.22,2024-05-23
KH-00383,30,Male,Siem Reap,Garment Worker,0,1,25.9,None,226.0,85.2,0,1.34,2024-01-18
KH-00384,33,Female,Battambang,Market Vendor,0,0,17.8,None,124.0,95.0,0,1.33,2024-09-06
KH-00385,27,Male,Other Provinces,Rice Farmer,0,0,23.1,None,96.0,91.9,0,1.47,2024-08-21
KH-00386,41,Male,Other Provinces,Garment Worker,1,1,28.9,COPD/Asthma,224.0,69.3,0,2.06,2024-01-31
KH-00387,51,Male,Other Provinces,Moto/Tuk-tuk Driver,1,0,23.1,None,192.0,70.9,0,2.59,2024-07-11
KH-00388,39,Male,Phnom Penh,Construction Worker,0,0,26.0,Hypertension; Hepatitis B,268.0,70.7,0,2.54,2024-02-05
KH-00389,26,Male,Phnom Penh,Rice Farmer,0,0,23.7,None,150.0,91.3,0,1.45,2024-06-21
KH-00390,29,Female,Other Provinces,Monk/Retired,1,1,21.9,COPD/Asthma,101.0,89.8,0,2.28,2024-04-02
KH-00391,40,Female,Kampong Cham,Rice Farmer,0,1,26.5,Diabetes,98.0,75.8,0,1.77,2024-12-14
KH-00392,21,Male,Other Provinces,Civil Servant,1,1,19.0,None,276.0,95.0,0,1.3,2024-10-30
KH-00393,29,Female,Other Provinces,Garment Worker,0,1,21.9,None,189.0,94.4,1,1.24,2024-12-29
KH-00394,36,Male,Kampong Cham,Rice Farmer,1,1,21.2,Heart Disease,153.0,87.8,0,2.05,2024-01-12
KH-00395,44,Female,Kandal,Market Vendor,0,0,23.9,Heart Disease,184.0,81.2,1,1.77,2024-11-14
KH-00396,27,Female,Kampong Cham,Market Vendor,0,1,20.5,None,130.0,95.0,0,1.11,2024-09-10
KH-00397,25,Female,Other Provinces,Garment Worker,0,0,21.8,None,151.0,95.0,0,1.26,2024-02-11
KH-00398,35,Female,Battambang,Garment Worker,0,1,19.3,Heart Disease,181.0,95.0,0,1.58,2024-09-14
KH-00399,25,Female,Phnom Penh,Garment Worker,0,1,29.7,Diabetes,236.0,80.6,0,1.38,2024-05-11
KH-00400,27,Male,Other Provinces,Construction Worker,1,0,20.5,None,115.0,91.5,0,2.02,2024-12-25
KH-00401,38,Female,Other Provinces,Rice Farmer,0,1,18.6,None,83.0,93.9,0,1.51,2024-07-18
KH-00402,35,Female,Kampong Cham,Moto/Tuk-tuk Driver,0,1,18.6,Diabetes; Hepatitis B,195.0,90.4,0,2.37,2024-10-30
KH-00403,65,Male,Kampong Cham,Market Vendor,1,0,24.3,None,147.0,64.0,1,2.33,2024-10-14
KH-00404,45,Female,Other Provinces,Rice Farmer,0,0,27.6,Heart Disease,89.0,70.1,0,1.97,2024-06-02
KH-00405,29,Male,Preah Sihanouk,Garment Worker,1,0,19.7,None,213.0,95.0,1,1.7,2024-09-29
KH-00406,36,Male,Phnom Penh,Garment Worker,1,0,22.3,None,272.0,86.8,0,1.84,2024-12-20
KH-00407,32,Female,Phnom Penh,Garment Worker,0,0,23.0,None,253.0,90.0,0,1.4,2024-03-03
KH-00408,30,Female,Phnom Penh,Market Vendor,0,1,27.1,None,208.0,84.0,0,1.17,2024-02-26
KH-00409,24,Male,Phnom Penh,Rice Farmer,0,1,23.6,None,160.0,92.9,0,1.31,2024-09-05
KH-00410,41,Female,Phnom Penh,Rice Farmer,0,0,20.6,None,170.0,87.6,0,1.67,2024-08-14
KH-00411,28,Male,Other Provinces,Rice Farmer,0,1,19.3,Hepatitis B,55.0,95.0,0,1.73,2024-10-30
KH-00412,42,Male,Preah Sihanouk,Monk/Retired,0,1,22.9,Hepatitis B,58.0,77.8,0,2.46,2024-09-12
KH-00413,36,Male,Prey Veng,Market Vendor,0,0,20.2,Hypertension,99.0,94.5,0,1.69,2024-09-11
KH-00414,29,Female,Battambang,Rice Farmer,0,0,24.7,None,108.0,87.2,1,1.43,2024-07-03
KH-00415,36,Male,Other Provinces,Market Vendor,0,1,21.1,Hepatitis B,143.0,89.6,0,1.71,2024-10-04
KH-00416,36,Female,Other Provinces,Monk/Retired,0,0,21.2,None,79.0,88.5,0,2.02,2024-08-31
KH-00417,26,Male,Phnom Penh,Civil Servant,0,0,17.5,None,460.0,95.0,0,1.22,2024-04-08
KH-00418,25,Female,Other Provinces,Garment Worker,0,1,25.4,COPD/Asthma,164.0,89.7,0,1.38,2024-11-12
KH-00419,40,Male,Phnom Penh,Civil Servant,0,0,26.7,None,413.0,79.3,0,1.5,2024-04-02
KH-00420,40,Male,Battambang,Monk/Retired,1,0,19.8,None,56.0,86.7,0,2.46,2024-04-17
KH-00421,28,Female,Other Provinces,Civil Servant,0,0,20.7,COPD/Asthma,343.0,95.0,0,1.4,2024-03-05
KH-00422,62,Male,Battambang,Market Vendor,0,0,25.4,None,99.0,65.7,0,1.99,2024-01-27
KH-00423,58,Male,Other Provinces,Moto/Tuk-tuk Driver,0,0,24.1,None,179.0,66.0,0,2.45,2024-05-22
KH-00424,45,Female,Siem Reap,Garment Worker,0,1,22.6,None,262.0,82.0,0,1.56,2024-05-23
KH-00425,32,Male,Phnom Penh,Civil Servant,1,0,24.6,Hypertension; TB,540.0,82.2,0,2.24,2024-05-26
KH-00426,32,Male,Phnom Penh,Construction Worker,1,1,23.3,Arthritis,296.0,82.2,0,2.24,2024-08-23
KH-00427,30,Male,Siem Reap,Market Vendor,0,0,24.2,None,222.0,90.1,0,1.35,2024-10-12
KH-00428,42,Female,Other Provinces,Garment Worker,0,0,21.2,None,127.0,87.0,0,1.6,2024-09-10
KH-00429,39,Male,Other Provinces,Construction Worker,0,1,20.3,None,174.0,85.7,0,1.88,2024-06-07
KH-00430,35,Male,Kandal,Construction Worker,0,1,23.7,None,195.0,81.3,1,1.8,2024-02-21
KH-00431,26,Female,Prey Veng,Rice Farmer,0,0,20.0,None,116.0,95.0,0,1.37,2024-09-18
KH-00432,27,Male,Other Provinces,Market Vendor,0,1,20.6,None,99.0,95.0,0,1.19,2024-01-24
KH-00433,41,Female,Battambang,Rice Farmer,0,0,18.4,Hypertension,116.0,92.3,1,1.89,2024-01-05
KH-00434,29,Female,Other Provinces,Garment Worker,0,0,18.5,None,171.0,95.0,0,1.34,2024-02-15
KH-00435,39,Male,Prey Veng,Market Vendor,1,0,23.8,None,77.0,82.8,1,1.81,2024-04-17
KH-00436,38,Female,Battambang,Rice Farmer,0,0,20.1,TB,103.0,85.8,0,2.01,2024-03-18
KH-00437,45,Male,Other Provinces,Market Vendor,1,0,26.6,TB,126.0,67.8,0,2.33,2024-03-27
KH-00438,34,Female,Other Provinces,Garment Worker,0,1,22.7,Hypertension,160.0,89.3,0,1.56,2024-06-21
KH-00439,35,Male,Kampong Cham,Moto/Tuk-tuk Driver,1,1,23.8,None,165.0,80.4,0,2.17,2024-05-04
KH-00440,32,Female,Other Provinces,Rice Farmer,0,1,19.6,None,88.0,95.0,0,1.39,2024-10-13
KH-00441,37,Female,Other Provinces,Rice Farmer,0,0,21.5,None,158.0,88.5,0,1.59,2024-01-20
KH-00442,25,Male,Phnom Penh,Construction Worker,0,1,24.8,None,336.0,85.8,0,1.6,2024-08-13
KH-00443,33,Female,Siem Reap,Market Vendor,0,1,22.9,Hepatitis B,209.0,87.8,0,1.57,2024-12-15
KH-00444,33,Male,Kampong Cham,Rice Farmer,1,0,22.2,None,114.0,87.7,0,1.87,2024-04-17
KH-00445,29,Male,Phnom Penh,Civil Servant,0,0,24.7,None,489.0,91.1,0,1.28,2024-04-27
KH-00446,24,Female,Prey Veng,Market Vendor,0,0,26.7,None,144.0,88.9,0,1.15,2024-04-18
KH-00447,29,Male,Other Provinces,Construction Worker,0,0,24.4,None,246.0,83.9,0,1.78,2024-12-11
KH-00448,33,Male,Other Provinces,Moto/Tuk-tuk Driver,0,1,22.6,None,123.0,86.3,0,1.85,2024-05-04
KH-00449,25,Male,Other Provinces,Rice Farmer,0,0,20.0,None,73.0,95.0,0,1.43,2024-04-16
KH-00450,26,Male,Prey Veng,Rice Farmer,0,0,20.9,Diabetes,109.0,95.0,0,1.67,2024-11-28
KH-00451,32,Female,Other Provinces,Garment Worker,0,0,18.3,None,176.0,95.0,0,1.4,2024-03-07
KH-00452,42,Female,Other Provinces,Monk/Retired,1,0,24.1,None,99.0,76.2,0,2.42,2024-10-23
KH-00453,30,Male,Phnom Penh,Construction Worker,0,0,21.1,Diabetes,289.0,90.2,0,2.02,2024-02-06
KH-00454,27,Female,Other Provinces,Rice Farmer,0,1,18.7,None,101.0,95.0,0,1.29,2024-11-15
KH-00455,31,Male,Kampong Cham,Market Vendor,1,0,18.2,None,160.0,95.0,0,1.65,2024-01-04
KH-00456,29,Male,Other Provinces,Moto/Tuk-tuk Driver,0,0,25.7,None,155.0,82.4,0,1.87,2024-10-04
KH-00457,35,Female,Siem Reap,Rice Farmer,0,1,20.4,None,177.0,92.2,0,1.45,2024-03-10
KH-00458,29,Male,Siem Reap,Garment Worker,1,0,23.0,None,202.0,90.1,0,1.7,2024-05-08
KH-00459,27,Female,Battambang,Garment Worker,0,0,28.7,Hepatitis B,183.0,78.3,1,1.64,2024-03-06
KH-00460,37,Female,Other Provinces,Rice Farmer,1,0,23.6,COPD/Asthma,132.0,82.0,0,2.09,2024-03-07
KH-00461,33,Male,Siem Reap,Rice Farmer,1,1,22.9,TB,188.0,81.2,1,2.17,2024-12-15
KH-00462,33,Male,Preah Sihanouk,Rice Farmer,1,1,17.9,None,160.0,95.0,0,1.77,2024-02-28
KH-00463,31,Female,Other Provinces,Rice Farmer,0,0,23.1,Hepatitis B,58.0,86.2,0,1.81,2024-01-13
KH-00464,25,Female,Prey Veng,Market Vendor,0,1,24.5,None,72.0,92.9,0,1.07,2024-03-12
KH-00465,33,Female,Kandal,Garment Worker,0,1,24.7,Diabetes; TB,255.0,80.7,0,1.94,2024-12-21
KH-00466,27,Female,Kandal,Market Vendor,0,1,21.3,None,130.0,95.0,0,1.11,2024-10-13
KH-00467,39,Female,Kandal,Garment Worker,0,1,19.9,None,198.0,91.8,0,1.44,2024-11-08
KH-00468,30,Female,Battambang,Garment Worker,1,1,23.1,Hepatitis B,189.0,86.2,1,1.88,2024-05-25
KH-00469,31,Male,Other Provinces,Rice Farmer,0,0,22.9,COPD/Asthma,135.0,89.6,0,1.77,2024-01-11
KH-00470,29,Female,Siem Reap,Market Vendor,0,1,20.0,Diabetes,210.0,95.0,0,1.37,2024-09-18
KH-00471,43,Female,Battambang,Rice Farmer,0,0,25.5,None,121.0,75.9,1,1.71,2024-07-11
KH-00472,36,Male,Kandal,Civil Servant,0,1,24.3,None,346.0,87.1,0,1.32,2024-03-07
KH-00473,42,Male,Other Provinces,Market Vendor,1,1,18.9,None,136.0,91.2,0,1.77,2024-04-26
KH-00474,30,Female,Other Provinces,Monk/Retired,0,0,23.6,Diabetes,104.0,87.5,0,2.12,2024-08-15
KH-00475,45,Female,Other Provinces,Rice Farmer,0,0,22.9,None,139.0,80.0,0,1.75,2024-11-01
KH-00476,27,Female,Other Provinces,Rice Farmer,0,0,23.3,None,120.0,91.5,0,1.39,2024-07-04
KH-00477,24,Female,Preah Sihanouk,Rice Farmer,0,1,24.1,None,169.0,91.9,0,1.23,2024-08-23
KH-00478,40,Male,Other Provinces,Moto/Tuk-tuk Driver,0,0,21.4,None,184.0,84.0,0,2.09,2024-05-01
KH-00479,41,Female,Kampong Cham,Rice Farmer,0,0,23.7,None,68.0,81.1,0,1.67,2024-07-28
KH-00480,33,Female,Other Provinces,Garment Worker,0,0,21.7,COPD/Asthma; Hepatitis B,175.0,89.1,0,1.98,2024-01-01
KH-00481,22,Female,Siem Reap,Rice Farmer,0,1,16.3,None,126.0,95.0,0,1.19,2024-06-13
KH-00482,39,Female,Siem Reap,Garment Worker,0,0,26.5,None,233.0,77.8,0,1.54,2024-02-01
KH-00483,36,Female,Other Provinces,Garment Worker,0,1,26.6,None,178.0,79.6,0,1.38,2024-09-18
KH-00484,37,Male,Battambang,Rice Farmer,1,1,25.1,None,148.0,78.8,0,1.85,2024-11-20
KH-00485,21,Female,Other Provinces,Garment Worker,0,1,23.3,None,191.0,95.0,0,1.08,2024-05-01
KH-00486,30,Female,Phnom Penh,Rice Farmer,0,0,24.7,None,170.0,86.5,0,1.45,2024-07-04
KH-00487,41,Male,Other Provinces,Market Vendor,1,0,26.0,None,121.0,76.8,1,1.85,2024-11-30
KH-00488,25,Male,Prey Veng,Moto/Tuk-tuk Driver,1,1,21.5,None,210.0,92.1,0,1.97,2024-11-12
KH-00489,26,Male,Siem Reap,Moto/Tuk-tuk Driver,0,0,17.9,None,198.0,95.0,0,1.81,2024-06-23
KH-00490,30,Male,Prey Veng,Construction Worker,0,1,26.1,None,191.0,79.6,0,1.7,2024-02-17
KH-00491,30,Male,Other Provinces,Moto/Tuk-tuk Driver,0,0,23.6,Arthritis; TB,170.0,81.2,0,2.51,2024-07-22
KH-00492,45,Male,Other Provinces,Civil Servant,1,1,25.8,None,258.0,75.8,1,1.78,2024-08-07
KH-00493,37,Male,Other Provinces,Civil Servant,0,1,23.4,None,282.0,88.3,0,1.34,2024-09-25
KH-00494,36,Female,Other Provinces,Rice Farmer,0,0,22.6,COPD/Asthma,95.0,86.8,0,1.79,2024-10-02
KH-00495,31,Female,Kampong Cham,Rice Farmer,0,1,26.1,None,121.0,82.8,0,1.37,2024-01-23
KH-00496,21,Male,Kampong Cham,Rice Farmer,1,1,22.1,COPD/Asthma,136.0,95.0,0,1.75,2024-01-28
KH-00497,32,Female,Kandal,Rice Farmer,0,0,20.4,None,137.0,94.2,0,1.49,2024-04-29
KH-00498,29,Female,Kampong Cham,Garment Worker,0,1,24.3,None,166.0,89.3,0,1.24,2024-03-04
KH-00499,25,Female,Prey Veng,Rice Farmer,0,0,20.5,None,157.0,95.0,0,1.35,2024-02-16
KH-00500,31,Female,Other Provinces,Garment Worker,0,0,21.7,None,160.0,93.5,0,1.38,2024-08-18
KH-00501,28,Male,Prey Veng,Moto/Tuk-tuk Driver,0,0,22.3,None,226.0,90.3,0,1.85,2024-01-02
KH-00502,41,Male,Kampong Cham,Moto/Tuk-tuk Driver,0,0,24.7,None,140.0,76.4,0,2.11,2024-07-20
KH-00503,26,Male,Other Provinces,Rice Farmer,1,0,22.0,None,98.0,92.9,0,1.73,2024-12-20
KH-00504,31,Male,Other Provinces,Construction Worker,1,1,21.1,None,176.0,87.5,0,2.0,2024-09-23
KH-00505,33,Male,Other Provinces,Moto/Tuk-tuk Driver,1,0,24.9,None,146.0,79.4,1,2.23,2024-02-09
KH-00506,22,Male,Other Provinces,Rice Farmer,0,1,29.1,None,110.0,82.6,0,1.27,2024-10-07
KH-00507,28,Male,Battambang,Garment Worker,0,0,21.5,None,197.0,95.0,0,1.4,2024-01-25
KH-00508,26,Male,Other Provinces,Civil Servant,1,0,20.9,None,295.0,95.0,0,1.5,2024-06-05
KH-00509,33,Male,Other Provinces,Rice Farmer,0,1,21.5,None,109.0,91.2,0,1.49,2024-11-02
KH-00510,58,Female,Prey Veng,Rice Farmer,0,1,23.1,None,111.0,70.7,0,1.91,2024-01-28
KH-00511,31,Male,Battambang,Moto/Tuk-tuk Driver,0,0,21.0,None,198.0,91.0,0,1.91,2024-01-26
KH-00512,21,Male,Other Provinces,Civil Servant,0,0,19.8,None,249.0,95.0,0,1.12,2024-05-16
KH-00513,30,Female,Prey Veng,Rice Farmer,0,1,27.2,None,73.0,81.2,0,1.35,2024-09-05
KH-00514,40,Male,Kampong Cham,Rice Farmer,0,1,19.6,Diabetes,56.0,90.4,1,1.85,2024-04-22
KH-00515,38,Female,Phnom Penh,Moto/Tuk-tuk Driver,0,0,23.0,None,270.0,82.0,0,1.97,2024-06-21
KH-00516,34,Female,Other Provinces,Garment Worker,0,0,26.8,Hypertension,154.0,80.6,0,1.66,2024-11-11
KH-00517,30,Male,Other Provinces,Market Vendor,0,0,19.6,None,121.0,95.0,0,1.35,2024-12-13
KH-00518,21,Male,Kandal,Monk/Retired,0,1,24.0,None,151.0,92.8,0,1.7,2024-07-16
KH-00519,27,Male,Battambang,Monk/Retired,0,1,22.3,None,77.0,92.3,0,1.82,2024-08-31
KH-00520,29,Female,Kampong Cham,Monk/Retired,0,0,22.1,Hypertension,62.0,91.4,0,2.1,2024-11-15
KH-00521,45,Female,Preah Sihanouk,Rice Farmer,1,1,21.7,None,147.0,80.6,0,1.93,2024-06-30
KH-00522,39,Male,Other Provinces,Civil Servant,1,0,24.5,None,313.0,82.6,0,1.76,2024-08-21
KH-00523,30,Male,Other Provinces,Civil Servant,0,1,18.2,None,318.0,95.0,0,1.2,2024-04-01
KH-00524,34,Male,Kampong Cham,Garment Worker,0,1,24.8,None,178.0,84.8,0,1.42,2024-09-24
KH-00525,30,Female,Other Provinces,Rice Farmer,0,1,24.6,None,91.0,86.7,0,1.35,2024-02-25
KH-00526,39,Male,Preah Sihanouk,Civil Servant,0,1,19.1,None,412.0,95.0,0,1.38,2024-06-13
KH-00527,48,Male,Other Provinces,Rice Farmer,0,0,23.1,Hepatitis B,66.0,74.6,0,2.23,2024-01-19
KH-00528,44,Female,Battambang,Market Vendor,0,1,19.3,None,157.0,90.9,0,1.45,2024-04-04
KH-00529,38,Female,Prey Veng,Garment Worker,0,0,21.9,None,204.0,88.2,1,1.52,2024-09-17
KH-00530,30,Male,Phnom Penh,Monk/Retired,1,0,21.2,None,126.0,90.6,0,2.26,2024-10-02
KH-00531,38,Female,Phnom Penh,Garment Worker,0,1,26.8,Hypertension,280.0,77.9,0,1.64,2024-07-15
KH-00532,41,Male,Phnom Penh,Moto/Tuk-tuk Driver,0,0,24.4,None,249.0,77.0,0,2.11,2024-03-18
KH-00533,32,Male,Prey Veng,Market Vendor,0,1,21.1,None,168.0,95.0,0,1.29,2024-04-29
KH-00534,40,Male,Other Provinces,Rice Farmer,0,1,20.9,None,63.0,87.7,0,1.63,2024-12-25
KH-00535,51,Female,Kandal,Rice Farmer,0,0,20.6,Hypertension; TB,133.0,75.8,0,2.49,2024-02-04
KH-00536,27,Male,Kampong Cham,Moto/Tuk-tuk Driver,1,0,19.8,Diabetes,159.0,94.3,0,2.33,2024-08-22
KH-00537,36,Male,Phnom Penh,Civil Servant,0,0,21.3,None,520.0,93.5,0,1.42,2024-09-03
KH-00538,40,Male,Battambang,Rice Farmer,0,1,19.7,None,126.0,90.2,0,1.63,2024-03-09
KH-00539,26,Male,Other Provinces,Construction Worker,0,0,23.7,None,202.0,87.4,0,1.72,2024-09-22
KH-00540,29,Male,Other Provinces,Rice Farmer,0,0,22.6,Hypertension,91.0,91.6,1,1.73,2024-10-08
KH-00541,40,Male,Other Provinces,Rice Farmer,0,0,24.4,COPD/Asthma,134.0,80.3,0,1.95,2024-11-25
KH-00542,37,Female,Battambang,Rice Farmer,0,0,22.3,None,91.0,86.8,0,1.59,2024-08-13
KH-00543,34,Male,Kampong Cham,Rice Farmer,1,0,17.0,None,92.0,95.0,0,1.89,2024-04-19
KH-00544,21,Female,Other Provinces,Monk/Retired,0,0,21.8,TB,67.0,92.5,0,2.12,2024-01-13
KH-00545,29,Male,Other Provinces,Rice Farmer,0,0,25.5,None,76.0,85.5,0,1.51,2024-03-30
KH-00546,21,Male,Other Provinces,Construction Worker,0,0,16.1,Heart Disease,177.0,95.0,0,1.84,2024-08-29
KH-00547,44,Male,Siem Reap,Civil Servant,0,1,25.8,None,474.0,78.5,0,1.48,2024-07-19
KH-00548,43,Male,Other Provinces,Civil Servant,0,1,18.9,None,322.0,93.8,0,1.46,2024-07-21
KH-00549,27,Male,Other Provinces,Construction Worker,1,1,25.1,None,181.0,81.8,1,1.92,2024-06-26
KH-00550,31,Female,Prey Veng,Rice Farmer,0,0,22.5,None,106.0,90.5,0,1.47,2024-09-23
KH-00551,54,Male,Preah Sihanouk,Moto/Tuk-tuk Driver,1,0,24.8,Hepatitis B,246.0,62.2,0,2.99,2024-09-05
KH-00552,40,Male,Phnom Penh,Construction Worker,1,1,26.9,None,259.0,69.1,0,2.18,2024-10-17
KH-00553,44,Male,Kampong Cham,Rice Farmer,0,0,23.8,None,72.0,78.8,0,1.81,2024-03-05
KH-00554,31,Male,Phnom Penh,Rice Farmer,1,0,23.1,None,171.0,87.2,0,1.83,2024-02-22
KH-00555,44,Female,Phnom Penh,Market Vendor,0,0,24.8,Hypertension,181.0,79.3,0,1.77,2024-06-03
KH-00556,31,Male,Other Provinces,Moto/Tuk-tuk Driver,0,0,23.2,TB,204.0,81.4,0,2.31,2024-04-12
KH-00557,36,Male,Battambang,Construction Worker,0,0,26.9,None,234.0,73.8,0,1.92,2024-04-25
KH-00558,29,Female,Battambang,Garment Worker,0,1,17.8,None,229.0,95.0,1,1.24,2024-05-10
KH-00559,29,Female,Other Provinces,Garment Worker,0,0,16.7,None,180.0,95.0,0,1.34,2024-12-20
KH-00560,28,Female,Other Provinces,Market Vendor,0,1,22.1,Hypertension,116.0,95.0,0,1.35,2024-11-30
KH-00561,22,Female,Phnom Penh,Rice Farmer,0,0,20.0,None,216.0,95.0,0,1.29,2024-01-28
KH-00562,26,Female,Other Provinces,Civil Servant,0,0,18.2,None,314.0,95.0,0,1.14,2024-03-11
KH-00563,35,Female,Battambang,Rice Farmer,0,1,25.8,None,110.0,80.7,0,1.45,2024-03-18
KH-00564,31,Female,Other Provinces,Monk/Retired,0,1,21.7,Heart Disease,92.0,90.9,0,2.04,2024-03-11
KH-00565,36,Female,Other Provinces,Rice Farmer,0,1,19.8,None,132.0,92.8,0,1.47,2024-08-29
KH-00566,29,Female,Other Provinces,Garment Worker,0,1,20.1,None,175.0,95.0,0,1.24,2024-02-06
KH-00567,34,Female,Other Provinces,Garment Worker,0,1,22.4,Hypertension,199.0,89.9,0,1.56,2024-02-21
KH-00568,27,Female,Preah Sihanouk,Moto/Tuk-tuk Driver,0,1,24.1,None,230.0,87.2,0,1.65,2024-10-24
KH-00569,29,Male,Battambang,Civil Servant,1,1,20.6,None,290.0,95.0,0,1.46,2024-03-27
KH-00570,31,Female,Kampong Cham,Rice Farmer,0,0,19.0,None,55.0,95.0,0,1.47,2024-02-14
KH-00571,32,Female,Other Provinces,Rice Farmer,0,1,25.4,None,140.0,83.6,0,1.39,2024-06-07
KH-00572,30,Male,Other Provinces,Construction Worker,0,0,21.2,Diabetes,173.0,90.0,1,2.02,2024-12-16
KH-00573,22,Male,Prey Veng,Rice Farmer,0,0,21.8,None,75.0,95.0,0,1.37,2024-12-15
KH-00574,32,Female,Other Provinces,Monk/Retired,0,0,18.1,None,62.0,95.0,0,1.94,2024-06-28
KH-00575,21,Female,Other Provinces,Rice Farmer,0,0,25.4,None,55.0,91.1,0,1.27,2024-09-13
KH-00576,28,Female,Kandal,Civil Servant,0,0,22.6,Hepatitis B,420.0,93.2,0,1.52,2024-06-19
KH-00577,29,Female,Kampong Cham,Rice Farmer,1,1,17.2,None,117.0,95.0,0,1.61,2024-04-01
KH-00578,22,Male,Phnom Penh,Market Vendor,1,0,25.9,None,239.0,90.0,0,1.47,2024-06-22
KH-00579,35,Male,Phnom Penh,Rice Farmer,1,1,21.7,None,202.0,87.4,0,1.81,2024-06-13
KH-00580,29,Male,Kampong Cham,Rice Farmer,0,0,23.4,None,122.0,89.9,0,1.51,2024-04-30
KH-00581,37,Female,Other Provinces,Moto/Tuk-tuk Driver,0,0,21.2,Diabetes; Hepatitis B,173.0,83.5,0,2.51,2024-05-27
KH-00582,30,Female,Prey Veng,Garment Worker,0,1,18.6,None,170.0,95.0,0,1.26,2024-06-01
KH-00583,21,Male,Phnom Penh,Civil Servant,1,0,22.4,Hepatitis B,473.0,95.0,0,1.74,2024-10-30
KH-00584,38,Female,Phnom Penh,Rice Farmer,0,0,20.3,None,147.0,90.3,0,1.61,2024-06-08
KH-00585,24,Female,Battambang,Rice Farmer,0,0,20.1,None,127.0,95.0,0,1.33,2024-05-17
KH-00586,36,Male,Other Provinces,Civil Servant,1,0,25.0,None,292.0,83.6,0,1.7,2024-12-29
KH-00587,29,Female,Other Provinces,Market Vendor,0,1,21.1,COPD/Asthma,115.0,95.0,1,1.37,2024-01-06
KH-00588,49,Female,Kampong Cham,Monk/Retired,0,0,24.7,None,75.0,72.2,0,2.28,2024-05-16
KH-00589,26,Female,Other Provinces,Civil Servant,0,1,19.3,None,322.0,95.0,0,1.04,2024-08-02
KH-00590,27,Female,Other Provinces,Garment Worker,0,1,20.0,None,151.0,95.0,1,1.2,2024-06-14
KH-00591,23,Female,Phnom Penh,Rice Farmer,0,0,23.3,None,143.0,94.2,0,1.31,2024-06-30
KH-00592,54,Female,Other Provinces,Rice Farmer,0,0,25.4,None,163.0,68.6,0,1.93,2024-02-05
KH-00593,31,Female,Phnom Penh,Rice Farmer,0,1,21.4,None,197.0,92.8,0,1.37,2024-10-28
KH-00594,27,Female,Siem Reap,Garment Worker,0,1,27.7,None,221.0,83.5,1,1.2,2024-03-07
KH-00595,33,Female,Other Provinces,Rice Farmer,0,0,19.3,None,145.0,95.0,0,1.51,2024-01-10
KH-00596,33,Male,Other Provinces,Moto/Tuk-tuk Driver,0,0,16.7,Hepatitis B,195.0,95.0,0,2.29,2024-02-24
KH-00597,34,Female,Other Provinces,Market Vendor,0,0,25.3,Hypertension,158.0,85.1,0,1.57,2024-06-16
KH-00598,31,Female,Phnom Penh,Construction Worker,0,1,24.6,None,261.0,82.1,1,1.64,2024-02-07
KH-00599,31,Female,Prey Veng,Garment Worker,0,0,17.6,None,168.0,95.0,0,1.38,2024-11-08
KH-00600,30,Female,Kampong Cham,Garment Worker,0,0,17.8,None,191.0,95.0,0,1.36,2024-01-26
KH-00601,25,Male,Other Provinces,Market Vendor,0,1,25.1,Hepatitis B,83.0,88.6,0,1.49,2024-08-21
KH-00602,23,Female,Other Provinces,Market Vendor,0,1,18.0,Hepatitis B,107.0,95.0,0,1.37,2024-01-07
KH-00603,23,Female,Kampong Cham,Garment Worker,0,0,18.2,None,185.0,95.0,0,1.22,2024-12-03
KH-00604,24,Male,Kandal,Market Vendor,0,0,24.4,TB; Hepatitis B,161.0,85.8,0,1.97,2024-05-18
KH-00605,29,Male,Other Provinces,Rice Farmer,1,0,23.8,None,124.0,87.1,1,1.79,2024-12-06
KH-00606,28,Male,Kandal,Monk/Retired,0,1,21.1,COPD/Asthma,101.0,94.2,0,2.06,2024-02-20
KH-00607,33,Female,Other Provinces,Garment Worker,0,0,22.9,TB,195.0,84.5,0,1.82,2024-03-03
KH-00608,35,Male,Kandal,Rice Farmer,0,0,22.9,None,145.0,86.9,0,1.63,2024-01-21
KH-00609,33,Male,Other Provinces,Moto/Tuk-tuk Driver,1,0,25.2,COPD/Asthma,193.0,78.8,0,2.45,2024-04-17
KH-00610,29,Female,Kampong Cham,Rice Farmer,0,1,19.5,None,130.0,95.0,0,1.33,2024-09-30
KH-00611,36,Female,Battambang,Rice Farmer,0,1,27.3,Diabetes,156.0,76.9,1,1.69,2024-02-25
KH-00612,33,Female,Other Provinces,Market Vendor,0,1,23.0,None,105.0,90.6,0,1.23,2024-09-05
KH-00613,25,Male,Other Provinces,Rice Farmer,0,0,18.0,None,112.0,95.0,0,1.43,2024-08-06
KH-00614,31,Male,Kandal,Moto/Tuk-tuk Driver,1,1,24.1,None,218.0,82.5,0,2.09,2024-07-19
KH-00615,25,Female,Kampong Cham,Market Vendor,0,1,21.4,None,146.0,95.0,0,1.07,2024-01-08
KH-00616,26,Male,Phnom Penh,Moto/Tuk-tuk Driver,0,1,25.0,None,288.0,86.0,0,1.71,2024-06-02
KH-00617,31,Male,Prey Veng,Construction Worker,0,1,29.0,Hypertension,214.0,72.8,0,1.94,2024-09-02
KH-00618,42,Male,Other Provinces,Civil Servant,0,1,29.3,Hypertension,281.0,72.4,0,1.66,2024-10-07
KH-00619,29,Male,Battambang,Market Vendor,1,1,25.4,None,108.0,86.3,0,1.51,2024-08-10
KH-00620,26,Male,Other Provinces,Rice Farmer,0,1,23.3,None,121.0,92.2,0,1.35,2024-07-16
KH-00621,28,Female,Prey Veng,Civil Servant,0,0,19.6,None,278.0,95.0,0,1.18,2024-08-07
KH-00622,29,Male,Prey Veng,Rice Farmer,1,1,21.5,None,142.0,91.9,1,1.69,2024-12-11
KH-00623,35,Female,Phnom Penh,Rice Farmer,0,1,25.9,None,164.0,80.5,0,1.45,2024-05-24
KH-00624,28,Female,Other Provinces,Rice Farmer,0,0,23.3,None,126.0,90.8,0,1.41,2024-03-09
KH-00625,46,Female,Other Provinces,Monk/Retired,0,1,24.1,None,93.0,75.5,1,2.12,2024-07-14
KH-00626,34,Male,Battambang,Market Vendor,0,0,23.0,None,104.0,89.9,0,1.43,2024-01-17
KH-00627,30,Female,Other Provinces,Rice Farmer,0,0,21.9,Heart Disease,70.0,92.4,0,1.67,2024-05-24
KH-00628,32,Female,Other Provinces,Monk/Retired,0,1,18.6,None,127.0,95.0,0,1.84,2024-07-14
KH-00629,30,Female,Other Provinces,Civil Servant,0,0,18.0,None,303.0,95.0,0,1.22,2024-04-24
KH-00630,31,Female,Other Provinces,Garment Worker,0,1,18.0,None,178.0,95.0,0,1.28,2024-08-04
KH-00631,31,Female,Other Provinces,Rice Farmer,0,0,20.8,None,95.0,94.1,0,1.47,2024-08-21
KH-00632,36,Male,Other Provinces,Civil Servant,0,0,16.0,None,295.0,95.0,0,1.42,2024-11-03
KH-00633,31,Male,Siem Reap,Moto/Tuk-tuk Driver,0,1,22.3,None,213.0,88.3,1,1.81,2024-02-20
KH-00634,38,Female,Kampong Cham,Civil Servant,0,1,26.4,Arthritis; TB,277.0,76.3,0,1.9,2024-10-28
KH-00635,34,Male,Other Provinces,Civil Servant,0,0,19.1,None,293.0,95.0,0,1.38,2024-09-27
KH-00636,27,Female,Other Provinces,Rice Farmer,0,1,20.7,Hepatitis B,78.0,94.0,0,1.63,2024-07-20
KH-00637,27,Male,Other Provinces,Market Vendor,1,1,19.8,None,152.0,95.0,0,1.47,2024-10-02
KH-00638,39,Female,Phnom Penh,Rice Farmer,0,1,20.5,Hypertension,158.0,89.2,0,1.75,2024-11-15
KH-00639,24,Female,Kandal,Civil Servant,0,0,19.5,None,345.0,95.0,0,1.1,2024-05-31
KH-00640,30,Female,Siem Reap,Market Vendor,0,1,20.7,None,198.0,95.0,0,1.17,2024-05-26
KH-00641,40,Male,Phnom Penh,Construction Worker,1,0,22.3,TB,334.0,73.8,0,2.68,2024-02-18
KH-00642,30,Male,Other Provinces,Garment Worker,1,0,21.6,None,148.0,92.3,1,1.72,2024-03-06
KH-00643,32,Female,Kandal,Civil Servant,0,0,23.9,Hypertension,328.0,90.7,0,1.48,2024-06-03
KH-00644,20,Male,Other Provinces,Monk/Retired,0,1,21.3,None,70.0,95.0,1,1.68,2024-07-04
KH-00645,34,Female,Other Provinces,Garment Worker,0,0,18.0,None,206.0,95.0,0,1.44,2024-09-15
KH-00646,32,Female,Other Provinces,Garment Worker,0,1,22.9,None,153.0,90.2,0,1.3,2024-12-28
KH-00647,32,Male,Kandal,Rice Farmer,0,0,22.2,None,118.0,90.4,0,1.57,2024-05-30
KH-00648,23,Male,Other Provinces,Rice Farmer,0,1,25.8,Heart Disease,82.0,88.9,0,1.51,2024-09-28
KH-00649,28,Female,Prey Veng,Garment Worker,0,1,28.8,Hypertension,167.0,80.5,0,1.44,2024-10-29
KH-00650,33,Female,Other Provinces,Garment Worker,0,0,22.1,None,155.0,91.2,0,1.42,2024-08-19
KH-00651,36,Female,Other Provinces,Civil Servant,0,0,24.6,None,327.0,86.5,0,1.34,2024-03-05
KH-00652,39,Female,Phnom Penh,Rice Farmer,0,1,18.6,None,222.0,93.3,0,1.53,2024-04-15
KH-00653,30,Female,Other Provinces,Garment Worker,0,1,24.5,None,165.0,88.2,0,1.26,2024-11-03
KH-00654,36,Female,Phnom Penh,Market Vendor,0,0,25.4,Hypertension; Arthritis,208.0,83.5,0,1.83,2024-01-02
KH-00655,32,Male,Other Provinces,Civil Servant,0,1,21.5,None,263.0,95.0,0,1.24,2024-03-16
KH-00656,27,Female,Other Provinces,Moto/Tuk-tuk Driver,0,1,16.8,None,166.0,95.0,1,1.65,2024-09-13
KH-00657,32,Female,Prey Veng,Garment Worker,0,1,26.6,None,156.0,82.4,0,1.3,2024-10-27
KH-00658,22,Male,Other Provinces,Civil Servant,0,0,22.5,None,288.0,95.0,0,1.14,2024-07-25
KH-00659,33,Female,Other Provinces,Garment Worker,0,1,20.6,None,174.0,94.4,0,1.32,2024-06-04
KH-00660,20,Male,Battambang,Civil Servant,0,0,21.4,None,302.0,95.0,0,1.1,2024-03-29
KH-00661,46,Female,Other Provinces,Market Vendor,1,0,20.8,None,123.0,84.4,0,1.87,2024-04-07
KH-00662,28,Female,Other Provinces,Monk/Retired,0,0,19.7,None,84.0,95.0,0,1.86,2024-03-21
KH-00663,44,Male,Kampong Cham,Garment Worker,0,0,21.2,None,190.0,85.6,0,1.72,2024-06-08
KH-00664,28,Female,Other Provinces,Rice Farmer,0,0,19.4,None,79.0,95.0,0,1.41,2024-10-22
KH-00665,36,Female,Kandal,Rice Farmer,0,0,21.8,Diabetes,67.0,88.5,0,1.79,2024-05-11
KH-00666,25,Female,Phnom Penh,Market Vendor,0,0,22.7,None,241.0,95.0,0,1.17,2024-10-15
KH-00667,30,Male,Phnom Penh,Moto/Tuk-tuk Driver,0,0,20.7,Diabetes,308.0,92.4,0,2.11,2024-01-16
KH-00668,44,Female,Other Provinces,Market Vendor,0,0,26.2,TB,157.0,71.3,0,1.95,2024-12-21
KH-00669,50,Female,Siem Reap,Civil Servant,1,0,23.4,None,387.0,77.5,0,1.9,2024-01-09
KH-00670,34,Female,Prey Veng,Market Vendor,0,1,24.7,None,134.0,86.3,0,1.25,2024-10-19
KH-00671,41,Male,Prey Veng,Rice Farmer,0,0,25.0,None,87.0,78.3,0,1.75,2024-10-14
KH-00672,30,Female,Battambang,Rice Farmer,0,0,17.1,None,113.0,95.0,0,1.45,2024-09-25
KH-00673,27,Male,Other Provinces,Market Vendor,1,1,22.5,None,135.0,93.8,1,1.47,2024-05-24
KH-00674,29,Male,Kampong Cham,Civil Servant,0,0,20.9,None,308.0,95.0,0,1.28,2024-06-30
KH-00675,41,Male,Other Provinces,Construction Worker,1,0,20.8,None,219.0,81.3,1,2.3,2024-09-11
KH-00676,34,Female,Other Provinces,Rice Farmer,0,0,22.7,None,69.0,88.0,0,1.53,2024-12-13
KH-00677,24,Male,Other Provinces,Rice Farmer,0,1,22.2,None,95.0,95.0,0,1.31,2024-07-15
KH-00678,31,Female,Prey Veng,Moto/Tuk-tuk Driver,0,1,23.8,Hypertension,161.0,85.1,0,1.95,2024-09-03
KH-00679,32,Female,Other Provinces,Rice Farmer,0,0,16.0,None,161.0,95.0,0,1.49,2024-12-27
KH-00680,33,Female,Other Provinces,Rice Farmer,0,1,22.0,None,123.0,90.1,0,1.41,2024-08-08
KH-00681,34,Male,Other Provinces,Rice Farmer,0,0,24.4,None,120.0,84.4,0,1.61,2024-10-30
KH-00682,31,Female,Phnom Penh,Market Vendor,0,1,22.6,None,250.0,92.8,1,1.19,2024-03-11
KH-00683,39,Male,Other Provinces,Civil Servant,0,0,20.9,Hepatitis B,302.0,89.3,0,1.82,2024-07-14
KH-00684,45,Female,Phnom Penh,Civil Servant,0,1,26.0,Diabetes,520.0,77.4,0,1.64,2024-02-16
KH-00685,36,Female,Other Provinces,Moto/Tuk-tuk Driver,0,0,22.2,None,160.0,85.1,1,1.93,2024-05-06
KH-00686,47,Male,Other Provinces,Civil Servant,0,1,17.9,Diabetes,307.0,93.2,0,1.76,2024-10-05
KH-00687,23,Female,Prey Veng,Market Vendor,0,1,26.1,Heart Disease,92.0,90.9,0,1.25,2024-01-04
KH-00688,24,Male,Other Provinces,Rice Farmer,0,0,26.2,None,132.0,87.4,0,1.41,2024-06-16
KH-00689,27,Female,Other Provinces,Market Vendor,0,1,18.7,None,193.0,95.0,1,1.11,2024-12-18
KH-00690,21,Male,Prey Veng,Moto/Tuk-tuk Driver,0,1,23.4,Arthritis,156.0,92.8,0,1.83,2024-05-28
KH-00691,26,Female,Other Provinces,Garment Worker,0,1,18.1,None,213.0,95.0,0,1.18,2024-07-27
KH-00692,22,Female,Other Provinces,Rice Farmer,0,0,21.7,Hepatitis B,102.0,95.0,0,1.63,2024-07-29
KH-00693,36,Male,Battambang,Rice Farmer,0,0,23.1,Hypertension,88.0,85.8,0,1.87,2024-02-24
KH-00694,28,Male,Other Provinces,Rice Farmer,0,0,21.0,TB,55.0,90.7,0,1.89,2024-10-25
KH-00695,29,Male,Kandal,Construction Worker,0,0,23.7,Arthritis; TB,255.0,80.4,0,2.4,2024-05-26
KH-00696,26,Female,Kandal,Rice Farmer,0,0,20.7,COPD/Asthma; Arthritis,105.0,95.0,0,1.81,2024-08-26
KH-00697,38,Male,Other Provinces,Rice Farmer,0,0,21.6,None,116.0,87.6,0,1.69,2024-07-22
KH-00698,34,Female,Phnom Penh,Garment Worker,0,1,22.4,None,241.0,89.9,0,1.34,2024-09-07
KH-00699,28,Female,Other Provinces,Rice Farmer,1,0,22.3,None,150.0,90.9,0,1.69,2024-08-11
KH-00700,38,Female,Preah Sihanouk,Market Vendor,0,0,23.4,None,168.0,86.4,0,1.43,2024-09-23
KH-00701,54,Female,Other Provinces,Market Vendor,0,1,22.7,None,137.0,76.9,0,1.65,2024-05-08
KH-00702,34,Female,Prey Veng,Garment Worker,0,1,21.8,None,152.0,91.2,0,1.34,2024-11-20
KH-00703,30,Female,Prey Veng,Rice Farmer,0,0,20.1,TB,82.0,91.2,0,1.85,2024-07-04
KH-00704,35,Male,Kampong Cham,Rice Farmer,1,0,23.2,TB,109.0,79.2,0,2.31,2024-10-17
KH-00705,27,Female,Other Provinces,Monk/Retired,0,0,19.7,None,55.0,95.0,0,1.84,2024-03-20
KH-00706,32,Female,Other Provinces,Market Vendor,0,0,19.6,Diabetes,78.0,95.0,0,1.53,2024-04-14
KH-00707,27,Female,Other Provinces,Garment Worker,0,1,20.1,None,201.0,95.0,0,1.2,2024-05-30
KH-00708,33,Female,Other Provinces,Market Vendor,0,0,24.7,TB,125.0,82.0,0,1.73,2024-07-06
KH-00709,33,Male,Other Provinces,Civil Servant,1,0,21.8,None,289.0,92.5,0,1.64,2024-12-19
KH-00710,33,Female,Other Provinces,Garment Worker,0,1,20.6,Diabetes,166.0,94.4,0,1.54,2024-12-13
KH-00711,29,Male,Prey Veng,Monk/Retired,0,1,16.1,Hepatitis B,72.0,95.0,0,2.2,2024-04-06
KH-00712,43,Male,Other Provinces,Garment Worker,1,0,27.6,None,174.0,70.7,0,1.98,2024-05-17
KH-00713,34,Male,Preah Sihanouk,Moto/Tuk-tuk Driver,0,0,22.0,None,277.0,86.9,0,1.97,2024-08-26
KH-00714,24,Female,Other Provinces,Rice Farmer,1,1,17.9,None,81.0,95.0,0,1.51,2024-11-16
KH-00715,65,Female,Other Provinces,Rice Farmer,0,0,24.8,None,138.0,62.3,0,2.15,2024-05-19
KH-00716,39,Female,Kandal,Garment Worker,0,0,17.1,None,209.0,95.0,0,1.54,2024-05-24
KH-00717,39,Male,Other Provinces,Construction Worker,1,0,23.3,None,225.0,77.4,0,2.26,2024-01-15
KH-00718,27,Female,Kandal,Moto/Tuk-tuk Driver,0,0,24.7,None,248.0,85.9,0,1.75,2024-09-06
KH-00719,30,Male,Kampong Cham,Moto/Tuk-tuk Driver,1,0,25.4,None,163.0,80.4,0,2.17,2024-05-21
KH-00720,23,Female,Battambang,Rice Farmer,0,0,17.7,None,109.0,95.0,0,1.31,2024-08-13
KH-00721,31,Male,Other Provinces,Civil Servant,0,0,23.1,Hypertension,350.0,93.1,0,1.54,2024-12-27
KH-00722,37,Male,Other Provinces,Monk/Retired,0,0,21.3,None,68.0,87.6,0,2.12,2024-10-04
KH-00723,32,Male,Siem Reap,Garment Worker,1,0,26.3,COPD/Asthma,158.0,81.0,0,1.98,2024-04-06
KH-00724,25,Male,Other Provinces,Civil Servant,1,0,20.7,None,277.0,95.0,0,1.48,2024-11-10
KH-00725,28,Male,Phnom Penh,Moto/Tuk-tuk Driver,0,1,24.1,TB,168.0,81.5,0,2.15,2024-05-19
KH-00726,25,Male,Phnom Penh,Moto/Tuk-tuk Driver,0,0,20.4,None,241.0,95.0,0,1.79,2024-02-21
KH-00727,27,Male,Battambang,Market Vendor,1,1,24.6,None,165.0,89.3,0,1.47,2024-06-16
KH-00728,25,Male,Other Provinces,Rice Farmer,1,1,22.4,TB,88.0,87.8,0,2.01,2024-05-22
KH-00729,36,Female,Other Provinces,Garment Worker,0,0,18.3,Hypertension,176.0,95.0,0,1.7,2024-06-24
KH-00730,22,Female,Phnom Penh,Monk/Retired,0,1,23.3,Hepatitis B,129.0,90.6,1,1.98,2024-07-20
KH-00731,23,Female,Phnom Penh,Garment Worker,0,1,21.0,None,302.0,95.0,1,1.12,2024-03-09
KH-00732,22,Male,Kandal,Construction Worker,0,0,20.8,None,231.0,95.0,0,1.64,2024-05-01
KH-00733,47,Male,Other Provinces,Moto/Tuk-tuk Driver,1,0,24.9,None,145.0,69.8,0,2.51,2024-08-16
KH-00734,33,Male,Prey Veng,Moto/Tuk-tuk Driver,0,1,25.1,None,181.0,81.0,0,1.85,2024-08-01
KH-00735,49,Female,Kandal,Rice Farmer,0,0,27.7,None,134.0,67.1,0,1.83,2024-08-26
KH-00736,40,Female,Other Provinces,Garment Worker,0,1,18.3,Hepatitis B,189.0,91.5,1,1.8,2024-03-06
KH-00737,25,Male,Siem Reap,Moto/Tuk-tuk Driver,1,0,20.3,COPD/Asthma,253.0,94.6,1,2.29,2024-06-08
KH-00738,32,Female,Other Provinces,Monk/Retired,1,0,20.9,Hypertension,65.0,89.9,1,2.44,2024-06-24
KH-00739,28,Male,Prey Veng,Moto/Tuk-tuk Driver,1,0,23.3,Hepatitis B,160.0,83.2,0,2.47,2024-12-29
KH-00740,36,Male,Phnom Penh,Moto/Tuk-tuk Driver,0,1,26.3,None,262.0,76.4,1,1.91,2024-08-11
KH-00741,34,Male,Other Provinces,Construction Worker,0,0,22.1,Hypertension,173.0,85.4,0,2.1,2024-07-01
KH-00742,26,Female,Other Provinces,Garment Worker,0,1,18.0,None,145.0,95.0,0,1.18,2024-08-26
KH-00743,44,Female,Other Provinces,Rice Farmer,0,1,23.5,Diabetes,86.0,79.4,0,1.85,2024-08-03
KH-00744,57,Female,Battambang,Rice Farmer,0,1,24.7,Hypertension,88.0,68.0,0,2.11,2024-03-02
KH-00745,23,Male,Other Provinces,Garment Worker,0,0,24.0,None,100.0,94.0,0,1.3,2024-02-22
KH-00746,32,Female,Other Provinces,Rice Farmer,0,1,22.2,Hypertension,116.0,90.4,0,1.61,2024-02-16
KH-00747,28,Male,Other Provinces,Civil Servant,1,0,20.6,None,332.0,95.0,0,1.54,2024-01-10
KH-00748,40,Female,Battambang,Moto/Tuk-tuk Driver,0,0,18.0,None,201.0,91.2,0,2.01,2024-12-21
KH-00749,28,Female,Battambang,Market Vendor,0,1,22.3,Hypertension; Hepatitis B,126.0,92.5,0,1.69,2024-01-18
KH-00750,21,Female,Siem Reap,Market Vendor,0,0,22.7,Hypertension,192.0,95.0,0,1.31,2024-10-24
KH-00751,34,Female,Other Provinces,Civil Servant,0,1,23.5,Arthritis,286.0,90.2,1,1.42,2024-04-13
KH-00752,36,Male,Prey Veng,Rice Farmer,0,1,19.1,Heart Disease,96.0,94.2,0,1.77,2024-02-02
KH-00753,22,Male,Siem Reap,Rice Farmer,1,0,17.5,None,142.0,95.0,0,1.65,2024-06-14
KH-00754,42,Female,Other Provinces,Garment Worker,0,0,19.7,None,154.0,90.2,0,1.6,2024-10-30
KH-00755,33,Female,Phnom Penh,Civil Servant,0,0,27.8,COPD/Asthma,460.0,81.8,1,1.5,2024-06-03
KH-00756,35,Male,Kandal,Garment Worker,0,1,20.9,None,252.0,92.4,1,1.44,2024-09-22
KH-00757,34,Female,Kandal,Civil Servant,0,1,19.8,COPD/Asthma,380.0,95.0,0,1.42,2024-02-21
KH-00758,39,Male,Battambang,Construction Worker,1,0,19.9,None,228.0,84.6,0,2.26,2024-03-29
KH-00759,45,Male,Other Provinces,Moto/Tuk-tuk Driver,1,0,19.1,Diabetes,132.0,83.5,0,2.69,2024-10-18
KH-00760,30,Female,Other Provinces,Monk/Retired,0,0,23.2,None,69.0,88.4,0,1.9,2024-02-12
KH-00761,23,Female,Kampong Cham,Rice Farmer,0,0,21.7,None,134.0,95.0,0,1.31,2024-10-24
KH-00762,37,Male,Battambang,Market Vendor,0,1,22.3,Heart Disease,133.0,89.4,0,1.61,2024-01-27
KH-00763,28,Male,Other Provinces,Construction Worker,0,0,19.2,None,240.0,95.0,0,1.76,2024-06-27
KH-00764,35,Male,Kampong Cham,Civil Servant,0,1,21.9,None,361.0,92.9,0,1.3,2024-07-29
KH-00765,36,Female,Battambang,Civil Servant,0,0,23.4,None,278.0,89.0,0,1.34,2024-12-14
KH-00766,23,Female,Prey Veng,Garment Worker,0,0,22.2,None,144.0,95.0,0,1.22,2024-06-01
KH-00767,38,Male,Kandal,Moto/Tuk-tuk Driver,0,1,21.5,None,270.0,85.2,1,1.95,2024-02-23
KH-00768,47,Female,Preah Sihanouk,Garment Worker,1,0,20.7,Hepatitis B,239.0,79.6,0,2.32,2024-03-01
KH-00769,25,Female,Other Provinces,Market Vendor,0,1,22.5,None,204.0,95.0,0,1.07,2024-10-27
KH-00770,27,Female,Siem Reap,Garment Worker,0,0,23.1,None,276.0,93.2,0,1.3,2024-07-06
KH-00771,28,Female,Phnom Penh,Garment Worker,0,0,21.4,None,279.0,95.0,1,1.32,2024-10-30
KH-00772,38,Male,Phnom Penh,Market Vendor,0,0,19.8,None,192.0,94.0,0,1.51,2024-10-31
KH-00773,32,Female,Other Provinces,Garment Worker,0,0,18.6,None,181.0,95.0,1,1.4,2024-08-27
KH-00774,33,Male,Other Provinces,Construction Worker,1,0,21.9,None,185.0,84.5,0,2.14,2024-10-29
KH-00775,33,Female,Siem Reap,Garment Worker,0,1,24.2,None,238.0,86.8,1,1.32,2024-03-23
KH-00776,43,Female,Battambang,Garment Worker,0,0,18.6,None,168.0,91.8,0,1.62,2024-12-24
KH-00777,25,Female,Kandal,Market Vendor,0,0,19.6,Hepatitis B,167.0,95.0,0,1.51,2024-06-12
KH-00778,28,Female,Prey Veng,Rice Farmer,0,0,20.2,COPD/Asthma,101.0,95.0,0,1.63,2024-10-19
KH-00779,30,Female,Kandal,Civil Servant,1,0,21.2,Hypertension,331.0,95.0,0,1.72,2024-10-24
KH-00780,28,Female,Kampong Cham,Rice Farmer,0,1,20.3,None,83.0,95.0,0,1.31,2024-10-24
KH-00781,28,Female,Other Provinces,Rice Farmer,0,1,19.7,Hypertension,91.0,95.0,0,1.53,2024-06-25
KH-00782,41,Female,Other Provinces,Garment Worker,0,1,25.7,None,174.0,78.1,0,1.48,2024-01-31
KH-00783,34,Male,Kandal,Rice Farmer,0,0,27.2,Hepatitis B,171.0,75.4,1,1.95,2024-03-07
KH-00784,21,Female,Other Provinces,Market Vendor,0,0,25.3,None,121.0,94.0,1,1.09,2024-05-21
KH-00785,40,Male,Other Provinces,Monk/Retired,0,0,19.6,Hypertension,72.0,89.1,0,2.4,2024-05-09
KH-00786,36,Female,Kandal,Rice Farmer,0,0,21.6,None,135.0,88.9,0,1.57,2024-03-20
KH-00787,27,Male,Other Provinces,Market Vendor,0,1,20.5,None,140.0,95.0,0,1.19,2024-01-30
KH-00788,25,Female,Other Provinces,Rice Farmer,0,0,20.9,None,117.0,95.0,0,1.35,2024-10-02
KH-00789,51,Female,Kandal,Market Vendor,0,0,23.2,None,177.0,77.9,0,1.69,2024-05-26
KH-00790,24,Female,Other Provinces,Market Vendor,0,0,26.8,Heart Disease,156.0,88.7,0,1.37,2024-09-09
KH-00791,25,Male,Other Provinces,Moto/Tuk-tuk Driver,0,1,19.5,Diabetes,203.0,95.0,0,1.91,2024-05-04
KH-00792,29,Male,Other Provinces,Market Vendor,0,0,23.9,None,155.0,91.5,0,1.33,2024-02-10
KH-00793,19,Male,Other Provinces,Rice Farmer,0,1,21.4,None,93.0,95.0,1,1.21,2024-02-07
KH-00794,34,Female,Other Provinces,Moto/Tuk-tuk Driver,0,0,17.5,Hepatitis B,196.0,93.4,0,2.23,2024-08-01
KH-00795,48,Female,Other Provinces,Rice Farmer,0,0,20.6,Hepatitis B,105.0,79.9,0,2.15,2024-08-11
KH-00796,33,Male,Other Provinces,Construction Worker,0,0,25.2,Hepatitis B,170.0,76.5,1,2.2,2024-02-03
KH-00797,36,Female,Kampong Cham,Garment Worker,0,1,20.3,None,139.0,93.0,0,1.38,2024-06-04
KH-00798,22,Male,Siem Reap,Moto/Tuk-tuk Driver,1,1,20.2,Hepatitis B,217.0,93.9,0,2.25,2024-05-08
KH-00799,22,Female,Other Provinces,Garment Worker,0,1,23.4,Arthritis,200.0,95.0,0,1.32,2024-12-15
KH-00800,32,Male,Phnom Penh,Moto/Tuk-tuk Driver,1,0,23.2,None,272.0,83.7,0,2.21,2024-11-12
KH-00801,31,Male,Other Provinces,Rice Farmer,0,1,18.7,Hypertension; COPD/Asthma,94.0,95.0,0,1.89,2024-08-31
KH-00802,24,Female,Other Provinces,Garment Worker,1,1,21.5,None,203.0,95.0,0,1.42,2024-12-22
KH-00803,35,Male,Battambang,Market Vendor,0,0,22.5,None,198.0,90.3,0,1.45,2024-06-18
KH-00804,24,Female,Other Provinces,Rice Farmer,0,1,17.9,None,97.0,95.0,0,1.23,2024-04-25
KH-00805,26,Female,Phnom Penh,Civil Servant,0,0,24.4,None,455.0,93.7,1,1.14,2024-07-05
KH-00806,36,Female,Other Provinces,Garment Worker,1,0,21.8,None,139.0,87.8,0,1.76,2024-12-06
KH-00807,29,Female,Kampong Cham,Market Vendor,0,0,19.4,None,139.0,95.0,0,1.25,2024-05-15
KH-00808,42,Female,Prey Veng,Rice Farmer,0,0,29.7,None,134.0,67.7,0,1.69,2024-06-06
KH-00809,23,Female,Other Provinces,Rice Farmer,0,0,25.6,None,136.0,89.4,0,1.31,2024-09-10
KH-00810,23,Female,Kandal,Civil Servant,0,0,19.7,None,362.0,95.0,1,1.08,2024-08-28
KH-00811,42,Female,Kampong Cham,Rice Farmer,0,0,21.1,Diabetes,129.0,85.9,0,1.91,2024-03-20
KH-00812,43,Female,Other Provinces,Rice Farmer,0,0,17.8,None,117.0,92.2,0,1.71,2024-11-18
KH-00813,31,Female,Prey Veng,Market Vendor,0,0,24.0,None,98.0,89.9,0,1.29,2024-08-21
KH-00814,41,Female,Other Provinces,Civil Servant,0,0,21.9,Hepatitis B,374.0,85.8,0,1.78,2024-12-03
KH-00815,35,Male,Kandal,Market Vendor,1,1,24.6,Hepatitis B,192.0,80.9,0,1.97,2024-08-31
KH-00816,30,Female,Phnom Penh,Garment Worker,0,0,19.7,None,279.0,95.0,0,1.36,2024-01-25
KH-00817,49,Male,Other Provinces,Monk/Retired,0,0,24.5,None,55.0,72.6,0,2.36,2024-07-06
KH-00818,23,Female,Other Provinces,Rice Farmer,0,1,23.4,None,66.0,94.0,0,1.21,2024-02-16
KH-00819,27,Male,Other Provinces,Moto/Tuk-tuk Driver,0,0,24.2,None,191.0,87.0,0,1.83,2024-01-19
KH-00820,42,Male,Other Provinces,Market Vendor,0,0,17.6,None,114.0,95.0,0,1.59,2024-06-11
KH-00821,32,Female,Phnom Penh,Garment Worker,0,1,25.8,None,260.0,84.1,0,1.3,2024-05-15
KH-00822,41,Male,Other Provinces,Market Vendor,0,1,22.5,Hepatitis B,115.0,83.2,0,1.81,2024-12-01
KH-00823,30,Female,Other Provinces,Civil Servant,0,1,22.7,Diabetes,313.0,94.6,0,1.34,2024-02-27
KH-00824,32,Male,Other Provinces,Market Vendor,1,1,16.8,None,120.0,95.0,0,1.57,2024-05-30
KH-00825,36,Male,Other Provinces,Monk/Retired,0,0,17.9,None,105.0,95.0,0,2.1,2024-01-31
KH-00826,28,Female,Other Provinces,Market Vendor,0,1,20.8,Hepatitis B,102.0,95.0,0,1.47,2024-05-31
KH-00827,27,Male,Other Provinces,Construction Worker,0,0,22.3,None,174.0,89.7,0,1.74,2024-04-07
KH-00828,26,Female,Siem Reap,Rice Farmer,0,1,23.1,None,181.0,92.6,0,1.27,2024-09-27
KH-00829,24,Male,Other Provinces,Civil Servant,0,0,21.2,None,306.0,95.0,0,1.18,2024-08-06
KH-00830,33,Female,Preah Sihanouk,Garment Worker,0,1,24.9,None,255.0,85.3,1,1.32,2024-08-28
KH-00831,23,Female,Other Provinces,Market Vendor,0,1,18.3,None,148.0,95.0,1,1.03,2024-02-17
KH-00832,45,Female,Other Provinces,Garment Worker,0,0,20.6,None,143.0,86.2,0,1.66,2024-01-28
KH-00833,31,Male,Phnom Penh,Rice Farmer,0,1,26.5,None,139.0,82.0,0,1.45,2024-12-26
KH-00834,33,Female,Battambang,Moto/Tuk-tuk Driver,0,0,20.8,Diabetes; Hepatitis B,171.0,87.1,1,2.43,2024-05-14
KH-00835,23,Female,Kampong Cham,Rice Farmer,0,0,24.1,None,106.0,92.5,0,1.31,2024-03-27
KH-00836,32,Male,Other Provinces,Moto/Tuk-tuk Driver,1,1,24.2,Diabetes; Heart Disease; TB,133.0,76.6,0,2.95,2024-06-19
KH-00837,25,Male,Kampong Cham,Moto/Tuk-tuk Driver,0,0,26.7,None,188.0,83.1,0,1.79,2024-08-16
KH-00838,24,Male,Other Provinces,Market Vendor,0,0,24.4,None,146.0,93.8,0,1.23,2024-02-09
KH-00839,27,Female,Other Provinces,Market Vendor,0,0,24.4,None,120.0,91.8,0,1.21,2024-05-07
KH-00840,50,Female,Kandal,Market Vendor,0,1,19.8,None,140.0,85.8,0,1.57,2024-09-14
KH-00841,28,Female,Other Provinces,Monk/Retired,0,1,20.4,Heart Disease; TB,55.0,90.7,0,2.38,2024-02-13
KH-00842,29,Male,Other Provinces,Moto/Tuk-tuk Driver,0,0,22.7,None,149.0,88.8,0,1.87,2024-04-23
KH-00843,22,Female,Kandal,Garment Worker,0,0,21.6,None,237.0,95.0,0,1.2,2024-11-16
KH-00844,24,Male,Preah Sihanouk,Market Vendor,0,1,24.8,None,198.0,93.0,0,1.13,2024-05-13
KH-00845,24,Male,Siem Reap,Moto/Tuk-tuk Driver,0,0,17.5,None,282.0,95.0,0,1.77,2024-07-27
KH-00846,37,Male,Other Provinces,Moto/Tuk-tuk Driver,0,0,26.9,None,151.0,74.4,0,2.03,2024-04-02
KH-00847,29,Male,Other Provinces,Moto/Tuk-tuk Driver,1,0,22.5,Arthritis,200.0,87.2,0,2.37,2024-09-24
KH-00848,38,Female,Siem Reap,Garment Worker,0,0,16.9,None,178.0,95.0,0,1.52,2024-10-24
KH-00849,27,Male,Phnom Penh,Civil Servant,1,1,18.9,None,452.0,95.0,0,1.42,2024-09-21
KH-00850,37,Female,Phnom Penh,Moto/Tuk-tuk Driver,0,1,24.4,None,235.0,79.7,0,1.85,2024-11-27
KH-00851,22,Female,Kandal,Rice Farmer,0,0,20.7,Hepatitis B,119.0,95.0,1,1.63,2024-04-05
KH-00852,32,Male,Prey Veng,Monk/Retired,0,1,16.6,None,78.0,95.0,0,1.92,2024-04-05
KH-00853,32,Male,Kandal,Rice Farmer,0,0,28.5,None,154.0,77.1,0,1.57,2024-10-29
KH-00854,22,Male,Other Provinces,Moto/Tuk-tuk Driver,1,0,21.3,Heart Disease; COPD/Asthma,151.0,94.6,0,2.45,2024-05-10
KH-00855,35,Female,Other Provinces,Market Vendor,0,1,21.1,None,134.0,93.3,0,1.27,2024-03-22
KH-00856,39,Male,Other Provinces,Rice Farmer,0,0,19.1,None,148.0,92.2,0,1.71,2024-07-26
KH-00857,25,Male,Phnom Penh,Moto/Tuk-tuk Driver,1,1,23.8,Arthritis; Hepatitis B,277.0,84.2,0,2.53,2024-02-26
KH-00858,45,Male,Other Provinces,Moto/Tuk-tuk Driver,1,0,23.4,Diabetes,157.0,74.4,0,2.69,2024-07-31
KH-00859,38,Male,Kandal,Monk/Retired,1,0,26.6,Heart Disease,109.0,73.7,1,2.64,2024-08-29
KH-00860,26,Female,Battambang,Rice Farmer,0,1,19.5,Hepatitis B,140.0,95.0,0,1.61,2024-07-20
KH-00861,40,Female,Other Provinces,Garment Worker,0,0,19.0,None,159.0,93.0,0,1.56,2024-05-09
KH-00862,27,Female,Phnom Penh,Market Vendor,0,0,21.1,None,227.0,95.0,0,1.21,2024-11-16
KH-00863,34,Male,Other Provinces,Rice Farmer,0,0,21.6,None,56.0,90.3,0,1.61,2024-07-28
KH-00864,30,Female,Other Provinces,Market Vendor,0,1,21.9,None,142.0,95.0,0,1.17,2024-05-14
KH-00865,30,Female,Other Provinces,Market Vendor,0,0,22.7,None,145.0,93.3,0,1.27,2024-06-13
KH-00866,29,Female,Other Provinces,Rice Farmer,0,0,21.3,None,65.0,94.4,1,1.43,2024-06-14
KH-00867,41,Male,Other Provinces,Monk/Retired,1,0,25.4,Heart Disease,114.0,74.2,0,2.7,2024-04-12
KH-00868,35,Male,Other Provinces,Market Vendor,1,0,25.7,COPD/Asthma,114.0,81.5,0,1.95,2024-04-02
KH-00869,43,Female,Other Provinces,Rice Farmer,0,1,22.1,None,98.0,83.1,0,1.61,2024-09-24
KH-00870,31,Male,Other Provinces,Monk/Retired,1,0,20.6,None,96.0,91.2,0,2.28,2024-10-30
KH-00871,27,Female,Prey Veng,Garment Worker,0,0,19.8,Diabetes,135.0,95.0,0,1.52,2024-08-31
KH-00872,23,Female,Other Provinces,Civil Servant,0,1,21.4,None,310.0,95.0,0,0.98,2024-03-16
KH-00873,37,Male,Kampong Cham,Moto/Tuk-tuk Driver,0,0,27.1,None,182.0,74.0,0,2.03,2024-06-09
KH-00874,33,Female,Other Provinces,Garment Worker,0,0,18.7,None,126.0,95.0,1,1.42,2024-05-27
KH-00875,28,Female,Kampong Cham,Civil Servant,0,1,17.8,None,266.0,95.0,0,1.08,2024-05-08
KH-00876,33,Male,Other Provinces,Market Vendor,0,1,23.3,None,143.0,90.0,0,1.31,2024-09-16
KH-00877,34,Male,Other Provinces,Rice Farmer,1,1,23.6,Hepatitis B,87.0,81.1,0,2.13,2024-03-20
KH-00878,33,Female,Other Provinces,Rice Farmer,0,0,23.4,None,81.0,87.2,1,1.51,2024-07-20
KH-00879,40,Male,Kampong Cham,Rice Farmer,0,0,25.5,None,105.0,77.9,0,1.73,2024-04-03
KH-00880,60,Female,Other Provinces,Civil Servant,0,0,22.9,None,300.0,73.7,0,1.82,2024-12-28
KH-00881,53,Male,Other Provinces,Moto/Tuk-tuk Driver,1,0,22.4,Heart Disease,152.0,71.0,0,2.85,2024-04-02
KH-00882,35,Female,Other Provinces,Rice Farmer,0,0,24.1,None,121.0,84.3,1,1.55,2024-01-04
KH-00883,22,Female,Other Provinces,Garment Worker,0,1,25.1,None,191.0,92.4,0,1.1,2024-11-04
KH-00884,33,Female,Phnom Penh,Garment Worker,0,1,20.5,None,279.0,94.6,0,1.32,2024-12-15
KH-00885,35,Male,Other Provinces,Rice Farmer,0,0,23.3,TB; Hepatitis B,138.0,78.0,0,2.37,2024-10-20
KH-00886,30,Male,Other Provinces,Moto/Tuk-tuk Driver,0,1,20.4,Hypertension,154.0,93.0,0,2.01,2024-02-14
KH-00887,50,Female,Other Provinces,Market Vendor,0,1,23.6,None,141.0,77.7,0,1.57,2024-09-30
KH-00888,33,Male,Other Provinces,Rice Farmer,1,1,22.2,None,160.0,87.7,0,1.77,2024-10-17
KH-00889,28,Female,Siem Reap,Rice Farmer,0,0,19.8,Hypertension,130.0,95.0,1,1.63,2024-01-21
KH-00890,31,Male,Other Provinces,Construction Worker,0,1,18.8,None,188.0,94.4,1,1.72,2024-02-19
KH-00891,32,Female,Phnom Penh,Moto/Tuk-tuk Driver,0,0,26.4,Hypertension,269.0,78.9,1,2.07,2024-08-08
KH-00892,22,Male,Phnom Penh,Monk/Retired,1,0,22.4,None,118.0,93.5,1,2.1,2024-03-06
KH-00893,24,Male,Other Provinces,Rice Farmer,1,1,20.0,None,55.0,95.0,0,1.59,2024-08-30
KH-00894,24,Male,Other Provinces,Civil Servant,1,1,19.5,None,279.0,95.0,0,1.36,2024-12-30
KH-00895,42,Female,Kampong Cham,Garment Worker,0,0,16.0,None,173.0,95.0,0,1.6,2024-03-28
KH-00896,28,Female,Phnom Penh,Rice Farmer,0,1,25.5,Hypertension,156.0,86.1,0,1.53,2024-01-31
KH-00897,21,Female,Phnom Penh,Garment Worker,0,0,25.8,None,299.0,91.6,0,1.18,2024-01-12
KH-00898,25,Female,Other Provinces,Rice Farmer,0,1,21.5,None,121.0,95.0,0,1.25,2024-04-01
KH-00899,52,Female,Other Provinces,Moto/Tuk-tuk Driver,0,0,22.2,None,239.0,74.1,0,2.25,2024-10-20
KH-00900,39,Male,Other Provinces,Rice Farmer,0,0,25.3,None,100.0,79.0,0,1.71,2024-03-26
KH-00901,26,Male,Kandal,Market Vendor,0,1,21.9,None,163.0,95.0,0,1.17,2024-01-20
KH-00902,36,Male,Siem Reap,Construction Worker,0,0,26.1,None,302.0,75.5,0,1.92,2024-12-28
KH-00903,43,Female,Other Provinces,Garment Worker,0,0,23.8,None,134.0,80.8,0,1.62,2024-03-01
KH-00904,29,Male,Other Provinces,Construction Worker,1,0,25.0,None,186.0,80.6,1,2.06,2024-08-26
KH-00905,60,Male,Other Provinces,Market Vendor,1,0,20.5,None,108.0,75.5,0,2.23,2024-08-12
KH-00906,24,Female,Other Provinces,Garment Worker,0,1,16.0,None,231.0,95.0,0,1.14,2024-02-21
KH-00907,25,Male,Other Provinces,Construction Worker,1,1,21.2,None,221.0,91.4,1,1.88,2024-02-05
KH-00908,25,Male,Kandal,Market Vendor,1,1,25.0,COPD/Asthma,158.0,89.9,0,1.65,2024-09-26
KH-00909,26,Female,Prey Veng,Rice Farmer,0,0,25.7,None,133.0,87.1,1,1.37,2024-09-05
KH-00910,25,Male,Other Provinces,Construction Worker,1,1,16.9,Hepatitis B,170.0,95.0,1,2.22,2024-04-16
KH-00911,43,Female,Kampong Cham,Moto/Tuk-tuk Driver,0,0,21.3,None,192.0,82.2,1,2.07,2024-10-30
KH-00912,20,Male,Other Provinces,Rice Farmer,0,0,24.3,None,80.0,94.2,0,1.33,2024-10-28
KH-00913,27,Male,Siem Reap,Moto/Tuk-tuk Driver,0,1,23.4,None,238.0,88.7,0,1.73,2024-07-17
KH-00914,32,Male,Other Provinces,Rice Farmer,1,0,21.1,None,76.0,90.7,0,1.85,2024-11-13
KH-00915,44,Male,Other Provinces,Civil Servant,0,0,22.5,TB,310.0,80.5,1,1.98,2024-05-08
KH-00916,27,Male,Other Provinces,Rice Farmer,0,0,26.3,Hypertension; Hepatitis B,119.0,82.1,0,2.03,2024-08-12
KH-00917,46,Female,Other Provinces,Garment Worker,0,0,23.5,None,228.0,79.4,0,1.68,2024-05-24
KH-00918,23,Female,Phnom Penh,Garment Worker,0,1,20.8,None,277.0,95.0,1,1.12,2024-01-21
KH-00919,40,Female,Battambang,Garment Worker,0,0,22.4,None,173.0,85.8,0,1.56,2024-05-10
KH-00920,27,Female,Siem Reap,Market Vendor,1,1,19.8,Hypertension,158.0,95.0,0,1.61,2024-10-24
KH-00921,20,Female,Kandal,Monk/Retired,0,1,18.7,None,79.0,95.0,0,1.6,2024-02-04
KH-00922,34,Female,Other Provinces,Market Vendor,0,1,19.8,None,150.0,95.0,0,1.25,2024-11-29
KH-00923,43,Female,Phnom Penh,Garment Worker,0,1,26.9,None,271.0,74.2,0,1.52,2024-09-19
KH-00924,54,Female,Other Provinces,Garment Worker,1,0,22.5,Hypertension,220.0,74.0,0,2.34,2024-08-17
KH-00925,37,Female,Other Provinces,Rice Farmer,0,1,23.2,None,178.0,84.9,1,1.49,2024-03-30
KH-00926,20,Female,Other Provinces,Market Vendor,0,1,16.9,None,214.0,95.0,0,0.97,2024-04-01
KH-00927,34,Male,Siem Reap,Market Vendor,1,1,22.8,Diabetes,171.0,88.4,0,1.83,2024-09-04
KH-00928,23,Male,Other Provinces,Rice Farmer,0,1,23.0,None,72.0,94.9,0,1.29,2024-04-26
KH-00929,32,Male,Kampong Cham,Market Vendor,0,0,21.0,None,155.0,95.0,0,1.39,2024-06-21
KH-00930,28,Male,Other Provinces,Rice Farmer,0,1,26.6,Hepatitis B,115.0,80.8,0,1.73,2024-12-15
KH-00931,25,Female,Prey Veng,Garment Worker,0,1,20.6,None,150.0,95.0,0,1.16,2024-04-01
KH-00932,34,Male,Phnom Penh,Construction Worker,0,0,21.1,None,306.0,87.5,0,1.88,2024-06-14
KH-00933,32,Male,Battambang,Moto/Tuk-tuk Driver,0,1,22.8,COPD/Asthma,192.0,86.5,0,2.05,2024-09-23
KH-00934,33,Male,Kampong Cham,Market Vendor,0,0,17.8,TB,154.0,95.0,0,1.81,2024-09-23
KH-00935,48,Male,Other Provinces,Moto/Tuk-tuk Driver,1,1,25.3,Hypertension,192.0,68.3,0,2.65,2024-10-31
KH-00936,28,Female,Other Provinces,Civil Servant,0,0,21.4,None,290.0,95.0,0,1.18,2024-09-27
KH-00937,28,Male,Other Provinces,Market Vendor,0,1,27.1,None,116.0,85.4,0,1.21,2024-07-29
KH-00938,32,Female,Other Provinces,Market Vendor,0,1,18.5,None,146.0,95.0,0,1.21,2024-12-19
KH-00939,47,Female,Other Provinces,Monk/Retired,0,0,24.0,Arthritis,78.0,75.0,0,2.46,2024-01-23
KH-00940,56,Female,Other Provinces,Rice Farmer,0,1,23.1,TB,92.0,67.1,0,2.27,2024-01-19
KH-00941,44,Female,Other Provinces,Rice Farmer,0,0,24.2,Hypertension,120.0,78.0,0,1.95,2024-10-09
KH-00942,45,Female,Kampong Cham,Monk/Retired,0,1,25.1,None,84.0,74.1,0,2.1,2024-03-24
KH-00943,44,Female,Kampong Cham,Garment Worker,1,0,23.1,Arthritis,173.0,79.6,1,2.14,2024-11-28
KH-00944,29,Male,Kampong Cham,Market Vendor,0,1,21.3,Diabetes,105.0,95.0,0,1.45,2024-10-09
KH-00945,30,Male,Other Provinces,Market Vendor,1,0,19.9,None,133.0,95.0,0,1.63,2024-02-05
KH-00946,31,Male,Kampong Cham,Moto/Tuk-tuk Driver,0,0,25.8,Hypertension,179.0,80.9,0,2.13,2024-03-13
KH-00947,32,Female,Other Provinces,Rice Farmer,0,1,21.9,None,91.0,91.0,0,1.39,2024-10-28
KH-00948,37,Male,Siem Reap,Moto/Tuk-tuk Driver,0,0,22.8,Arthritis,264.0,83.1,0,2.25,2024-12-09
KH-00949,25,Female,Siem Reap,Civil Servant,0,1,21.9,None,446.0,95.0,0,1.02,2024-03-27
KH-00950,28,Female,Phnom Penh,Rice Farmer,0,0,21.2,None,183.0,95.0,0,1.41,2024-04-14
KH-00951,46,Male,Other Provinces,Construction Worker,0,1,23.7,None,212.0,73.8,0,2.02,2024-04-07
KH-00952,33,Male,Other Provinces,Civil Servant,1,0,17.6,Hypertension,260.0,95.0,0,1.86,2024-10-13
KH-00953,46,Female,Other Provinces,Garment Worker,0,1,26.6,TB; Hepatitis B,157.0,64.8,1,2.32,2024-10-21
KH-00954,34,Male,Kampong Cham,Civil Servant,1,1,18.2,COPD/Asthma,347.0,95.0,0,1.78,2024-02-04
KH-00955,31,Male,Other Provinces,Civil Servant,1,0,23.3,None,270.0,90.7,1,1.6,2024-04-14
KH-00956,26,Male,Other Provinces,Moto/Tuk-tuk Driver,1,0,22.6,None,197.0,89.1,0,2.09,2024-04-19
KH-00957,29,Male,Other Provinces,Monk/Retired,1,0,20.8,None,69.0,92.1,0,2.24,2024-09-17
KH-00958,21,Male,Other Provinces,Construction Worker,0,1,23.5,None,161.0,91.3,0,1.52,2024-08-10
KH-00959,29,Female,Phnom Penh,Civil Servant,0,0,24.4,None,443.0,91.7,0,1.2,2024-06-05
KH-00960,47,Male,Battambang,Market Vendor,1,0,23.8,Hepatitis B,158.0,74.4,0,2.31,2024-01-01
KH-00961,38,Female,Preah Sihanouk,Garment Worker,0,1,22.4,Hypertension,287.0,87.2,0,1.64,2024-10-08
KH-00962,40,Female,Other Provinces,Garment Worker,0,0,16.0,None,179.0,95.0,0,1.56,2024-12-17
KH-00963,31,Female,Kampong Cham,Market Vendor,0,0,16.4,None,112.0,95.0,0,1.29,2024-02-16
KH-00964,47,Female,Other Provinces,Civil Servant,0,1,20.3,None,288.0,88.1,0,1.46,2024-01-21
KH-00965,25,Male,Phnom Penh,Moto/Tuk-tuk Driver,0,0,19.3,None,246.0,95.0,0,1.79,2024-11-13
KH-00966,58,Male,Other Provinces,Moto/Tuk-tuk Driver,0,1,20.9,Hypertension,278.0,72.8,0,2.57,2024-10-07
KH-00967,32,Female,Other Provinces,Garment Worker,1,1,26.3,None,210.0,81.0,1,1.58,2024-01-28
KH-00968,23,Female,Other Provinces,Garment Worker,0,1,22.4,None,192.0,95.0,0,1.12,2024-11-18
KH-00969,47,Female,Other Provinces,Rice Farmer,1,0,23.4,Diabetes; TB,109.0,70.6,0,2.69,2024-11-28
KH-00970,33,Female,Other Provinces,Market Vendor,0,0,22.6,Heart Disease,165.0,91.5,1,1.55,2024-01-18
KH-00971,39,Female,Other Provinces,Garment Worker,1,1,21.9,None,181.0,85.6,0,1.72,2024-07-17
KH-00972,62,Female,Phnom Penh,Garment Worker,0,0,24.8,Diabetes,257.0,65.7,0,2.22,2024-01-01
KH-00973,28,Male,Battambang,Moto/Tuk-tuk Driver,0,1,21.8,None,245.0,91.4,0,1.75,2024-06-11
KH-00974,39,Male,Battambang,Moto/Tuk-tuk Driver,0,0,23.0,None,187.0,81.3,0,2.07,2024-01-26
KH-00975,22,Female,Other Provinces,Garment Worker,0,1,22.2,None,201.0,95.0,0,1.1,2024-11-29
KH-00976,26,Male,Other Provinces,Rice Farmer,0,0,21.7,None,97.0,95.0,0,1.45,2024-05-24
KH-00977,46,Female,Kampong Cham,Market Vendor,0,0,26.1,Heart Disease,114.0,75.2,0,1.81,2024-08-20
KH-00978,29,Male,Kampong Cham,Rice Farmer,0,1,23.0,None,138.0,90.8,1,1.41,2024-11-01
KH-00979,25,Male,Kampong Cham,Market Vendor,0,0,19.2,Hepatitis B,115.0,95.0,0,1.59,2024-08-27
KH-00980,29,Female,Other Provinces,Garment Worker,0,0,21.4,None,212.0,95.0,0,1.34,2024-11-30
KH-00981,23,Female,Kampong Cham,Garment Worker,0,0,20.8,TB,170.0,95.0,0,1.62,2024-11-17
KH-00982,59,Male,Other Provinces,Moto/Tuk-tuk Driver,1,0,21.7,None,169.0,68.4,0,2.75,2024-03-03
KH-00983,29,Female,Other Provinces,Garment Worker,0,1,22.0,None,202.0,94.2,0,1.24,2024-09-03
KH-00984,45,Female,Preah Sihanouk,Civil Servant,0,1,21.5,None,376.0,86.9,0,1.42,2024-02-29
KH-00985,21,Male,Kampong Cham,Market Vendor,0,0,24.6,None,127.0,95.0,0,1.17,2024-09-15
KH-00986,40,Female,Kampong Cham,Market Vendor,0,0,25.2,None,121.0,81.2,0,1.47,2024-05-07
KH-00987,49,Male,Other Provinces,Moto/Tuk-tuk Driver,1,0,23.8,Hepatitis B,166.0,67.8,0,2.89,2024-01-22
KH-00988,40,Female,Kandal,Garment Worker,0,1,23.1,None,229.0,84.3,0,1.46,2024-09-19
KH-00989,22,Female,Battambang,Civil Servant,0,0,21.4,None,302.0,95.0,0,1.06,2024-11-20
KH-00990,26,Male,Battambang,Construction Worker,0,1,24.9,Hypertension,176.0,84.9,0,1.84,2024-06-17
KH-00991,36,Male,Siem Reap,Rice Farmer,0,1,24.9,Hypertension,143.0,81.9,0,1.77,2024-08-31
KH-00992,34,Male,Kampong Cham,Rice Farmer,1,0,22.3,None,172.0,86.8,0,1.89,2024-02-28
KH-00993,44,Female,Other Provinces,Garment Worker,0,0,24.1,None,173.0,79.5,0,1.64,2024-08-31
KH-00994,38,Female,Other Provinces,Rice Farmer,0,0,21.4,None,65.0,88.0,1,1.61,2024-07-01
KH-00995,30,Female,Prey Veng,Garment Worker,0,0,18.9,None,194.0,95.0,1,1.36,2024-09-12
KH-00996,33,Female,Battambang,Rice Farmer,0,1,21.5,None,146.0,91.2,0,1.41,2024-02-11
KH-00997,23,Male,Other Provinces,Moto/Tuk-tuk Driver,0,0,20.8,None,156.0,95.0,1,1.75,2024-01-12
KH-00998,32,Female,Phnom Penh,Market Vendor,0,1,25.1,None,172.0,86.9,0,1.21,2024-11-26
KH-00999,34,Female,Other Provinces,Garment Worker,0,0,21.2,None,185.0,92.5,0,1.44,2024-05-18
KH-01000,41,Female,Kandal,Garment Worker,0,0,18.8,None,185.0,92.8,0,1.58,2024-02-23
KH-01001,35,Male,Other Provinces,Market Vendor,1,1,19.7,None,156.0,94.3,0,1.63,2024-05-09
KH-01002,29,Male,Other Provinces,Monk/Retired,0,0,23.4,None,55.0,88.6,0,1.96,2024-01-21
KH-01003,28,Male,Phnom Penh,Market Vendor,0,0,23.4,None,217.0,93.2,0,1.31,2024-01-07
KH-01004,28,Male,Other Provinces,Garment Worker,1,0,23.5,None,164.0,89.7,0,1.68,2024-12-14
KH-01005,33,Male,Other Provinces,Moto/Tuk-tuk Driver,1,1,24.1,None,171.0,81.1,0,2.13,2024-09-17
KH-01006,43,Male,Other Provinces,Civil Servant,0,0,23.0,None,311.0,85.1,0,1.56,2024-11-02
KH-01007,24,Male,Kampong Cham,Monk/Retired,0,0,26.6,Heart Disease,90.0,85.3,0,2.08,2024-01-27
KH-01008,41,Female,Kampong Cham,Garment Worker,0,0,21.5,None,148.0,87.0,0,1.58,2024-09-05
KH-01009,38,Male,Kandal,Moto/Tuk-tuk Driver,0,1,20.2,None,216.0,87.9,0,1.95,2024-12-27
KH-01010,27,Female,Other Provinces,Rice Farmer,0,0,27.2,None,93.0,83.2,0,1.39,2024-06-28
KH-01011,25,Male,Other Provinces,Monk/Retired,1,0,26.2,None,62.0,83.4,0,2.16,2024-09-20
KH-01012,22,Female,Prey Veng,Moto/Tuk-tuk Driver,0,0,25.5,Hepatitis B,102.0,84.7,0,1.99,2024-09-18
KH-01013,28,Male,Kampong Cham,Civil Servant,0,0,21.6,None,296.0,95.0,0,1.26,2024-02-23
KH-01014,50,Female,Phnom Penh,Rice Farmer,0,0,24.0,COPD/Asthma,199.0,74.3,0,2.07,2024-12-13
KH-01015,51,Female,Other Provinces,Rice Farmer,0,0,21.5,COPD/Asthma,128.0,78.9,0,2.09,2024-10-07
KH-01016,38,Male,Other Provinces,Moto/Tuk-tuk Driver,0,1,16.0,Arthritis,137.0,95.0,0,2.17,2024-07-20
KH-01017,33,Female,Kampong Cham,Rice Farmer,0,0,20.8,None,137.0,92.7,0,1.51,2024-01-30
KH-01018,25,Female,Other Provinces,Moto/Tuk-tuk Driver,0,0,22.1,COPD/Asthma,130.0,92.8,0,1.93,2024-02-26
KH-01019,39,Male,Other Provinces,Monk/Retired,1,0,22.3,None,80.0,82.1,0,2.44,2024-06-27
KH-01020,35,Female,Kampong Cham,Garment Worker,0,1,21.1,None,198.0,92.0,1,1.36,2024-03-31
KH-01021,33,Female,Phnom Penh,Rice Farmer,0,1,25.5,TB,106.0,77.7,0,1.81,2024-10-02
KH-01022,35,Female,Other Provinces,Market Vendor,0,1,24.0,COPD/Asthma,95.0,87.1,1,1.49,2024-01-05
KH-01023,32,Male,Other Provinces,Moto/Tuk-tuk Driver,0,0,23.9,None,164.0,84.2,1,1.93,2024-04-12
KH-01024,25,Male,Kandal,Monk/Retired,1,0,22.2,None,160.0,91.9,0,2.16,2024-10-24
KH-01025,27,Female,Siem Reap,Garment Worker,0,0,26.0,None,198.0,87.1,0,1.3,2024-02-08
KH-01026,24,Female,Prey Veng,Construction Worker,0,1,18.3,None,235.0,95.0,0,1.5,2024-09-18
KH-01027,42,Male,Kampong Cham,Market Vendor,0,0,21.2,TB,96.0,83.3,0,1.99,2024-11-07
KH-01028,24,Female,Other Provinces,Rice Farmer,0,0,22.9,None,104.0,94.4,0,1.33,2024-08-01
KH-01029,23,Female,Other Provinces,Rice Farmer,0,1,24.9,None,96.0,90.8,1,1.21,2024-09-29
KH-01030,37,Male,Prey Veng,Market Vendor,1,0,22.1,None,116.0,87.8,0,1.77,2024-07-06
KH-01031,23,Female,Other Provinces,Rice Farmer,0,1,22.6,Hepatitis B,55.0,92.7,0,1.55,2024-09-07
KH-01032,31,Female,Other Provinces,Monk/Retired,0,1,22.0,Diabetes,83.0,90.2,0,2.04,2024-10-26
KH-01033,32,Female,Other Provinces,Rice Farmer,0,1,19.9,None,74.0,95.0,0,1.39,2024-05-16
KH-01034,29,Male,Other Provinces,Monk/Retired,1,0,22.4,None,69.0,88.7,0,2.24,2024-01-12
KH-01035,30,Male,Prey Veng,Moto/Tuk-tuk Driver,0,0,23.5,Hypertension; Diabetes; Hepatitis B,202.0,83.4,0,2.67,2024-10-14
KH-01036,41,Female,Other Provinces,Rice Farmer,0,1,21.9,None,118.0,84.9,1,1.57,2024-07-24
KH-01037,34,Male,Phnom Penh,Market Vendor,1,1,20.9,Arthritis,202.0,92.4,0,1.83,2024-10-04
KH-01038,28,Male,Other Provinces,Moto/Tuk-tuk Driver,1,0,28.7,None,166.0,74.8,0,2.13,2024-08-30
KH-01039,51,Male,Other Provinces,Moto/Tuk-tuk Driver,1,0,26.2,None,170.0,64.3,0,2.59,2024-05-03
KH-01040,33,Female,Other Provinces,Garment Worker,0,1,22.7,Hypertension; Hepatitis B,157.0,87.0,0,1.88,2024-11-22
KH-01041,46,Male,Kandal,Construction Worker,1,0,24.9,None,221.0,69.2,0,2.4,2024-09-18
KH-01042,27,Female,Other Provinces,Rice Farmer,0,1,19.7,None,55.0,95.0,0,1.29,2024-07-31
KH-01043,27,Female,Other Provinces,Garment Worker,0,1,19.1,None,207.0,95.0,1,1.2,2024-02-26
KH-01044,33,Female,Other Provinces,Garment Worker,0,1,22.8,Arthritis; Hepatitis B,212.0,86.8,0,1.88,2024-08-25
KH-01045,35,Female,Kandal,Market Vendor,0,0,22.5,None,194.0,90.3,0,1.37,2024-07-11
KH-01046,30,Female,Other Provinces,Market Vendor,0,1,20.3,None,95.0,95.0,0,1.17,2024-01-04
KH-01047,31,Female,Siem Reap,Rice Farmer,0,0,24.6,Hypertension,135.0,86.0,0,1.69,2024-04-24
KH-01048,41,Male,Kampong Cham,Rice Farmer,1,1,22.0,None,115.0,82.7,0,1.93,2024-07-14
KH-01049,34,Female,Preah Sihanouk,Garment Worker,0,1,21.9,None,250.0,91.0,0,1.34,2024-09-27
KH-01050,27,Female,Other Provinces,Rice Farmer,1,1,22.8,None,91.0,90.6,0,1.57,2024-06-17
KH-01051,29,Male,Kandal,Rice Farmer,0,1,29.0,None,122.0,78.0,0,1.41,2024-06-04
KH-01052,29,Male,Siem Reap,Moto/Tuk-tuk Driver,0,0,23.1,None,249.0,88.0,0,1.87,2024-12-07
KH-01053,29,Male,Phnom Penh,Garment Worker,0,0,18.4,None,260.0,95.0,0,1.42,2024-10-21
KH-01054,33,Male,Other Provinces,Construction Worker,1,0,22.1,None,221.0,84.0,0,2.14,2024-06-26
KH-01055,39,Male,Other Provinces,Monk/Retired,0,1,23.4,Hypertension,83.0,81.8,0,2.28,2024-05-11
KH-01056,35,Female,Phnom Penh,Garment Worker,0,0,24.0,None,261.0,85.8,0,1.46,2024-02-13
KH-01057,24,Female,Other Provinces,Civil Servant,0,1,22.3,None,305.0,95.0,0,1.0,2024-01-01
KH-01058,39,Male,Phnom Penh,Construction Worker,1,0,24.2,None,333.0,75.5,0,2.26,2024-05-30
KH-01059,33,Female,Other Provinces,Rice Farmer,0,0,20.8,None,129.0,92.7,0,1.51,2024-02-23
KH-01060,32,Female,Other Provinces,Civil Servant,0,1,24.5,None,292.0,89.4,0,1.16,2024-08-10
KH-01061,29,Female,Other Provinces,Monk/Retired,0,0,26.6,COPD/Asthma,128.0,81.8,0,2.1,2024-11-29
KH-01062,29,Male,Battambang,Moto/Tuk-tuk Driver,1,1,26.7,Heart Disease,183.0,78.3,0,2.27,2024-05-17
KH-01063,32,Male,Other Provinces,Rice Farmer,1,1,27.7,Diabetes,55.0,76.7,0,1.97,2024-07-21
KH-01064,40,Male,Other Provinces,Moto/Tuk-tuk Driver,0,0,21.0,Diabetes,107.0,84.9,0,2.31,2024-06-10
KH-01065,44,Male,Other Provinces,Rice Farmer,0,0,18.8,TB; Hepatitis B,129.0,81.4,0,2.55,2024-08-24
KH-01066,36,Male,Siem Reap,Moto/Tuk-tuk Driver,1,1,20.3,None,288.0,87.1,0,2.19,2024-12-30
KH-01067,25,Female,Prey Veng,Rice Farmer,0,1,18.9,COPD/Asthma,78.0,95.0,0,1.47,2024-09-13
KH-01068,21,Female,Other Provinces,Market Vendor,0,0,21.3,None,102.0,95.0,0,1.09,2024-09-11
KH-01069,28,Female,Other Provinces,Garment Worker,0,1,21.5,None,157.0,95.0,0,1.22,2024-08-28
KH-01070,27,Female,Kampong Cham,Construction Worker,0,0,20.7,Hepatitis B,233.0,90.1,0,2.0,2024-11-18
KH-01071,28,Female,Prey Veng,Civil Servant,0,1,18.2,None,314.0,95.0,0,1.08,2024-10-15
KH-01072,30,Male,Other Provinces,Civil Servant,0,0,17.6,None,284.0,95.0,0,1.3,2024-04-28
KH-01073,24,Male,Prey Veng,Civil Servant,0,0,26.8,None,269.0,90.0,0,1.18,2024-04-17
KH-01074,26,Male,Other Provinces,Construction Worker,1,0,21.0,None,252.0,91.2,1,2.0,2024-06-01
KH-01075,31,Female,Other Provinces,Garment Worker,0,1,25.5,None,175.0,85.4,0,1.28,2024-09-27
KH-01076,32,Male,Other Provinces,Market Vendor,0,1,21.1,None,127.0,95.0,0,1.29,2024-03-29
KH-01077,56,Female,Other Provinces,Garment Worker,0,0,19.5,None,165.0,81.0,0,1.88,2024-01-21
KH-01078,33,Male,Other Provinces,Garment Worker,0,1,19.6,None,231.0,95.0,0,1.4,2024-01-10
KH-01079,50,Male,Siem Reap,Rice Farmer,0,0,27.0,Hypertension,148.0,67.9,0,2.15,2024-11-23
KH-01080,31,Male,Other Provinces,Construction Worker,1,0,25.6,Hypertension,179.0,78.0,0,2.32,2024-04-20
KH-01081,21,Female,Other Provinces,Monk/Retired,0,1,21.5,None,60.0,95.0,0,1.62,2024-10-16
KH-01082,65,Male,Prey Veng,Moto/Tuk-tuk Driver,1,1,18.5,Heart Disease; Hepatitis B,182.0,68.1,0,3.33,2024-06-28
KH-01083,31,Female,Other Provinces,Civil Servant,0,0,23.5,None,339.0,92.2,0,1.24,2024-04-30
KH-01084,23,Male,Phnom Penh,Moto/Tuk-tuk Driver,0,0,27.6,Hepatitis B,268.0,79.5,0,2.09,2024-04-16
KH-01085,23,Female,Other Provinces,Garment Worker,0,1,24.7,None,156.0,92.6,0,1.12,2024-05-05
KH-01086,39,Female,Other Provinces,Market Vendor,0,0,19.4,None,140.0,94.2,1,1.45,2024-01-30
KH-01087,36,Female,Other Provinces,Garment Worker,0,0,26.9,None,198.0,79.0,0,1.48,2024-10-17
KH-01088,30,Male,Prey Veng,Construction Worker,1,0,25.5,None,213.0,78.9,0,2.08,2024-11-03
KH-01089,24,Female,Battambang,Garment Worker,0,0,23.0,Hypertension; Hepatitis B,200.0,92.5,0,1.8,2024-02-05
KH-01090,25,Female,Other Provinces,Moto/Tuk-tuk Driver,0,0,20.7,Arthritis,198.0,95.0,0,1.93,2024-03-25
KH-01091,28,Female,Phnom Penh,Monk/Retired,0,0,23.4,Hepatitis B,116.0,86.3,0,2.2,2024-04-01
KH-01092,40,Male,Other Provinces,Market Vendor,1,1,21.8,None,157.0,86.4,0,1.73,2024-07-13
KH-01093,40,Female,Other Provinces,Market Vendor,0,1,21.3,Hepatitis B,141.0,86.4,0,1.71,2024-11-05
KH-01094,41,Female,Other Provinces,Garment Worker,0,0,26.9,None,191.0,75.6,0,1.58,2024-06-16
KH-01095,24,Male,Battambang,Moto/Tuk-tuk Driver,1,1,23.1,None,162.0,89.4,0,1.95,2024-09-22
KH-01096,41,Male,Other Provinces,Market Vendor,0,1,25.8,None,98.0,79.2,0,1.47,2024-12-04
KH-01097,27,Male,Phnom Penh,Market Vendor,0,1,23.1,None,236.0,94.5,0,1.19,2024-05-21
KH-01098,25,Female,Battambang,Rice Farmer,0,0,19.7,None,118.0,95.0,0,1.35,2024-06-03
KH-01099,38,Female,Phnom Penh,Rice Farmer,0,0,21.0,None,139.0,88.8,0,1.61,2024-09-09
KH-01100,44,Male,Other Provinces,Moto/Tuk-tuk Driver,1,0,25.4,None,154.0,70.8,0,2.45,2024-09-17
KH-01101,25,Male,Other Provinces,Moto/Tuk-tuk Driver,0,1,27.7,Hypertension,146.0,80.9,0,1.91,2024-11-30
KH-01102,24,Male,Other Provinces,Moto/Tuk-tuk Driver,0,0,19.5,None,124.0,95.0,1,1.77,2024-04-15
KH-01103,27,Female,Siem Reap,Monk/Retired,0,1,19.6,None,100.0,95.0,0,1.74,2024-10-30
KH-01104,42,Female,Siem Reap,Monk/Retired,0,0,25.6,Hypertension,73.0,75.1,0,2.36,2024-08-18
KH-01105,27,Female,Other Provinces,Rice Farmer,1,1,20.5,None,83.0,95.0,0,1.57,2024-07-30
KH-01106,29,Male,Other Provinces,Market Vendor,0,1,22.4,None,133.0,94.6,0,1.23,2024-03-04
KH-01107,21,Male,Other Provinces,Construction Worker,0,0,25.4,None,186.0,87.2,0,1.62,2024-03-04
KH-01108,28,Female,Other Provinces,Garment Worker,0,1,23.2,None,155.0,92.3,0,1.22,2024-05-24
KH-01109,46,Female,Other Provinces,Garment Worker,0,1,17.3,Hepatitis B,137.0,89.5,1,1.92,2024-06-21
KH-01110,33,Female,Other Provinces,Garment Worker,0,1,27.9,None,176.0,78.9,0,1.32,2024-03-09
KH-01111,30,Female,Other Provinces,Garment Worker,0,0,21.5,None,155.0,94.6,0,1.36,2024-08-19
KH-01112,29,Female,Battambang,Garment Worker,0,0,19.5,None,155.0,95.0,0,1.34,2024-05-16
KH-01113,32,Female,Kampong Cham,Garment Worker,0,0,24.0,None,195.0,87.9,0,1.4,2024-12-10
KH-01114,50,Male,Other Provinces,Rice Farmer,1,1,19.1,None,98.0,82.7,0,2.11,2024-04-27
KH-01115,29,Female,Other Provinces,Rice Farmer,0,0,17.9,None,106.0,95.0,0,1.43,2024-03-28
KH-01116,25,Male,Other Provinces,Moto/Tuk-tuk Driver,0,0,21.7,None,117.0,93.7,1,1.79,2024-04-02
KH-01117,41,Female,Phnom Penh,Market Vendor,0,1,25.8,Hypertension,200.0,79.2,0,1.61,2024-05-20
KH-01118,43,Female,Other Provinces,Garment Worker,0,1,20.0,None,149.0,88.8,0,1.52,2024-07-07
KH-01119,56,Male,Other Provinces,Rice Farmer,0,1,23.1,None,129.0,72.1,0,1.95,2024-01-01
KH-01120,29,Male,Siem Reap,Rice Farmer,1,0,23.7,None,133.0,87.3,0,1.79,2024-04-07
KH-01121,36,Male,Battambang,Moto/Tuk-tuk Driver,0,0,25.8,None,154.0,77.4,1,2.01,2024-07-07
KH-01122,39,Female,Siem Reap,Monk/Retired,0,1,22.5,None,110.0,83.7,0,1.98,2024-07-22
KH-01123,31,Male,Other Provinces,Moto/Tuk-tuk Driver,1,0,24.4,None,210.0,81.8,0,2.19,2024-06-16
KH-01124,27,Male,Other Provinces,Moto/Tuk-tuk Driver,0,1,18.8,COPD/Asthma,131.0,95.0,1,1.95,2024-02-14
KH-01125,50,Female,Other Provinces,Market Vendor,0,0,16.0,None,118.0,93.8,0,1.67,2024-01-30
KH-01126,33,Male,Other Provinces,Rice Farmer,0,0,22.3,None,152.0,89.5,0,1.59,2024-12-26
KH-01127,37,Male,Phnom Penh,Construction Worker,0,1,20.4,Hypertension,254.0,86.9,1,2.06,2024-10-06
KH-01128,34,Female,Other Provinces,Market Vendor,0,0,27.5,Hepatitis B,150.0,77.4,0,1.69,2024-08-31
KH-01129,42,Female,Other Provinces,Rice Farmer,0,1,18.0,None,108.0,92.5,0,1.59,2024-09-27
KH-01130,42,Female,Battambang,Rice Farmer,0,1,21.9,None,147.0,84.2,1,1.59,2024-06-11
KH-01131,35,Male,Kampong Cham,Market Vendor,1,1,19.1,Hepatitis B,165.0,92.5,1,1.97,2024-04-30
KH-01132,35,Male,Siem Reap,Rice Farmer,1,1,16.4,Hepatitis B,155.0,95.0,0,2.15,2024-09-29
KH-01133,32,Male,Kandal,Rice Farmer,0,0,24.8,Diabetes,116.0,84.9,1,1.79,2024-04-01
KH-01134,31,Male,Other Provinces,Moto/Tuk-tuk Driver,0,0,17.2,Hypertension; COPD/Asthma; Hepatitis B,219.0,95.0,0,2.69,2024-07-02
KH-01135,30,Male,Phnom Penh,Civil Servant,0,1,24.5,None,459.0,90.8,0,1.2,2024-10-29
KH-01136,28,Male,Other Provinces,Rice Farmer,1,1,23.6,None,145.0,88.2,1,1.67,2024-06-22
KH-01137,44,Female,Phnom Penh,Construction Worker,0,0,25.8,Diabetes,328.0,70.7,0,2.22,2024-09-15
KH-01138,31,Female,Phnom Penh,Market Vendor,0,0,24.4,None,270.0,89.0,0,1.29,2024-10-10
KH-01139,45,Male,Phnom Penh,Construction Worker,1,0,24.8,None,280.0,70.1,0,2.38,2024-07-16
KH-01140,30,Female,Kandal,Rice Farmer,0,1,22.7,None,105.0,90.7,0,1.35,2024-11-05
KH-01141,31,Male,Other Provinces,Civil Servant,0,1,18.9,None,312.0,95.0,0,1.22,2024-06-16
KH-01142,31,Female,Other Provinces,Market Vendor,0,0,21.3,Heart Disease,101.0,95.0,0,1.51,2024-09-17
KH-01143,38,Male,Other Provinces,Market Vendor,0,1,21.5,None,131.0,90.4,0,1.41,2024-03-02
KH-01144,30,Female,Other Provinces,Garment Worker,0,0,20.0,None,210.0,95.0,0,1.36,2024-07-29
KH-01145,26,Male,Other Provinces,Rice Farmer,1,1,25.3,None,127.0,85.9,0,1.63,2024-11-16
KH-01146,34,Female,Other Provinces,Rice Farmer,0,0,22.5,None,117.0,88.4,1,1.53,2024-11-28
KH-01147,38,Female,Other Provinces,Garment Worker,0,1,19.3,None,131.0,93.8,0,1.42,2024-03-09
KH-01148,32,Male,Siem Reap,Monk/Retired,0,0,23.8,None,163.0,85.7,0,2.02,2024-01-20
KH-01149,35,Male,Other Provinces,Rice Farmer,0,0,28.5,None,106.0,75.0,0,1.63,2024-01-26
KH-01150,29,Female,Kampong Cham,Garment Worker,0,0,25.1,None,138.0,87.6,0,1.34,2024-09-07
KH-01151,30,Female,Other Provinces,Moto/Tuk-tuk Driver,0,0,22.7,Hypertension,158.0,88.1,0,2.03,2024-06-14
KH-01152,30,Male,Kampong Cham,Moto/Tuk-tuk Driver,0,1,21.5,COPD/Asthma; Hepatitis B,216.0,87.7,0,2.35,2024-12-08
KH-01153,26,Female,Kampong Cham,Civil Servant,0,1,24.4,None,287.0,93.7,1,1.04,2024-10-18
KH-01154,32,Female,Kampong Cham,Rice Farmer,1,0,24.9,None,124.0,82.7,0,1.77,2024-10-14
KH-01155,50,Male,Other Provinces,Garment Worker,1,0,20.3,None,222.0,81.4,0,2.12,2024-05-11
KH-01156,33,Male,Phnom Penh,Monk/Retired,1,1,23.2,Hypertension,99.0,84.3,0,2.44,2024-10-14
KH-01157,32,Male,Kandal,Civil Servant,0,0,19.3,None,346.0,95.0,0,1.34,2024-01-05
KH-01158,30,Female,Phnom Penh,Garment Worker,0,0,23.9,None,260.0,89.5,0,1.36,2024-11-04
KH-01159,44,Female,Kampong Cham,Garment Worker,0,0,21.1,Hepatitis B,160.0,82.8,1,1.98,2024-06-27
KH-01160,26,Male,Kampong Cham,Rice Farmer,1,0,24.6,None,95.0,87.4,0,1.73,2024-05-01
KH-01161,28,Female,Other Provinces,Garment Worker,0,0,22.2,None,189.0,94.4,0,1.32,2024-07-13
KH-01162,32,Female,Other Provinces,Garment Worker,0,0,18.5,None,179.0,95.0,0,1.4,2024-04-18
KH-01163,29,Female,Other Provinces,Garment Worker,0,0,20.9,None,147.0,95.0,0,1.34,2024-04-24
KH-01164,39,Male,Other Provinces,Garment Worker,0,1,19.4,None,142.0,92.9,0,1.52,2024-10-13
KH-01165,28,Male,Kampong Cham,Market Vendor,1,0,22.4,Hepatitis B,93.0,90.3,1,1.93,2024-01-23
KH-01166,26,Female,Other Provinces,Market Vendor,0,1,20.3,None,158.0,95.0,0,1.09,2024-05-02
KH-01167,37,Male,Other Provinces,Market Vendor,0,1,21.3,Arthritis,251.0,91.5,1,1.61,2024-06-21
KH-01168,26,Male,Other Provinces,Moto/Tuk-tuk Driver,1,0,21.4,Hypertension,158.0,91.6,0,2.31,2024-03-21
KH-01169,36,Female,Other Provinces,Garment Worker,0,0,22.6,None,149.0,88.1,0,1.48,2024-09-23
KH-01170,54,Male,Other Provinces,Moto/Tuk-tuk Driver,0,0,18.3,None,180.0,81.0,1,2.37,2024-05-18
KH-01171,25,Male,Prey Veng,Rice Farmer,0,1,21.6,None,111.0,95.0,0,1.33,2024-05-09
KH-01172,28,Male,Other Provinces,Civil Servant,0,0,25.6,Hypertension,307.0,89.8,0,1.48,2024-02-18
KH-01173,41,Male,Battambang,Moto/Tuk-tuk Driver,1,0,22.0,COPD/Asthma; Hepatitis B,189.0,77.1,0,2.95,2024-03-25
KH-01174,32,Female,Other Provinces,Garment Worker,0,1,20.2,None,148.0,95.0,1,1.3,2024-06-01
KH-01175,32,Female,Battambang,Rice Farmer,0,1,20.5,Hepatitis B,113.0,91.0,1,1.73,2024-10-23
KH-01176,25,Male,Phnom Penh,Garment Worker,1,1,20.3,None,291.0,95.0,0,1.52,2024-11-22
KH-01177,48,Female,Other Provinces,Garment Worker,0,0,26.3,None,190.0,72.1,0,1.72,2024-07-29
KH-01178,32,Male,Other Provinces,Moto/Tuk-tuk Driver,0,0,20.8,None,182.0,90.8,0,1.93,2024-06-27
KH-01179,29,Male,Other Provinces,Market Vendor,1,0,23.9,None,139.0,89.5,0,1.61,2024-04-05
KH-01180,30,Female,Other Provinces,Garment Worker,0,0,21.7,Hepatitis B,204.0,91.1,0,1.7,2024-05-11
KH-01181,35,Male,Kampong Cham,Market Vendor,1,0,22.9,None,176.0,87.5,0,1.73,2024-01-28
KH-01182,39,Male,Other Provinces,Rice Farmer,0,0,22.1,Hepatitis B,112.0,82.8,0,2.05,2024-03-13
KH-01183,29,Female,Other Provinces,Rice Farmer,0,0,20.1,None,59.0,95.0,0,1.43,2024-02-11
KH-01184,27,Female,Phnom Penh,Monk/Retired,0,0,22.3,None,142.0,92.3,1,1.84,2024-05-18
KH-01185,33,Male,Prey Veng,Civil Servant,0,0,23.8,None,331.0,90.2,0,1.36,2024-01-16
KH-01186,28,Male,Siem Reap,Moto/Tuk-tuk Driver,1,1,24.4,None,193.0,83.9,0,2.03,2024-06-10
KH-01187,26,Male,Other Provinces,Moto/Tuk-tuk Driver,0,0,23.0,Diabetes,206.0,90.2,0,2.03,2024-12-06
KH-01188,49,Female,Phnom Penh,Construction Worker,0,0,25.4,None,340.0,68.1,0,2.1,2024-10-08
KH-01189,40,Female,Other Provinces,Civil Servant,1,0,28.5,Hypertension,312.0,73.5,0,1.92,2024-02-05
KH-01190,50,Female,Phnom Penh,Garment Worker,0,0,21.3,Diabetes; TB,286.0,76.3,0,2.38,2024-09-13
KH-01191,24,Female,Other Provinces,Rice Farmer,0,0,20.8,None,84.0,95.0,0,1.33,2024-09-15
KH-01192,40,Female,Phnom Penh,Rice Farmer,0,1,19.3,None,157.0,91.1,0,1.55,2024-02-12
KH-01193,28,Male,Other Provinces,Civil Servant,0,0,23.9,Hypertension,300.0,93.4,0,1.48,2024-01-26
KH-01194,39,Male,Other Provinces,Market Vendor,0,0,20.4,Hepatitis B,111.0,89.0,1,1.87,2024-02-01
KH-01195,33,Male,Kampong Cham,Garment Worker,1,1,22.4,Hypertension; Diabetes,183.0,88.6,0,2.12,2024-12-14
KH-01196,34,Female,Other Provinces,Monk/Retired,0,0,21.3,None,105.0,89.6,0,1.98,2024-12-15
KH-01197,28,Female,Kampong Cham,Rice Farmer,0,1,20.4,None,58.0,95.0,0,1.31,2024-12-03
KH-01198,35,Female,Battambang,Market Vendor,0,1,21.7,None,90.0,92.0,0,1.27,2024-03-20
KH-01199,22,Female,Kampong Cham,Garment Worker,0,0,19.1,None,172.0,95.0,0,1.2,2024-05-30
KH-01200,22,Female,Other Provinces,Moto/Tuk-tuk Driver,1,1,19.4,COPD/Asthma,153.0,95.0,0,2.05,2024-02-13
KH-01201,25,Male,Other Provinces,Moto/Tuk-tuk Driver,1,1,20.6,Hepatitis B,202.0,91.0,0,2.31,2024-07-15
KH-01202,26,Female,Preah Sihanouk,Rice Farmer,0,1,20.8,None,135.0,95.0,0,1.27,2024-12-07
KH-01203,28,Male,Other Provinces,Rice Farmer,1,0,22.2,None,112.0,91.1,1,1.77,2024-08-19
KH-01204,34,Male,Other Provinces,Market Vendor,1,0,22.8,None,154.0,88.4,0,1.71,2024-10-07
KH-01205,33,Male,Siem Reap,Monk/Retired,0,0,25.6,None,112.0,81.2,0,2.04,2024-04-11
KH-01206,31,Male,Other Provinces,Monk/Retired,0,1,21.0,COPD/Asthma,75.0,92.3,0,2.12,2024-05-11
KH-01207,28,Female,Kandal,Garment Worker,0,0,18.5,None,199.0,95.0,0,1.32,2024-02-01
KH-01208,27,Male,Battambang,Market Vendor,0,0,18.4,Diabetes,190.0,95.0,0,1.51,2024-10-19
KH-01209,29,Female,Other Provinces,Market Vendor,0,1,23.0,None,122.0,93.4,0,1.15,2024-01-06
KH-01210,32,Male,Other Provinces,Monk/Retired,0,1,25.4,Diabetes,55.0,82.3,0,2.14,2024-04-21
KH-01211,38,Male,Prey Veng,Construction Worker,0,0,28.0,Hepatitis B,178.0,67.1,0,2.3,2024-03-19
KH-01212,30,Female,Kampong Cham,Market Vendor,0,0,17.6,TB,107.0,95.0,0,1.67,2024-02-05
KH-01213,49,Female,Other Provinces,Market Vendor,0,1,21.4,Arthritis,131.0,83.1,0,1.77,2024-07-03
KH-01214,37,Male,Other Provinces,Rice Farmer,1,0,21.0,TB,55.0,82.5,0,2.35,2024-04-14
KH-01215,25,Female,Siem Reap,Civil Servant,0,1,21.8,None,405.0,95.0,0,1.02,2024-06-16
KH-01216,21,Male,Other Provinces,Rice Farmer,1,1,23.1,None,116.0,94.0,0,1.53,2024-04-04
KH-01217,32,Female,Other Provinces,Rice Farmer,0,0,19.3,None,150.0,95.0,0,1.49,2024-05-04
KH-01218,31,Male,Other Provinces,Moto/Tuk-tuk Driver,0,1,22.0,None,149.0,88.9,0,1.81,2024-05-06
KH-01219,36,Male,Other Provinces,Rice Farmer,1,0,23.0,Hepatitis B,121.0,81.0,0,2.27,2024-07-11
KH-01220,29,Female,Other Provinces,Market Vendor,0,0,21.0,None,95.0,95.0,0,1.25,2024-07-31
KH-01221,21,Male,Other Provinces,Market Vendor,0,1,26.7,None,122.0,91.0,1,1.07,2024-11-11
KH-01222,39,Male,Other Provinces,Rice Farmer,0,0,21.2,None,98.0,87.7,0,1.71,2024-02-07
KH-01223,29,Male,Kandal,Construction Worker,1,0,25.2,None,264.0,80.2,0,2.06,2024-03-17
KH-01224,32,Female,Phnom Penh,Garment Worker,0,0,27.5,None,268.0,80.5,1,1.4,2024-09-16
KH-01225,39,Female,Preah Sihanouk,Garment Worker,0,0,17.4,None,223.0,95.0,0,1.54,2024-09-30
KH-01226,47,Female,Kandal,Garment Worker,0,0,20.0,COPD/Asthma,210.0,86.1,0,1.92,2024-09-03
KH-01227,34,Male,Phnom Penh,Monk/Retired,0,1,25.3,None,154.0,81.2,0,1.96,2024-03-03
KH-01228,47,Male,Battambang,Moto/Tuk-tuk Driver,1,0,22.6,TB,188.0,69.7,0,2.91,2024-01-17
KH-01229,37,Female,Kampong Cham,Rice Farmer,0,1,23.5,Hypertension,148.0,84.2,0,1.71,2024-03-06
KH-01230,41,Female,Other Provinces,Garment Worker,0,1,20.3,None,215.0,89.6,0,1.48,2024-05-04
KH-01231,26,Female,Phnom Penh,Rice Farmer,0,0,22.2,None,168.0,94.5,0,1.37,2024-04-09
KH-01232,29,Female,Other Provinces,Rice Farmer,0,0,18.8,None,92.0,95.0,0,1.43,2024-04-05
KH-01233,36,Female,Kampong Cham,Rice Farmer,0,0,23.3,None,140.0,85.3,0,1.57,2024-06-23
KH-01234,26,Female,Other Provinces,Garment Worker,0,1,18.5,None,160.0,95.0,1,1.18,2024-02-25
KH-01235,26,Female,Phnom Penh,Rice Farmer,1,1,22.4,None,183.0,92.1,0,1.55,2024-04-24
KH-01236,25,Female,Other Provinces,Rice Farmer,0,0,22.8,None,55.0,93.9,0,1.35,2024-04-22
KH-01237,29,Female,Other Provinces,Monk/Retired,0,0,26.5,Hypertension; Hepatitis B,55.0,79.0,0,2.44,2024-09-07
KH-01238,22,Female,Other Provinces,Monk/Retired,0,1,17.0,None,60.0,95.0,0,1.64,2024-11-14
KH-01239,46,Female,Battambang,Market Vendor,0,0,21.0,Hepatitis B,97.0,83.0,0,1.93,2024-06-16
KH-01240,48,Male,Other Provinces,Civil Servant,0,0,24.8,Arthritis,275.0,77.9,0,1.88,2024-09-19
KH-01241,23,Male,Other Provinces,Construction Worker,0,1,23.3,None,174.0,90.3,0,1.56,2024-09-13
KH-01242,22,Male,Siem Reap,Rice Farmer,0,0,23.5,None,164.0,94.5,0,1.37,2024-04-22
KH-01243,25,Female,Prey Veng,Market Vendor,1,0,19.8,Hepatitis B,125.0,95.0,0,1.79,2024-10-09
KH-01244,21,Female,Other Provinces,Rice Farmer,0,0,19.0,None,68.0,95.0,0,1.27,2024-11-26
KH-01245,37,Male,Phnom Penh,Rice Farmer,1,1,19.6,Hypertension,141.0,90.5,0,2.07,2024-06-04
KH-01246,30,Male,Other Provinces,Market Vendor,1,1,25.8,None,117.0,84.7,1,1.53,2024-12-01
KH-01247,25,Male,Phnom Penh,Market Vendor,0,0,24.8,None,222.0,92.3,0,1.25,2024-11-14
KH-01248,35,Male,Phnom Penh,Rice Farmer,1,0,20.6,Hepatitis B,160.0,86.7,0,2.25,2024-09-08
KH-01249,36,Male,Other Provinces,Civil Servant,0,1,21.6,None,336.0,92.8,0,1.32,2024-08-30
KH-01250,25,Male,Kampong Cham,Civil Servant,1,1,18.0,None,250.0,95.0,0,1.38,2024-05-13
KH-01251,34,Male,Siem Reap,Moto/Tuk-tuk Driver,0,0,19.6,None,266.0,92.0,0,1.97,2024-01-20
KH-01252,22,Female,Kampong Cham,Garment Worker,0,1,20.1,None,237.0,95.0,0,1.1,2024-11-10
KH-01253,39,Female,Other Provinces,Market Vendor,0,1,24.1,None,132.0,84.2,0,1.35,2024-03-03
KH-01254,28,Female,Other Provinces,Rice Farmer,0,0,19.8,None,131.0,95.0,1,1.41,2024-09-07
KH-01255,35,Female,Siem Reap,Market Vendor,0,1,22.0,None,216.0,91.4,0,1.27,2024-02-10
KH-01256,40,Female,Phnom Penh,Garment Worker,0,1,18.2,TB,350.0,89.7,0,1.86,2024-01-30
KH-01257,31,Female,Phnom Penh,Monk/Retired,0,0,23.8,None,108.0,86.4,0,1.92,2024-10-12
KH-01258,32,Male,Other Provinces,Moto/Tuk-tuk Driver,1,0,26.3,None,184.0,77.1,0,2.21,2024-08-31
KH-01259,27,Male,Other Provinces,Rice Farmer,1,1,21.3,None,55.0,93.7,0,1.65,2024-12-19
KH-01260,43,Male,Other Provinces,Construction Worker,0,1,23.5,None,105.0,76.2,0,1.96,2024-03-03
KH-01261,22,Female,Phnom Penh,Civil Servant,0,0,23.5,None,471.0,95.0,0,1.06,2024-01-02
KH-01262,35,Female,Phnom Penh,Market Vendor,0,1,24.1,None,206.0,86.9,0,1.27,2024-05-21
KH-01263,28,Male,Other Provinces,Rice Farmer,0,0,23.6,None,68.0,90.2,0,1.49,2024-02-21
KH-01264,26,Male,Phnom Penh,Civil Servant,0,1,22.5,None,492.0,95.0,0,1.12,2024-02-17
KH-01265,28,Male,Battambang,Monk/Retired,0,0,21.9,None,55.0,92.5,0,1.94,2024-03-15
KH-01266,28,Female,Other Provinces,Garment Worker,1,0,21.7,Hepatitis B,178.0,90.5,1,1.94,2024-08-09
KH-01267,41,Male,Phnom Penh,Construction Worker,0,0,28.9,Diabetes,289.0,66.1,0,2.24,2024-11-30
KH-01268,32,Female,Other Provinces,Garment Worker,0,1,23.5,None,173.0,89.0,0,1.3,2024-05-17
KH-01269,40,Female,Kandal,Rice Farmer,0,0,22.3,None,161.0,84.7,0,1.65,2024-05-21
KH-01270,23,Male,Kandal,Monk/Retired,1,0,24.6,Hepatitis B,96.0,85.2,0,2.46,2024-07-04
KH-01271,27,Female,Phnom Penh,Garment Worker,0,0,17.3,None,233.0,95.0,0,1.3,2024-07-18
KH-01272,32,Female,Kandal,Garment Worker,0,0,18.5,None,264.0,95.0,0,1.4,2024-01-09
KH-01273,40,Male,Other Provinces,Civil Servant,1,1,18.2,Hepatitis B,288.0,92.3,0,2.02,2024-11-03
KH-01274,32,Female,Phnom Penh,Garment Worker,0,0,22.8,None,260.0,90.4,0,1.4,2024-05-15
KH-01275,30,Female,Battambang,Rice Farmer,0,1,21.6,None,106.0,93.0,0,1.35,2024-04-24
KH-01276,27,Female,Kandal,Market Vendor,0,0,20.6,None,131.0,95.0,0,1.21,2024-01-11
KH-01277,35,Female,Other Provinces,Market Vendor,0,0,22.4,None,156.0,90.5,0,1.37,2024-05-27
KH-01278,25,Male,Battambang,Rice Farmer,0,0,24.5,None,124.0,90.3,0,1.43,2024-08-04
KH-01279,22,Male,Phnom Penh,Civil Servant,0,1,22.2,None,411.0,95.0,1,1.04,2024-12-04
KH-01280,32,Female,Siem Reap,Monk/Retired,0,0,22.4,None,96.0,88.7,1,1.94,2024-01-29
KH-01281,27,Male,Other Provinces,Civil Servant,0,1,25.0,None,316.0,91.8,1,1.14,2024-09-05
KH-01282,37,Male,Other Provinces,Rice Farmer,0,1,27.4,Heart Disease,110.0,76.0,0,1.79,2024-11-11
KH-01283,25,Male,Battambang,Rice Farmer,0,1,19.0,None,127.0,95.0,0,1.33,2024-05-20
KH-01284,30,Female,Other Provinces,Civil Servant,0,0,21.0,None,299.0,95.0,0,1.22,2024-02-24
KH-01285,28,Female,Other Provinces,Rice Farmer,0,1,23.8,None,118.0,89.8,0,1.31,2024-06-02
KH-01286,26,Female,Kandal,Market Vendor,0,1,22.7,Hepatitis B,163.0,93.1,1,1.43,2024-10-23
KH-01287,32,Female,Other Provinces,Rice Farmer,0,0,21.4,None,55.0,92.1,0,1.49,2024-12-24
KH-01288,47,Male,Other Provinces,Moto/Tuk-tuk Driver,0,0,24.1,None,189.0,73.5,1,2.23,2024-01-22
KH-01289,31,Male,Other Provinces,Market Vendor,0,0,21.2,None,117.0,95.0,0,1.37,2024-07-08
KH-01290,46,Female,Phnom Penh,Monk/Retired,0,1,20.1,None,88.0,84.0,0,2.12,2024-01-12
KH-01291,26,Female,Other Provinces,Market Vendor,0,0,20.5,None,124.0,95.0,0,1.19,2024-03-02
KH-01292,41,Male,Other Provinces,Moto/Tuk-tuk Driver,0,1,22.7,None,199.0,80.6,0,2.01,2024-09-16
KH-01293,46,Male,Kandal,Market Vendor,0,1,25.7,Hypertension,220.0,76.0,1,1.79,2024-11-01
KH-01294,59,Male,Siem Reap,Market Vendor,0,0,19.0,None,198.0,81.3,0,1.93,2024-12-13
KH-01295,41,Female,Phnom Penh,Market Vendor,0,0,22.0,TB,193.0,82.3,0,1.89,2024-06-15
KH-01296,39,Female,Other Provinces,Garment Worker,0,0,24.2,None,123.0,82.7,0,1.54,2024-10-14
KH-01297,46,Female,Phnom Penh,Garment Worker,0,1,20.8,None,255.0,85.1,0,1.58,2024-05-07
KH-01298,26,Male,Other Provinces,Rice Farmer,0,0,21.4,COPD/Asthma; Arthritis,79.0,95.0,0,1.89,2024-05-08
KH-01299,25,Male,Other Provinces,Construction Worker,0,0,20.7,None,197.0,94.5,1,1.7,2024-12-20
KH-01300,28,Male,Other Provinces,Market Vendor,0,0,19.2,TB,186.0,95.0,0,1.71,2024-09-27
KH-01301,19,Female,Phnom Penh,Market Vendor,0,0,20.0,None,176.0,95.0,0,1.05,2024-12-23
KH-01302,37,Female,Prey Veng,Rice Farmer,0,0,18.8,None,70.0,94.2,0,1.59,2024-06-18
KH-01303,19,Female,Other Provinces,Monk/Retired,0,1,20.4,None,118.0,95.0,0,1.58,2024-05-27
KH-01304,44,Male,Phnom Penh,Market Vendor,0,0,18.3,None,234.0,93.1,0,1.63,2024-10-06
KH-01305,44,Male,Battambang,Moto/Tuk-tuk Driver,0,1,24.6,None,145.0,74.5,0,2.07,2024-02-07
KH-01306,36,Male,Other Provinces,Rice Farmer,0,0,21.6,COPD/Asthma,109.0,88.9,0,1.87,2024-10-02
KH-01307,36,Male,Other Provinces,Garment Worker,1,1,20.7,Hepatitis B,155.0,87.2,0,2.08,2024-02-16
KH-01308,34,Male,Phnom Penh,Moto/Tuk-tuk Driver,1,0,26.9,None,216.0,74.5,0,2.25,2024-10-04
KH-01309,34,Male,Other Provinces,Civil Servant,1,1,23.9,None,276.0,87.3,0,1.56,2024-09-28
KH-01310,29,Male,Kampong Cham,Rice Farmer,0,0,20.9,None,135.0,95.0,0,1.51,2024-11-19
KH-01311,29,Male,Phnom Penh,Market Vendor,0,1,21.5,Hepatitis B,197.0,93.5,0,1.57,2024-06-19
KH-01312,44,Male,Other Provinces,Rice Farmer,1,1,22.4,None,67.0,79.8,0,1.99,2024-09-14
KH-01313,28,Female,Kampong Cham,Moto/Tuk-tuk Driver,0,0,23.1,Diabetes; COPD/Asthma,169.0,88.6,0,2.21,2024-01-29
KH-01314,46,Female,Other Provinces,Market Vendor,0,0,20.5,None,106.0,87.0,1,1.59,2024-11-26
KH-01315,25,Male,Siem Reap,Rice Farmer,1,0,22.4,None,167.0,92.8,1,1.71,2024-11-30
KH-01316,29,Male,Other Provinces,Monk/Retired,0,1,22.6,None,55.0,90.3,0,1.86,2024-12-11
KH-01317,30,Male,Phnom Penh,Civil Servant,0,1,24.4,None,461.0,91.0,0,1.2,2024-01-21
KH-01318,42,Male,Other Provinces,Construction Worker,0,0,22.5,None,183.0,79.0,0,2.04,2024-09-09
KH-01319,33,Female,Other Provinces,Construction Worker,0,0,17.9,Hypertension,123.0,94.9,0,2.0,2024-12-06
KH-01320,25,Female,Prey Veng,Rice Farmer,0,0,22.5,COPD/Asthma; TB,55.0,89.6,1,1.97,2024-01-21
KH-01321,29,Male,Other Provinces,Construction Worker,0,0,23.2,None,197.0,86.4,0,1.78,2024-03-12
KH-01322,39,Male,Other Provinces,Moto/Tuk-tuk Driver,0,0,25.6,None,164.0,75.8,0,2.07,2024-11-29
KH-01323,33,Female,Other Provinces,Civil Servant,0,0,22.9,None,307.0,92.1,0,1.28,2024-01-23
KH-01324,33,Female,Phnom Penh,Rice Farmer,0,1,25.9,None,186.0,81.9,1,1.41,2024-07-18
KH-01325,49,Male,Preah Sihanouk,Rice Farmer,0,1,16.5,Hepatitis B,95.0,87.9,0,2.15,2024-11-24
KH-01326,34,Male,Siem Reap,Construction Worker,1,0,19.2,None,255.0,89.5,0,2.16,2024-07-19
KH-01327,34,Female,Phnom Penh,Rice Farmer,0,0,20.2,None,148.0,93.3,0,1.53,2024-11-15
KH-01328,30,Female,Other Provinces,Market Vendor,0,0,23.5,Diabetes,149.0,91.6,0,1.49,2024-06-08
KH-01329,31,Female,Other Provinces,Rice Farmer,0,1,21.2,None,98.0,93.2,0,1.37,2024-02-09
KH-01330,29,Male,Prey Veng,Monk/Retired,0,1,20.9,None,55.0,93.9,0,1.86,2024-04-20
KH-01331,35,Male,Other Provinces,Monk/Retired,0,0,22.8,Hypertension; COPD/Asthma,102.0,85.8,0,2.52,2024-04-18
KH-01332,27,Male,Other Provinces,Rice Farmer,0,0,25.4,None,150.0,87.0,0,1.47,2024-05-23
KH-01333,31,Female,Other Provinces,Market Vendor,0,1,17.6,Hepatitis B,140.0,95.0,0,1.53,2024-03-21
KH-01334,28,Male,Kampong Cham,Rice Farmer,0,1,24.7,None,103.0,87.8,0,1.39,2024-12-10
KH-01335,36,Female,Kampong Cham,Civil Servant,0,1,24.4,Hepatitis B,291.0,83.9,0,1.58,2024-01-20
KH-01336,35,Female,Other Provinces,Market Vendor,0,0,26.1,None,146.0,82.7,0,1.37,2024-05-28
KH-01337,21,Male,Other Provinces,Rice Farmer,0,1,23.0,None,127.0,95.0,0,1.25,2024-03-25
KH-01338,35,Female,Other Provinces,Garment Worker,0,0,26.0,Hepatitis B,198.0,78.6,0,1.8,2024-07-30
KH-01339,42,Male,Kandal,Rice Farmer,1,0,19.9,Heart Disease,128.0,86.4,1,2.27,2024-02-15
KH-01340,32,Female,Phnom Penh,Garment Worker,0,1,28.1,None,281.0,79.2,0,1.3,2024-09-23
KH-01341,31,Male,Other Provinces,Market Vendor,1,0,20.4,None,86.0,95.0,0,1.65,2024-01-18
KH-01342,41,Male,Other Provinces,Rice Farmer,0,1,23.9,None,66.0,80.6,0,1.65,2024-11-26
KH-01343,34,Male,Other Provinces,Moto/Tuk-tuk Driver,0,1,18.4,Heart Disease,211.0,94.5,0,2.09,2024-10-02
KH-01344,43,Female,Battambang,Rice Farmer,0,0,27.3,Arthritis,90.0,72.1,0,1.93,2024-06-04
KH-01345,41,Male,Other Provinces,Civil Servant,1,0,23.9,Hepatitis B,317.0,79.5,0,2.14,2024-08-17
KH-01346,25,Male,Phnom Penh,Civil Servant,0,0,24.2,None,483.0,94.9,0,1.2,2024-10-25
KH-01347,22,Female,Other Provinces,Rice Farmer,0,1,23.2,None,140.0,95.0,0,1.19,2024-06-29
KH-01348,27,Male,Phnom Penh,Civil Servant,1,1,25.9,None,468.0,87.9,0,1.42,2024-06-27
KH-01349,39,Female,Phnom Penh,Garment Worker,0,0,23.6,None,246.0,84.0,0,1.54,2024-03-25
KH-01350,24,Female,Other Provinces,Garment Worker,0,0,24.0,Hypertension,135.0,93.4,0,1.46,2024-03-22
KH-01351,37,Female,Kandal,Market Vendor,0,1,19.5,None,238.0,95.0,0,1.31,2024-04-07
KH-01352,37,Female,Phnom Penh,Garment Worker,0,1,21.7,None,283.0,89.3,0,1.4,2024-12-04
KH-01353,28,Female,Other Provinces,Garment Worker,0,1,26.7,Hypertension; COPD/Asthma,137.0,84.9,0,1.66,2024-09-18
KH-01354,29,Female,Other Provinces,Garment Worker,0,0,24.9,None,165.0,88.0,0,1.34,2024-02-04
KH-01355,33,Male,Phnom Penh,Moto/Tuk-tuk Driver,0,1,25.5,Hypertension,278.0,80.1,0,2.07,2024-01-11
KH-01356,30,Male,Preah Sihanouk,Monk/Retired,1,0,23.7,None,93.0,85.3,0,2.26,2024-06-27
KH-01357,42,Male,Other Provinces,Civil Servant,0,0,21.9,None,265.0,88.1,0,1.54,2024-10-29
KH-01358,29,Female,Other Provinces,Rice Farmer,0,0,24.7,None,122.0,87.2,0,1.43,2024-02-05
KH-01359,25,Female,Kandal,Rice Farmer,0,1,21.9,None,109.0,95.0,0,1.25,2024-11-17
KH-01360,50,Female,Kandal,Garment Worker,0,1,25.0,Hepatitis B,200.0,70.5,0,2.0,2024-08-24
KH-01361,48,Female,Battambang,Market Vendor,0,0,23.4,COPD/Asthma,151.0,79.5,0,1.85,2024-11-03
KH-01362,23,Male,Kampong Cham,Construction Worker,0,1,26.5,Diabetes; Hepatitis B,210.0,80.5,0,2.12,2024-06-06
KH-01363,32,Male,Other Provinces,Civil Servant,0,0,19.0,None,221.0,95.0,0,1.34,2024-10-12
KH-01364,28,Male,Other Provinces,Rice Farmer,1,0,18.1,None,144.0,95.0,0,1.77,2024-07-28
KH-01365,23,Male,Other Provinces,Rice Farmer,1,0,22.8,None,75.0,93.3,0,1.67,2024-01-31
KH-01366,28,Female,Other Provinces,Civil Servant,0,1,23.8,None,292.0,93.7,0,1.08,2024-09-28
KH-01367,40,Male,Other Provinces,Rice Farmer,1,0,23.2,None,116.0,80.8,0,2.01,2024-11-12
KH-01368,30,Female,Other Provinces,Market Vendor,0,0,19.2,None,125.0,95.0,0,1.27,2024-10-25
KH-01369,32,Male,Other Provinces,Civil Servant,1,0,24.4,None,272.0,87.6,0,1.62,2024-05-04
KH-01370,30,Male,Kandal,Moto/Tuk-tuk Driver,0,1,16.0,Hepatitis B,240.0,95.0,0,2.13,2024-05-09
KH-01371,32,Female,Other Provinces,Rice Farmer,0,0,23.6,None,55.0,87.4,0,1.49,2024-09-07
KH-01372,39,Female,Battambang,Garment Worker,0,0,20.5,None,120.0,90.5,0,1.54,2024-06-22
KH-01373,36,Male,Phnom Penh,Rice Farmer,1,1,24.4,None,177.0,81.0,0,1.83,2024-02-28
KH-01374,34,Female,Other Provinces,Market Vendor,0,0,21.7,None,111.0,92.7,1,1.35,2024-08-14
KH-01375,32,Female,Kampong Cham,Garment Worker,0,0,24.4,None,191.0,87.0,0,1.4,2024-03-19
KH-01376,29,Male,Other Provinces,Moto/Tuk-tuk Driver,1,0,16.6,None,159.0,95.0,1,2.15,2024-09-18
KH-01377,41,Male,Other Provinces,Rice Farmer,1,0,23.1,None,148.0,80.3,0,2.03,2024-12-16
KH-01378,19,Female,Other Provinces,Garment Worker,0,1,23.2,None,141.0,95.0,0,1.04,2024-01-07
KH-01379,31,Female,Siem Reap,Rice Farmer,0,0,25.2,None,183.0,84.7,0,1.47,2024-05-12
KH-01380,43,Male,Kampong Cham,Civil Servant,1,0,22.5,None,288.0,84.1,0,1.84,2024-08-15
KH-01381,30,Male,Other Provinces,Rice Farmer,0,0,17.7,None,107.0,95.0,0,1.53,2024-06-11
KH-01382,30,Female,Other Provinces,Garment Worker,1,0,22.8,None,231.0,89.8,0,1.64,2024-11-27
KH-01383,42,Male,Other Provinces,Construction Worker,1,0,25.0,COPD/Asthma,179.0,71.7,0,2.54,2024-09-27
KH-01384,22,Female,Other Provinces,Market Vendor,0,1,20.0,None,154.0,95.0,0,1.01,2024-07-23
KH-01385,44,Female,Kampong Cham,Civil Servant,0,0,24.5,None,235.0,81.2,0,1.5,2024-03-12
KH-01386,31,Male,Siem Reap,Moto/Tuk-tuk Driver,1,0,22.8,None,268.0,85.2,0,2.19,2024-02-11
KH-01387,25,Male,Other Provinces,Moto/Tuk-tuk Driver,0,0,18.4,None,169.0,95.0,0,1.79,2024-11-22
KH-01388,21,Female,Kampong Cham,Garment Worker,0,0,24.0,TB,168.0,90.4,0,1.58,2024-07-30
KH-01389,24,Female,Battambang,Market Vendor,0,0,18.0,None,131.0,95.0,0,1.15,2024-03-03
KH-01390,27,Male,Kandal,Rice Farmer,0,1,20.5,None,110.0,95.0,0,1.37,2024-05-14
KH-01391,26,Female,Phnom Penh,Garment Worker,0,1,23.7,None,249.0,92.6,0,1.18,2024-03-11
KH-01392,30,Male,Other Provinces,Construction Worker,1,0,24.9,Heart Disease; COPD/Asthma,132.0,80.2,0,2.52,2024-08-15
KH-01393,30,Female,Kampong Cham,Garment Worker,0,1,17.3,None,148.0,95.0,0,1.26,2024-09-12
KH-01394,34,Female,Other Provinces,Civil Servant,0,1,23.0,None,262.0,91.2,0,1.2,2024-08-11
KH-01395,23,Female,Phnom Penh,Market Vendor,0,0,25.9,None,219.0,91.3,0,1.13,2024-05-08
KH-01396,53,Male,Phnom Penh,Civil Servant,0,0,27.7,None,448.0,68.3,0,1.76,2024-03-08
KH-01397,37,Female,Other Provinces,Civil Servant,0,1,20.2,None,398.0,95.0,1,1.26,2024-01-14
KH-01398,33,Female,Phnom Penh,Rice Farmer,0,0,25.1,None,130.0,83.6,1,1.51,2024-01-24
KH-01399,34,Male,Other Provinces,Construction Worker,1,1,18.6,None,141.0,90.8,0,2.06,2024-08-06
KH-01400,28,Male,Kampong Cham,Civil Servant,1,0,22.2,Hypertension,274.0,95.0,0,1.76,2024-01-18
KH-01401,34,Male,Kandal,Rice Farmer,0,1,20.2,None,133.0,93.3,0,1.51,2024-11-30
KH-01402,33,Female,Other Provinces,Garment Worker,0,0,25.7,None,215.0,83.6,0,1.42,2024-07-01
KH-01403,25,Male,Other Provinces,Rice Farmer,1,1,27.2,None,72.0,82.6,0,1.61,2024-05-24
KH-01404,35,Male,Other Provinces,Civil Servant,0,1,23.0,None,305.0,90.6,0,1.3,2024-08-31
KH-01405,41,Female,Phnom Penh,Rice Farmer,0,1,19.8,Arthritis,197.0,89.3,1,1.79,2024-06-17
KH-01406,25,Female,Prey Veng,Civil Servant,0,1,18.0,None,249.0,95.0,1,1.02,2024-04-18
KH-01407,41,Male,Siem Reap,Moto/Tuk-tuk Driver,1,0,23.9,None,225.0,76.0,1,2.39,2024-10-30
KH-01408,42,Female,Kampong Cham,Civil Servant,0,1,23.3,Arthritis,349.0,85.1,0,1.58,2024-09-07
KH-01409,34,Female,Other Provinces,Garment Worker,0,1,21.9,None,211.0,91.0,0,1.34,2024-06-16
KH-01410,34,Female,Other Provinces,Garment Worker,0,0,18.4,Hypertension,173.0,95.0,0,1.66,2024-06-09
KH-01411,42,Male,Other Provinces,Rice Farmer,1,0,23.0,Arthritis,130.0,79.9,0,2.27,2024-09-16
KH-01412,55,Male,Other Provinces,Garment Worker,0,0,23.5,TB,153.0,68.2,0,2.34,2024-04-01
KH-01413,29,Female,Other Provinces,Monk/Retired,0,1,21.5,None,129.0,92.6,0,1.78,2024-04-29
KH-01414,34,Male,Phnom Penh,Monk/Retired,0,1,26.3,None,185.0,79.0,0,1.96,2024-08-16
KH-01415,37,Male,Siem Reap,Moto/Tuk-tuk Driver,0,0,26.9,COPD/Asthma; Hepatitis B,225.0,71.4,0,2.59,2024-10-26
KH-01416,33,Male,Phnom Penh,Construction Worker,1,1,22.6,None,254.0,83.0,0,2.04,2024-03-17
KH-01417,43,Female,Other Provinces,Moto/Tuk-tuk Driver,0,0,23.0,None,187.0,78.6,1,2.07,2024-07-24
KH-01418,30,Female,Other Provinces,Rice Farmer,0,1,22.4,None,55.0,91.4,0,1.35,2024-07-17
KH-01419,29,Female,Siem Reap,Market Vendor,0,0,25.6,None,207.0,87.9,0,1.25,2024-10-06
KH-01420,31,Male,Phnom Penh,Civil Servant,0,0,21.5,None,483.0,95.0,0,1.32,2024-07-02
KH-01421,22,Male,Other Provinces,Moto/Tuk-tuk Driver,1,1,18.8,None,199.0,95.0,0,1.91,2024-08-30
KH-01422,21,Female,Siem Reap,Market Vendor,0,1,18.2,None,182.0,95.0,1,0.99,2024-01-02
KH-01423,32,Male,Other Provinces,Moto/Tuk-tuk Driver,0,1,20.6,None,154.0,91.2,0,1.83,2024-05-09
KH-01424,30,Male,Phnom Penh,Garment Worker,0,1,26.0,None,240.0,85.0,0,1.34,2024-10-20
KH-01425,32,Female,Kampong Cham,Garment Worker,0,1,16.0,None,164.0,95.0,0,1.3,2024-12-07
KH-01426,39,Female,Phnom Penh,Market Vendor,1,0,20.2,Hepatitis B,235.0,87.5,0,2.07,2024-07-07
KH-01427,43,Female,Other Provinces,Garment Worker,0,0,22.8,Hepatitis B,127.0,79.9,0,1.96,2024-06-01
KH-01428,29,Male,Other Provinces,Rice Farmer,0,0,21.7,None,102.0,93.5,0,1.51,2024-04-29
KH-01429,41,Female,Preah Sihanouk,Market Vendor,0,0,22.9,Diabetes,144.0,85.4,0,1.71,2024-04-23
KH-01430,44,Female,Phnom Penh,Market Vendor,0,0,21.0,None,159.0,87.3,0,1.55,2024-12-17
KH-01431,37,Male,Kampong Cham,Construction Worker,0,0,21.2,Hypertension,159.0,85.2,0,2.16,2024-09-15
KH-01432,28,Male,Phnom Penh,Rice Farmer,0,1,23.8,TB,179.0,84.8,0,1.79,2024-10-19
KH-01433,44,Female,Other Provinces,Rice Farmer,0,0,19.6,None,103.0,87.7,0,1.73,2024-02-15
KH-01434,35,Female,Kandal,Garment Worker,0,0,19.9,None,179.0,94.5,0,1.46,2024-04-05
KH-01435,24,Female,Kandal,Monk/Retired,0,0,20.6,None,74.0,95.0,0,1.78,2024-01-18
KH-01436,43,Female,Phnom Penh,Construction Worker,0,0,20.7,None,320.0,82.2,1,1.98,2024-06-10
KH-01437,32,Female,Siem Reap,Market Vendor,0,0,16.8,Heart Disease,190.0,95.0,0,1.53,2024-05-22
KH-01438,22,Female,Other Provinces,Garment Worker,0,0,22.4,None,159.0,95.0,0,1.2,2024-11-28
KH-01439,44,Female,Other Provinces,Rice Farmer,0,0,19.3,None,93.0,88.3,0,1.73,2024-02-18
KH-01440,57,Male,Other Provinces,Moto/Tuk-tuk Driver,0,1,22.3,None,204.0,70.5,0,2.33,2024-02-03
KH-01441,45,Male,Other Provinces,Construction Worker,1,0,22.6,None,189.0,74.8,0,2.38,2024-06-23
KH-01442,33,Male,Other Provinces,Construction Worker,1,1,23.2,None,179.0,81.7,1,2.04,2024-07-22
KH-01443,22,Female,Preah Sihanouk,Rice Farmer,0,0,23.3,None,179.0,94.9,0,1.29,2024-07-28
KH-01444,26,Male,Siem Reap,Moto/Tuk-tuk Driver,1,0,18.6,None,189.0,95.0,0,2.09,2024-09-17
KH-01445,26,Male,Other Provinces,Rice Farmer,0,1,20.6,None,103.0,95.0,1,1.35,2024-05-18
KH-01446,27,Male,Phnom Penh,Rice Farmer,1,0,20.5,None,167.0,95.0,0,1.75,2024-06-19
KH-01447,25,Female,Other Provinces,Moto/Tuk-tuk Driver,0,0,20.0,None,206.0,95.0,0,1.71,2024-05-18
KH-01448,41,Female,Prey Veng,Construction Worker,0,0,23.2,None,188.0,78.2,0,1.94,2024-02-25
KH-01449,36,Female,Phnom Penh,Moto/Tuk-tuk Driver,0,1,30.0,Hypertension,252.0,68.5,0,2.05,2024-07-30
KH-01450,34,Female,Other Provinces,Rice Farmer,0,1,18.8,COPD/Asthma,80.0,95.0,0,1.65,2024-09-25
KH-01451,31,Male,Other Provinces,Civil Servant,0,1,23.8,None,301.0,91.6,0,1.22,2024-01-17
KH-01452,49,Male,Kampong Cham,Moto/Tuk-tuk Driver,0,1,19.7,None,168.0,81.5,0,2.17,2024-10-22
KH-01453,40,Female,Phnom Penh,Rice Farmer,0,0,25.5,None,150.0,77.9,0,1.65,2024-10-05
KH-01454,24,Female,Siem Reap,Rice Farmer,0,0,18.9,None,195.0,95.0,0,1.33,2024-02-22
KH-01455,35,Male,Prey Veng,Moto/Tuk-tuk Driver,1,1,24.0,Hypertension,167.0,79.9,1,2.39,2024-02-03
KH-01456,28,Female,Phnom Penh,Garment Worker,0,0,23.2,None,262.0,92.3,0,1.32,2024-04-06
KH-01457,27,Male,Other Provinces,Monk/Retired,1,1,25.5,None,80.0,83.5,0,2.1,2024-07-30
KH-01458,29,Female,Preah Sihanouk,Garment Worker,0,1,19.2,None,247.0,95.0,0,1.24,2024-10-31
KH-01459,28,Male,Kampong Cham,Moto/Tuk-tuk Driver,0,1,23.2,None,194.0,88.4,0,1.75,2024-11-25
KH-01460,30,Male,Other Provinces,Moto/Tuk-tuk Driver,0,1,20.2,TB,171.0,88.4,0,2.19,2024-10-11
KH-01461,32,Female,Other Provinces,Market Vendor,0,0,32.5,None,159.0,71.2,0,1.31,2024-12-26
KH-01462,28,Male,Battambang,Civil Servant,0,1,17.0,None,288.0,95.0,1,1.16,2024-07-23
KH-01463,34,Male,Kandal,Moto/Tuk-tuk Driver,1,0,20.1,None,188.0,88.9,1,2.25,2024-06-17
KH-01464,39,Male,Battambang,Market Vendor,1,1,23.6,None,104.0,83.3,1,1.71,2024-07-04
KH-01465,35,Male,Other Provinces,Moto/Tuk-tuk Driver,0,0,22.9,Hepatitis B,212.0,81.3,0,2.33,2024-03-10
KH-01466,39,Female,Phnom Penh,Market Vendor,1,1,23.4,None,216.0,83.7,0,1.63,2024-04-28
KH-01467,28,Male,Other Provinces,Civil Servant,1,0,16.4,None,328.0,95.0,0,1.54,2024-01-07
KH-01468,34,Female,Kampong Cham,Rice Farmer,0,1,20.6,Diabetes,55.0,92.4,0,1.65,2024-05-22
KH-01469,40,Male,Other Provinces,Civil Servant,0,0,16.0,None,298.0,95.0,0,1.5,2024-06-29
KH-01470,30,Female,Other Provinces,Garment Worker,0,1,18.5,None,174.0,95.0,0,1.26,2024-08-28
KH-01471,38,Female,Phnom Penh,Rice Farmer,0,1,21.5,None,193.0,87.8,0,1.51,2024-08-26
KH-01472,24,Male,Phnom Penh,Construction Worker,0,1,26.6,None,281.0,82.7,0,1.58,2024-03-17
KH-01473,26,Female,Prey Veng,Civil Servant,0,1,24.8,None,258.0,92.9,0,1.04,2024-11-07
KH-01474,41,Female,Kampong Cham,Market Vendor,0,1,23.2,Diabetes,157.0,84.7,1,1.61,2024-05-31
KH-01475,32,Male,Phnom Penh,Moto/Tuk-tuk Driver,0,0,21.4,Hepatitis B,317.0,86.5,0,2.27,2024-07-21
KH-01476,24,Female,Prey Veng,Monk/Retired,0,1,18.7,None,55.0,95.0,0,1.68,2024-10-09
KH-01477,32,Female,Kampong Cham,Garment Worker,0,1,20.2,None,176.0,95.0,0,1.3,2024-03-03
KH-01478,24,Female,Other Provinces,Garment Worker,0,1,19.7,Hepatitis B,207.0,95.0,0,1.48,2024-09-13
KH-01479,26,Male,Other Provinces,Market Vendor,1,0,18.7,None,192.0,95.0,0,1.55,2024-07-26
KH-01480,26,Male,Other Provinces,Rice Farmer,1,0,19.1,None,61.0,95.0,0,1.73,2024-03-14
KH-01481,38,Female,Phnom Penh,Rice Farmer,0,0,20.4,None,181.0,90.1,0,1.61,2024-06-25
KH-01482,27,Female,Other Provinces,Moto/Tuk-tuk Driver,0,0,24.3,TB,210.0,81.8,0,2.15,2024-02-24
KH-01483,33,Female,Phnom Penh,Civil Servant,0,0,23.9,None,484.0,90.0,0,1.28,2024-04-17
KH-01484,37,Male,Other Provinces,Rice Farmer,0,0,25.6,None,69.0,79.8,0,1.67,2024-03-09
KH-01485,40,Female,Phnom Penh,Garment Worker,0,1,18.9,None,281.0,93.2,0,1.46,2024-10-01
KH-01486,21,Female,Kandal,Rice Farmer,0,1,23.2,None,126.0,95.0,0,1.17,2024-07-16
KH-01487,26,Female,Other Provinces,Market Vendor,0,1,27.9,None,154.0,85.0,0,1.09,2024-06-21
KH-01488,36,Female,Kampong Cham,Garment Worker,0,0,21.4,None,164.0,90.7,1,1.48,2024-08-17
KH-01489,38,Female,Siem Reap,Garment Worker,0,0,26.6,COPD/Asthma,266.0,78.3,0,1.74,2024-11-11
KH-01490,35,Female,Other Provinces,Market Vendor,0,0,16.0,None,93.0,95.0,0,1.37,2024-07-31
KH-01491,27,Male,Other Provinces,Rice Farmer,0,0,24.6,Hypertension; Arthritis,121.0,88.7,0,1.91,2024-01-07
KH-01492,31,Male,Other Provinces,Civil Servant,0,0,22.0,None,281.0,95.0,0,1.32,2024-01-25
KH-01493,28,Male,Other Provinces,Civil Servant,1,1,25.1,Hepatitis B,305.0,85.9,0,1.78,2024-02-10
KH-01494,24,Female,Other Provinces,Garment Worker,0,0,22.4,None,174.0,95.0,0,1.24,2024-09-09
KH-01495,49,Female,Kampong Cham,Garment Worker,0,0,25.7,None,189.0,72.7,0,1.74,2024-09-29
KH-01496,34,Male,Phnom Penh,Civil Servant,0,1,22.6,None,478.0,92.1,0,1.28,2024-12-03
KH-01497,26,Male,Kandal,Moto/Tuk-tuk Driver,0,1,25.5,None,226.0,84.9,0,1.71,2024-10-30
KH-01498,24,Female,Phnom Penh,Market Vendor,0,1,18.1,Hepatitis B,225.0,95.0,0,1.39,2024-12-13
KH-01499,34,Female,Other Provinces,Rice Farmer,0,0,17.2,Heart Disease,88.0,95.0,0,1.75,2024-05-16
KH-01500,30,Male,Other Provinces,Moto/Tuk-tuk Driver,1,0,24.0,None,178.0,83.4,0,2.17,2024-10-04
KH-01501,36,Female,Siem Reap,Garment Worker,0,1,19.1,None,242.0,95.0,1,1.38,2024-04-25
KH-01502,45,Male,Kandal,Rice Farmer,0,0,18.3,None,94.0,89.8,1,1.83,2024-04-30
KH-01503,36,Female,Other Provinces,Rice Farmer,0,0,19.8,None,90.0,92.8,0,1.57,2024-04-09
KH-01504,41,Female,Kampong Cham,Moto/Tuk-tuk Driver,0,0,22.8,None,147.0,80.4,0,2.03,2024-07-20
KH-01505,23,Female,Other Provinces,Rice Farmer,0,1,21.6,None,118.0,95.0,0,1.21,2024-09-04
KH-01506,48,Female,Kampong Cham,Garment Worker,0,1,22.5,None,220.0,80.1,1,1.62,2024-04-20
KH-01507,34,Male,Other Provinces,Civil Servant,1,1,22.7,Hepatitis B,271.0,86.9,0,1.9,2024-12-05
KH-01508,48,Female,Kandal,Rice Farmer,0,0,31.9,None,101.0,58.9,1,1.81,2024-02-06
KH-01509,29,Male,Other Provinces,Monk/Retired,0,0,19.4,None,125.0,95.0,0,1.96,2024-02-16
KH-01510,41,Female,Other Provinces,Rice Farmer,0,1,23.8,None,84.0,80.9,0,1.57,2024-06-07
KH-01511,46,Male,Phnom Penh,Market Vendor,0,0,19.8,None,196.0,88.5,1,1.67,2024-11-29
KH-01512,45,Female,Other Provinces,Construction Worker,0,1,25.7,Hypertension; Arthritis,147.0,70.2,0,2.36,2024-10-30
KH-01513,29,Female,Other Provinces,Garment Worker,1,1,19.6,None,172.0,95.0,0,1.52,2024-08-14
KH-01514,32,Male,Kampong Cham,Construction Worker,1,1,25.1,None,154.0,78.4,1,2.02,2024-04-25
KH-01515,46,Male,Battambang,Rice Farmer,1,0,18.0,None,77.0,87.7,0,2.13,2024-11-28
KH-01516,21,Female,Preah Sihanouk,Garment Worker,0,0,20.6,None,229.0,95.0,0,1.18,2024-07-29
KH-01517,36,Male,Other Provinces,Rice Farmer,0,1,21.3,None,98.0,89.6,0,1.55,2024-07-16
KH-01518,40,Female,Other Provinces,Market Vendor,0,1,21.8,None,179.0,88.4,0,1.37,2024-11-27
KH-01519,32,Female,Prey Veng,Rice Farmer,0,1,20.3,TB,152.0,89.4,0,1.79,2024-11-11
KH-01520,32,Female,Other Provinces,Market Vendor,0,1,20.5,None,150.0,95.0,0,1.21,2024-05-02
KH-01521,44,Male,Other Provinces,Construction Worker,0,1,24.1,None,169.0,74.3,0,1.98,2024-12-02
KH-01522,65,Female,Other Provinces,Garment Worker,0,0,26.5,Diabetes,152.0,60.0,0,2.28,2024-11-24
KH-01523,25,Female,Siem Reap,Rice Farmer,0,1,22.2,Diabetes,125.0,95.0,0,1.47,2024-03-31
KH-01524,28,Female,Phnom Penh,Civil Servant,0,0,25.3,None,501.0,90.5,0,1.18,2024-09-21
KH-01525,24,Male,Kandal,Market Vendor,0,1,17.3,None,164.0,95.0,0,1.13,2024-11-14
KH-01526,31,Male,Other Provinces,Moto/Tuk-tuk Driver,0,0,24.5,Hepatitis B,151.0,80.6,0,2.25,2024-11-02
KH-01527,26,Female,Phnom Penh,Civil Servant,0,1,23.9,None,468.0,94.8,0,1.04,2024-03-27
KH-01528,28,Female,Kampong Cham,Civil Servant,0,1,20.1,None,271.0,95.0,0,1.08,2024-03-23
KH-01529,42,Male,Other Provinces,Moto/Tuk-tuk Driver,1,0,20.4,None,173.0,82.8,0,2.41,2024-02-26
KH-01530,26,Male,Other Provinces,Moto/Tuk-tuk Driver,0,0,20.3,Hepatitis B,163.0,92.9,0,2.15,2024-02-21
KH-01531,26,Female,Other Provinces,Moto/Tuk-tuk Driver,0,0,21.2,COPD/Asthma,195.0,94.0,0,1.95,2024-07-12
KH-01532,30,Female,Phnom Penh,Market Vendor,0,0,23.4,None,210.0,91.8,1,1.27,2024-07-26
KH-01533,33,Male,Kandal,Moto/Tuk-tuk Driver,0,0,22.6,Arthritis,218.0,86.3,0,2.17,2024-02-13
KH-01534,28,Female,Preah Sihanouk,Garment Worker,1,1,22.0,None,270.0,92.9,0,1.5,2024-03-25
KH-01535,33,Female,Other Provinces,Market Vendor,0,0,22.6,None,102.0,91.5,0,1.33,2024-07-19
KH-01536,31,Female,Other Provinces,Market Vendor,0,0,21.7,None,118.0,94.8,0,1.29,2024-10-14
KH-01537,34,Male,Other Provinces,Construction Worker,0,1,20.2,None,204.0,89.4,0,1.78,2024-08-23
KH-01538,37,Male,Battambang,Rice Farmer,1,1,19.1,Hepatitis B,147.0,88.6,1,2.19,2024-10-21
KH-01539,25,Male,Other Provinces,Rice Farmer,0,1,20.8,None,124.0,95.0,0,1.33,2024-05-28
KH-01540,33,Male,Phnom Penh,Moto/Tuk-tuk Driver,0,0,24.1,Hypertension,281.0,83.1,0,2.17,2024-05-28
KH-01541,37,Female,Phnom Penh,Market Vendor,0,1,27.7,Hypertension; COPD/Asthma,192.0,77.9,0,1.75,2024-04-22
KH-01542,33,Female,Kandal,Garment Worker,1,1,22.9,TB,199.0,82.5,0,2.0,2024-09-16
KH-01543,34,Male,Kampong Cham,Monk/Retired,1,0,27.3,Arthritis,67.0,74.9,0,2.56,2024-07-10
KH-01544,35,Male,Other Provinces,Rice Farmer,1,0,23.7,Hepatitis B,99.0,80.2,0,2.25,2024-03-13
KH-01545,31,Male,Other Provinces,Rice Farmer,0,0,20.5,None,83.0,94.7,0,1.55,2024-02-10
KH-01546,37,Male,Other Provinces,Market Vendor,0,0,24.4,None,146.0,84.9,0,1.49,2024-11-28
KH-01547,37,Female,Other Provinces,Garment Worker,0,0,20.6,None,159.0,91.7,1,1.5,2024-03-03
KH-01548,34,Female,Kampong Cham,Garment Worker,1,0,16.9,None,146.0,95.0,0,1.72,2024-09-03
KH-01549,48,Male,Kampong Cham,Construction Worker,1,0,27.0,TB,218.0,58.4,0,2.84,2024-03-17
KH-01550,39,Female,Other Provinces,Garment Worker,0,0,16.0,None,155.0,95.0,0,1.54,2024-01-20
KH-01551,38,Male,Other Provinces,Rice Farmer,1,0,22.8,None,97.0,83.0,0,1.97,2024-09-05
KH-01552,28,Female,Kampong Cham,Garment Worker,0,0,20.1,Hepatitis B,166.0,95.0,1,1.66,2024-09-20
KH-01553,33,Female,Battambang,Civil Servant,0,0,21.8,None,332.0,94.5,0,1.28,2024-04-25
KH-01554,31,Male,Other Provinces,Construction Worker,1,0,23.3,Hypertension,210.0,82.9,0,2.32,2024-04-28
KH-01555,54,Male,Kampong Cham,Civil Servant,0,1,25.4,None,284.0,72.5,0,1.68,2024-01-19
KH-01556,31,Female,Other Provinces,Garment Worker,0,1,26.3,None,202.0,83.7,0,1.28,2024-08-10
KH-01557,46,Male,Other Provinces,Rice Farmer,1,0,24.7,None,93.0,73.5,0,2.13,2024-09-08
KH-01558,19,Male,Other Provinces,Rice Farmer,1,0,23.1,None,81.0,95.0,1,1.59,2024-10-31
KH-01559,33,Male,Other Provinces,Garment Worker,0,0,19.8,None,218.0,95.0,0,1.5,2024-10-15
KH-01560,21,Female,Other Provinces,Rice Farmer,0,0,24.2,Hypertension,131.0,93.7,0,1.49,2024-06-06
KH-01561,38,Male,Battambang,Monk/Retired,0,1,21.2,None,68.0,87.1,0,2.04,2024-12-02
KH-01562,40,Female,Other Provinces,Civil Servant,1,0,22.8,None,330.0,85.6,0,1.7,2024-01-23
KH-01563,45,Male,Kampong Cham,Moto/Tuk-tuk Driver,0,0,19.6,Hypertension,205.0,84.4,0,2.41,2024-03-07
KH-01564,22,Male,Other Provinces,Construction Worker,1,1,20.7,None,224.0,94.5,0,1.82,2024-04-05
KH-01565,23,Female,Phnom Penh,Rice Farmer,0,0,17.6,Hypertension,142.0,95.0,0,1.53,2024-06-22
KH-01566,26,Female,Siem Reap,Rice Farmer,1,1,24.1,TB,160.0,83.5,0,1.95,2024-02-18
KH-01567,30,Female,Siem Reap,Rice Farmer,0,0,18.9,None,158.0,95.0,1,1.45,2024-05-14
KH-01568,33,Male,Other Provinces,Construction Worker,1,0,21.1,None,152.0,86.2,0,2.14,2024-02-07
KH-01569,22,Female,Phnom Penh,Garment Worker,0,1,18.1,None,275.0,95.0,0,1.1,2024-06-21
KH-01570,49,Male,Phnom Penh,Market Vendor,0,1,25.3,None,176.0,74.8,0,1.63,2024-01-04
KH-01571,35,Male,Battambang,Garment Worker,0,1,22.5,None,187.0,89.0,0,1.44,2024-09-14
KH-01572,26,Female,Kandal,Garment Worker,0,0,20.4,None,211.0,95.0,0,1.28,2024-01-17
KH-01573,19,Male,Phnom Penh,Rice Farmer,1,1,21.3,None,112.0,95.0,0,1.49,2024-07-19
KH-01574,30,Female,Prey Veng,Rice Farmer,1,0,23.5,None,152.0,87.0,0,1.73,2024-11-23
KH-01575,24,Female,Other Provinces,Garment Worker,0,1,19.7,None,194.0,95.0,1,1.14,2024-09-10
KH-01576,41,Female,Phnom Penh,Rice Farmer,0,1,25.5,Hypertension,169.0,77.3,0,1.79,2024-03-16
KH-01577,31,Female,Kampong Cham,Rice Farmer,0,0,23.5,None,149.0,88.3,0,1.47,2024-01-28
KH-01578,65,Female,Other Provinces,Civil Servant,0,0,23.8,None,299.0,68.3,0,1.92,2024-02-05
KH-01579,26,Male,Other Provinces,Monk/Retired,0,0,24.0,None,55.0,89.4,0,1.9,2024-12-23
KH-01580,40,Female,Other Provinces,Market Vendor,0,1,20.5,None,152.0,91.1,1,1.37,2024-04-20
KH-01581,30,Male,Kampong Cham,Construction Worker,0,1,23.2,Hepatitis B,136.0,82.8,0,2.04,2024-09-26
KH-01582,43,Female,Other Provinces,Rice Farmer,0,0,24.0,TB,89.0,74.1,1,2.11,2024-10-12
KH-01583,37,Female,Kampong Cham,Civil Servant,0,1,27.0,None,334.0,80.7,1,1.26,2024-05-05
KH-01584,24,Male,Other Provinces,Moto/Tuk-tuk Driver,1,1,24.4,None,212.0,86.6,0,1.95,2024-09-05
KH-01585,26,Female,Battambang,Civil Servant,0,1,18.1,None,272.0,95.0,1,1.04,2024-01-03
KH-01586,52,Female,Other Provinces,Moto/Tuk-tuk Driver,0,0,20.4,None,168.0,77.9,0,2.25,2024-12-14
KH-01587,30,Female,Other Provinces,Garment Worker,0,0,24.5,None,186.0,88.2,0,1.36,2024-09-18
KH-01588,32,Female,Other Provinces,Rice Farmer,0,1,18.5,None,77.0,95.0,0,1.39,2024-04-16
KH-01589,47,Male,Other Provinces,Rice Farmer,1,0,22.6,Hypertension,55.0,77.3,0,2.37,2024-05-16
KH-01590,22,Male,Kandal,Rice Farmer,0,0,23.9,Diabetes,143.0,93.6,0,1.59,2024-05-17
KH-01591,26,Female,Other Provinces,Garment Worker,0,0,21.4,None,156.0,95.0,0,1.28,2024-07-22
KH-01592,58,Male,Battambang,Construction Worker,0,0,27.2,TB,221.0,53.1,0,2.76,2024-08-29
KH-01593,29,Female,Other Provinces,Rice Farmer,0,0,16.0,None,100.0,95.0,0,1.43,2024-03-03
KH-01594,26,Male,Battambang,Rice Farmer,0,0,19.4,Hepatitis B,93.0,95.0,0,1.79,2024-05-01
KH-01595,28,Female,Other Provinces,Monk/Retired,0,1,21.7,COPD/Asthma,55.0,92.9,0,1.98,2024-05-10
KH-01596,27,Female,Kampong Cham,Garment Worker,0,0,21.3,Hepatitis B,154.0,94.0,0,1.64,2024-03-26
KH-01597,22,Male,Other Provinces,Market Vendor,0,1,17.9,None,176.0,95.0,1,1.09,2024-03-01
KH-01598,27,Female,Phnom Penh,Rice Farmer,0,0,24.3,None,140.0,89.4,0,1.39,2024-02-08
KH-01599,21,Female,Kampong Cham,Garment Worker,0,1,24.2,Hypertension,165.0,95.0,0,1.3,2024-01-17
KH-01600,34,Male,Kampong Cham,Construction Worker,1,1,22.0,None,184.0,83.6,0,2.06,2024-12-23
KH-01601,27,Male,Other Provinces,Monk/Retired,0,0,18.9,Hepatitis B,74.0,95.0,0,2.26,2024-12-13
KH-01602,44,Female,Battambang,Garment Worker,0,1,24.4,None,171.0,78.8,0,1.54,2024-04-07
KH-01603,30,Male,Siem Reap,Monk/Retired,1,0,24.0,None,72.0,84.7,0,2.26,2024-12-11
KH-01604,37,Female,Phnom Penh,Rice Farmer,1,0,27.6,None,161.0,73.5,0,1.87,2024-08-12
KH-01605,25,Male,Other Provinces,Moto/Tuk-tuk Driver,0,0,23.7,Hypertension; TB,187.0,84.4,0,2.41,2024-07-14
KH-01606,25,Male,Other Provinces,Construction Worker,0,1,18.4,None,174.0,95.0,0,1.6,2024-11-14
KH-01607,43,Male,Other Provinces,Moto/Tuk-tuk Driver,1,1,26.3,None,218.0,69.6,0,2.33,2024-05-12
KH-01608,32,Male,Siem Reap,Rice Farmer,1,0,25.0,None,85.0,82.5,0,1.85,2024-10-09
KH-01609,24,Female,Other Provinces,Rice Farmer,0,0,19.4,None,80.0,95.0,0,1.33,2024-02-10
KH-01610,48,Female,Other Provinces,Rice Farmer,1,0,22.5,Hepatitis B,98.0,73.8,0,2.43,2024-06-13
KH-01611,31,Female,Other Provinces,Rice Farmer,0,0,19.3,None,154.0,95.0,0,1.47,2024-08-22
KH-01612,33,Male,Other Provinces,Construction Worker,0,0,24.6,None,194.0,80.7,1,1.86,2024-10-30
KH-01613,31,Male,Kampong Cham,Moto/Tuk-tuk Driver,1,0,22.5,Diabetes; COPD/Asthma,185.0,85.9,0,2.63,2024-11-20
KH-01614,25,Male,Other Provinces,Rice Farmer,0,0,19.3,None,63.0,95.0,0,1.43,2024-09-16
KH-01615,28,Male,Other Provinces,Moto/Tuk-tuk Driver,0,1,17.7,None,161.0,95.0,0,1.75,2024-08-20
KH-01616,21,Male,Battambang,Moto/Tuk-tuk Driver,0,1,24.4,Heart Disease; Hepatitis B,154.0,87.7,0,2.17,2024-09-27
KH-01617,37,Male,Other Provinces,Rice Farmer,0,0,25.9,None,82.0,79.1,0,1.67,2024-11-16
KH-01618,37,Male,Phnom Penh,Moto/Tuk-tuk Driver,1,0,23.9,None,267.0,78.8,1,2.31,2024-03-26
KH-01619,38,Female,Other Provinces,Rice Farmer,1,0,26.2,None,82.0,75.8,0,1.89,2024-05-25
KH-01620,34,Female,Other Provinces,Rice Farmer,0,0,18.9,None,128.0,95.0,0,1.53,2024-12-25
KH-01621,29,Female,Phnom Penh,Rice Farmer,0,1,24.0,None,168.0,88.6,1,1.33,2024-11-14
KH-01622,28,Male,Other Provinces,Rice Farmer,0,1,22.4,COPD/Asthma,87.0,92.7,0,1.61,2024-12-05
KH-01623,33,Female,Kandal,Rice Farmer,0,0,25.2,None,133.0,83.4,0,1.51,2024-12-17
KH-01624,29,Male,Phnom Penh,Moto/Tuk-tuk Driver,1,1,24.3,None,247.0,83.4,0,2.05,2024-11-18
KH-01625,25,Female,Battambang,Garment Worker,0,0,22.6,None,136.0,95.0,1,1.26,2024-02-09
KH-01626,32,Female,Other Provinces,Rice Farmer,0,0,23.0,None,92.0,88.7,0,1.49,2024-12-15
KH-01627,35,Male,Phnom Penh,Civil Servant,1,1,21.3,Diabetes,491.0,92.2,0,1.8,2024-02-03
KH-01628,25,Male,Other Provinces,Rice Farmer,0,0,16.8,None,156.0,95.0,0,1.43,2024-01-13
KH-01629,34,Male,Other Provinces,Rice Farmer,0,0,22.6,Diabetes,150.0,88.2,0,1.83,2024-11-21
KH-01630,25,Male,Other Provinces,Construction Worker,0,0,22.3,None,201.0,91.1,0,1.7,2024-02-01
KH-01631,23,Male,Other Provinces,Monk/Retired,1,1,19.7,None,81.0,95.0,0,2.02,2024-05-01
KH-01632,30,Female,Siem Reap,Garment Worker,0,1,16.0,TB,280.0,95.0,0,1.66,2024-03-19
KH-01633,41,Male,Other Provinces,Moto/Tuk-tuk Driver,0,1,24.4,None,192.0,77.0,0,2.01,2024-06-18
KH-01634,32,Female,Phnom Penh,Market Vendor,0,1,21.4,None,226.0,94.7,0,1.21,2024-07-03
KH-01635,57,Male,Other Provinces,Rice Farmer,1,1,17.5,None,100.0,81.3,0,2.25,2024-10-13
KH-01636,46,Male,Other Provinces,Moto/Tuk-tuk Driver,0,0,23.0,None,163.0,76.5,0,2.21,2024-08-24
KH-01637,33,Female,Other Provinces,Rice Farmer,0,0,25.9,None,91.0,81.9,0,1.51,2024-09-15
KH-01638,42,Female,Prey Veng,Market Vendor,0,0,22.9,Hepatitis B,81.0,81.7,0,1.85,2024-09-22
KH-01639,44,Male,Kampong Cham,Construction Worker,1,0,24.8,None,191.0,70.8,0,2.36,2024-04-11
KH-01640,37,Male,Other Provinces,Construction Worker,1,0,18.1,Heart Disease,230.0,89.8,0,2.44,2024-04-09
KH-01641,29,Male,Siem Reap,Market Vendor,0,1,25.0,Heart Disease,189.0,89.1,0,1.45,2024-07-11
KH-01642,34,Female,Other Provinces,Market Vendor,0,1,21.6,None,83.0,92.9,0,1.25,2024-05-16
KH-01643,30,Male,Other Provinces,Moto/Tuk-tuk Driver,0,0,20.7,None,172.0,92.4,0,1.89,2024-04-26
KH-01644,44,Male,Phnom Penh,Rice Farmer,0,1,20.5,Hypertension; Diabetes,158.0,85.8,0,2.15,2024-12-24
KH-01645,36,Female,Other Provinces,Rice Farmer,0,0,17.9,None,64.0,95.0,0,1.57,2024-03-12
KH-01646,45,Female,Siem Reap,Rice Farmer,0,0,19.2,None,161.0,87.9,0,1.75,2024-11-16
KH-01647,38,Female,Other Provinces,Rice Farmer,0,0,21.9,None,94.0,86.9,0,1.61,2024-07-13
KH-01648,34,Female,Other Provinces,Moto/Tuk-tuk Driver,0,0,26.8,None,159.0,76.7,0,1.89,2024-06-25
KH-01649,35,Female,Kampong Cham,Garment Worker,0,0,23.8,None,185.0,86.3,0,1.46,2024-12-19
KH-01650,24,Female,Siem Reap,Rice Farmer,1,0,23.8,None,155.0,90.5,0,1.61,2024-09-12
KH-01651,28,Male,Battambang,Moto/Tuk-tuk Driver,0,0,21.7,TB,187.0,86.6,0,2.25,2024-09-24
KH-01652,24,Female,Other Provinces,Market Vendor,0,0,24.0,None,124.0,94.7,0,1.15,2024-05-02
KH-01653,31,Male,Kandal,Monk/Retired,1,0,27.0,None,110.0,77.6,0,2.28,2024-11-21
KH-01654,31,Female,Battambang,Civil Servant,0,0,19.9,None,256.0,95.0,0,1.24,2024-01-22
KH-01655,48,Female,Prey Veng,Rice Farmer,0,0,23.7,COPD/Asthma,135.0,76.3,1,2.03,2024-10-04
KH-01656,29,Female,Other Provinces,Moto/Tuk-tuk Driver,0,0,20.8,Diabetes; COPD/Asthma; Hepatitis B,176.0,89.8,0,2.57,2024-05-30
KH-01657,19,Female,Kampong Cham,Market Vendor,0,1,18.1,None,142.0,95.0,0,0.95,2024-08-18
KH-01658,37,Male,Kampong Cham,Rice Farmer,1,0,23.7,Arthritis,106.0,81.8,0,2.17,2024-12-08
KH-01659,26,Female,Other Provinces,Garment Worker,0,1,22.1,None,175.0,95.0,0,1.18,2024-04-12
KH-01660,38,Male,Phnom Penh,Moto/Tuk-tuk Driver,0,0,21.6,None,273.0,85.0,0,2.05,2024-01-22
KH-01661,24,Female,Other Provinces,Civil Servant,0,1,16.0,None,296.0,95.0,0,1.0,2024-02-18
KH-01662,64,Male,Other Provinces,Rice Farmer,0,0,22.5,None,76.0,67.9,0,2.21,2024-11-07
KH-01663,27,Male,Other Provinces,Construction Worker,0,1,24.7,Arthritis,187.0,84.6,0,1.86,2024-11-10
KH-01664,30,Female,Other Provinces,Garment Worker,0,0,22.6,None,170.0,92.2,0,1.36,2024-07-16
KH-01665,32,Female,Kandal,Garment Worker,0,0,19.8,None,226.0,95.0,0,1.4,2024-12-02
KH-01666,47,Male,Prey Veng,Civil Servant,1,0,24.0,None,276.0,78.2,0,1.92,2024-11-10
KH-01667,29,Male,Phnom Penh,Rice Farmer,1,0,21.2,Arthritis,182.0,92.6,0,2.01,2024-05-19
KH-01668,42,Male,Kandal,Construction Worker,0,1,24.9,None,219.0,73.9,0,1.94,2024-08-15
KH-01669,23,Female,Other Provinces,Garment Worker,0,0,20.6,None,172.0,95.0,0,1.22,2024-02-10
KH-01670,25,Female,Prey Veng,Garment Worker,0,0,23.6,Diabetes; Hepatitis B,131.0,90.5,0,1.82,2024-12-10
KH-01671,31,Male,Phnom Penh,Construction Worker,1,1,26.2,None,263.0,76.7,0,2.0,2024-01-06
KH-01672,34,Male,Phnom Penh,Rice Farmer,1,0,29.6,None,135.0,71.4,1,1.89,2024-09-01
KH-01673,34,Male,Kandal,Rice Farmer,0,0,23.9,None,90.0,85.4,0,1.61,2024-07-17
KH-01674,40,Female,Other Provinces,Garment Worker,0,0,22.3,TB,213.0,81.0,0,1.96,2024-11-30
KH-01675,37,Male,Kampong Cham,Moto/Tuk-tuk Driver,0,0,16.0,None,176.0,95.0,0,2.03,2024-03-30
KH-01676,43,Female,Other Provinces,Garment Worker,0,1,18.6,None,172.0,91.8,1,1.52,2024-08-31
KH-01677,31,Female,Kampong Cham,Garment Worker,0,1,24.6,None,226.0,87.3,0,1.28,2024-04-13
KH-01678,48,Male,Other Provinces,Rice Farmer,1,0,22.6,Heart Disease,96.0,76.6,0,2.39,2024-12-21
KH-01679,35,Male,Other Provinces,Civil Servant,1,0,22.3,Diabetes; Hepatitis B,273.0,87.0,1,2.24,2024-02-16
KH-01680,34,Male,Other Provinces,Garment Worker,0,0,24.4,None,142.0,85.7,1,1.52,2024-08-07
KH-01681,26,Female,Preah Sihanouk,Rice Farmer,0,1,18.7,None,142.0,95.0,0,1.27,2024-08-13
KH-01682,48,Male,Other Provinces,Civil Servant,1,0,27.7,None,309.0,69.7,0,1.94,2024-10-05
KH-01683,38,Female,Other Provinces,Rice Farmer,0,0,22.6,None,80.0,85.5,0,1.61,2024-08-29
KH-01684,32,Male,Kandal,Monk/Retired,1,1,18.3,None,59.0,95.0,1,2.2,2024-01-07
KH-01685,26,Male,Phnom Penh,Construction Worker,0,1,24.0,Diabetes,258.0,86.8,0,1.84,2024-12-28
KH-01686,33,Female,Other Provinces,Rice Farmer,0,1,25.2,None,138.0,83.4,0,1.41,2024-09-24
KH-01687,23,Female,Other Provinces,Garment Worker,0,0,24.9,None,164.0,92.1,0,1.22,2024-02-13
KH-01688,24,Male,Kampong Cham,Monk/Retired,1,0,20.0,None,55.0,95.0,0,2.14,2024-08-17
KH-01689,35,Female,Other Provinces,Civil Servant,0,0,21.2,None,284.0,94.4,0,1.32,2024-12-13
KH-01690,33,Male,Other Provinces,Moto/Tuk-tuk Driver,1,0,20.8,None,203.0,88.1,0,2.23,2024-06-28
KH-01691,35,Female,Preah Sihanouk,Garment Worker,0,0,19.7,None,198.0,95.0,1,1.46,2024-12-07
KH-01692,51,Female,Other Provinces,Garment Worker,0,0,29.7,Hypertension,166.0,62.8,0,2.0,2024-03-11
KH-01693,65,Male,Other Provinces,Rice Farmer,1,1,18.4,None,125.0,73.9,0,2.41,2024-08-20
KH-01694,39,Female,Phnom Penh,Rice Farmer,0,0,19.6,Hypertension,137.0,91.1,0,1.85,2024-08-27
KH-01695,38,Female,Kampong Cham,Rice Farmer,0,0,21.0,Heart Disease,86.0,88.8,0,1.83,2024-04-09
KH-01696,31,Male,Siem Reap,Market Vendor,1,0,21.7,None,189.0,92.8,0,1.65,2024-02-10
KH-01697,45,Male,Preah Sihanouk,Moto/Tuk-tuk Driver,0,1,24.4,None,245.0,74.3,1,2.09,2024-09-17
KH-01698,43,Male,Kandal,Rice Farmer,0,1,22.0,None,148.0,83.3,1,1.69,2024-02-04
KH-01699,27,Female,Siem Reap,Moto/Tuk-tuk Driver,0,0,18.5,None,230.0,95.0,0,1.75,2024-02-06
KH-01700,32,Female,Other Provinces,Market Vendor,0,0,23.0,None,144.0,91.3,1,1.31,2024-02-28
KH-01701,40,Female,Other Provinces,Monk/Retired,0,1,20.5,None,137.0,87.2,0,2.0,2024-12-28
KH-01702,54,Male,Siem Reap,Construction Worker,0,0,24.3,None,292.0,67.0,0,2.28,2024-02-10
KH-01703,24,Female,Battambang,Market Vendor,0,0,20.4,Hypertension,163.0,95.0,0,1.37,2024-12-13
KH-01704,30,Female,Prey Veng,Garment Worker,0,0,21.0,None,167.0,95.0,0,1.36,2024-10-05
KH-01705,36,Female,Kandal,Rice Farmer,0,0,25.9,None,55.0,79.8,0,1.57,2024-11-16
KH-01706,28,Female,Phnom Penh,Market Vendor,0,0,22.6,None,220.0,94.9,0,1.23,2024-10-20
KH-01707,25,Female,Other Provinces,Garment Worker,0,1,19.4,None,190.0,95.0,0,1.16,2024-09-08
KH-01708,37,Female,Other Provinces,Rice Farmer,0,0,24.4,None,109.0,82.3,0,1.59,2024-06-18
KH-01709,28,Male,Phnom Penh,Construction Worker,1,0,24.2,Heart Disease,296.0,83.0,0,2.26,2024-09-07
KH-01710,40,Male,Other Provinces,Construction Worker,0,0,19.2,None,141.0,87.4,1,2.0,2024-02-06
KH-01711,33,Female,Phnom Penh,Garment Worker,0,0,21.0,None,262.0,93.6,1,1.42,2024-02-06
KH-01712,38,Female,Other Provinces,Garment Worker,0,1,20.8,None,181.0,90.6,0,1.42,2024-12-29
KH-01713,39,Male,Kandal,Monk/Retired,0,1,25.2,Hypertension,96.0,78.0,1,2.28,2024-09-22
KH-01714,36,Male,Preah Sihanouk,Market Vendor,0,0,24.2,Hypertension,154.0,86.0,0,1.69,2024-06-23
KH-01715,38,Male,Other Provinces,Civil Servant,0,0,17.1,Diabetes,281.0,95.0,0,1.68,2024-09-06
KH-01716,43,Female,Kampong Cham,Moto/Tuk-tuk Driver,0,0,23.8,None,174.0,76.9,0,2.07,2024-08-10
KH-01717,36,Male,Battambang,Garment Worker,0,0,22.2,COPD/Asthma,140.0,89.0,0,1.78,2024-03-05
KH-01718,35,Female,Kampong Cham,Civil Servant,0,0,17.9,None,248.0,95.0,0,1.32,2024-08-27
KH-01719,22,Male,Phnom Penh,Monk/Retired,0,1,25.2,None,148.0,89.6,0,1.72,2024-02-25
KH-01720,34,Male,Phnom Penh,Rice Farmer,0,1,23.4,None,188.0,86.5,0,1.51,2024-11-22
KH-01721,28,Female,Kandal,Rice Farmer,0,0,22.1,Hypertension; Diabetes,117.0,93.4,0,1.85,2024-02-25
KH-01722,30,Female,Other Provinces,Rice Farmer,0,1,22.4,None,91.0,91.4,0,1.35,2024-11-29
KH-01723,45,Female,Phnom Penh,Rice Farmer,0,0,25.5,Heart Disease,161.0,74.5,0,1.97,2024-03-08
KH-01724,22,Female,Other Provinces,Market Vendor,0,1,20.2,Heart Disease,130.0,95.0,0,1.23,2024-08-10
KH-01725,27,Female,Battambang,Civil Servant,0,0,19.6,None,357.0,95.0,0,1.16,2024-04-30
KH-01726,25,Male,Prey Veng,Rice Farmer,0,0,17.5,None,98.0,95.0,0,1.43,2024-10-30
KH-01727,36,Male,Other Provinces,Civil Servant,0,1,21.8,None,313.0,92.4,0,1.32,2024-11-28
KH-01728,49,Male,Other Provinces,Moto/Tuk-tuk Driver,1,0,24.8,None,184.0,68.7,1,2.55,2024-09-20
KH-01729,24,Male,Other Provinces,Rice Farmer,0,0,22.0,None,105.0,95.0,0,1.41,2024-03-06
KH-01730,57,Female,Other Provinces,Rice Farmer,0,0,23.2,None,92.0,71.2,0,1.99,2024-07-05
KH-01731,29,Male,Preah Sihanouk,Moto/Tuk-tuk Driver,1,1,19.8,None,190.0,92.9,0,2.05,2024-03-03
KH-01732,24,Male,Kandal,Construction Worker,0,0,19.9,Hepatitis B,197.0,93.9,0,2.02,2024-05-19
KH-01733,36,Female,Other Provinces,Construction Worker,0,0,21.7,None,197.0,84.8,0,1.84,2024-07-19
KH-01734,35,Male,Other Provinces,Garment Worker,0,0,20.1,None,227.0,94.1,0,1.54,2024-08-22
KH-01735,26,Female,Preah Sihanouk,Civil Servant,0,0,19.6,Arthritis,410.0,95.0,0,1.36,2024-03-21
KH-01736,32,Male,Battambang,Construction Worker,1,1,24.6,Diabetes,171.0,79.4,0,2.24,2024-01-27
KH-01737,30,Female,Other Provinces,Rice Farmer,0,1,22.6,None,92.0,90.9,0,1.35,2024-02-14
KH-01738,45,Female,Kampong Cham,Garment Worker,0,0,20.1,COPD/Asthma,189.0,87.3,0,1.88,2024-02-11
KH-01739,25,Female,Kampong Cham,Rice Farmer,1,0,16.7,None,96.0,95.0,0,1.63,2024-02-25
KH-01740,25,Female,Other Provinces,Market Vendor,0,1,19.1,None,121.0,95.0,1,1.07,2024-09-18
KH-01741,28,Male,Other Provinces,Market Vendor,0,1,24.7,TB,136.0,85.4,0,1.61,2024-12-22
KH-01742,22,Female,Siem Reap,Rice Farmer,0,1,20.7,Hepatitis B,108.0,95.0,0,1.53,2024-04-16
KH-01743,29,Female,Kampong Cham,Market Vendor,0,0,20.9,None,134.0,95.0,0,1.25,2024-12-01
KH-01744,25,Female,Kandal,Civil Servant,0,1,20.8,None,392.0,95.0,0,1.02,2024-08-02
KH-01745,35,Female,Kampong Cham,Civil Servant,0,1,23.8,Hepatitis B,317.0,85.9,0,1.56,2024-05-28
KH-01746,50,Female,Other Provinces,Garment Worker,0,1,16.9,Hypertension,207.0,90.6,0,1.88,2024-12-06
KH-01747,38,Female,Kampong Cham,Market Vendor,0,1,19.9,None,132.0,93.8,0,1.33,2024-04-14
KH-01748,34,Female,Phnom Penh,Civil Servant,0,1,20.0,None,523.0,95.0,0,1.2,2024-03-23
KH-01749,34,Male,Kampong Cham,Rice Farmer,1,1,22.5,Hepatitis B,124.0,83.4,1,2.13,2024-01-23
KH-01750,32,Male,Phnom Penh,Rice Farmer,1,0,25.8,None,139.0,80.8,0,1.85,2024-10-12
KH-01751,29,Male,Other Provinces,Monk/Retired,1,0,21.0,None,72.0,91.7,0,2.24,2024-07-17
KH-01752,33,Female,Other Provinces,Civil Servant,0,1,23.3,None,340.0,91.3,0,1.18,2024-10-15
KH-01753,21,Female,Phnom Penh,Market Vendor,0,1,23.8,None,272.0,95.0,0,0.99,2024-07-23
KH-01754,27,Male,Kampong Cham,Monk/Retired,1,1,19.6,None,59.0,95.0,0,2.1,2024-04-17
KH-01755,40,Female,Kandal,Rice Farmer,0,1,19.1,Diabetes,221.0,91.5,0,1.77,2024-11-22
KH-01756,27,Male,Preah Sihanouk,Market Vendor,0,0,25.1,None,207.0,90.3,0,1.29,2024-12-28
KH-01757,51,Female,Prey Veng,Garment Worker,0,0,20.4,None,166.0,82.5,0,1.78,2024-07-10
KH-01758,27,Female,Other Provinces,Garment Worker,0,0,21.3,None,175.0,95.0,0,1.3,2024-12-23
KH-01759,27,Female,Battambang,Rice Farmer,0,1,23.7,None,106.0,90.6,0,1.29,2024-12-11
KH-01760,30,Female,Other Provinces,Garment Worker,0,1,24.8,None,163.0,87.6,0,1.26,2024-04-09
KH-01761,28,Female,Other Provinces,Monk/Retired,0,1,23.0,Hypertension,69.0,90.1,0,1.98,2024-02-23
KH-01762,29,Female,Other Provinces,Civil Servant,0,0,21.9,None,331.0,95.0,0,1.2,2024-06-17
KH-01763,34,Female,Kampong Cham,Garment Worker,0,0,21.0,None,163.0,92.9,0,1.44,2024-05-23
KH-01764,41,Female,Prey Veng,Garment Worker,0,0,17.2,Hypertension,203.0,95.0,0,1.8,2024-08-02
KH-01765,27,Female,Preah Sihanouk,Garment Worker,0,0,25.2,None,264.0,88.8,0,1.3,2024-12-10
KH-01766,33,Male,Kampong Cham,Moto/Tuk-tuk Driver,0,1,23.0,None,205.0,85.4,0,1.85,2024-02-25
KH-01767,33,Male,Phnom Penh,Rice Farmer,0,1,23.5,None,160.0,87.0,0,1.49,2024-05-27
KH-01768,24,Male,Other Provinces,Moto/Tuk-tuk Driver,0,1,25.3,None,194.0,86.7,0,1.67,2024-12-02
KH-01769,25,Male,Kandal,Moto/Tuk-tuk Driver,1,0,18.4,None,155.0,95.0,0,2.07,2024-06-18
KH-01770,34,Male,Battambang,Rice Farmer,1,1,23.0,None,69.0,85.3,0,1.79,2024-11-22
KH-01771,39,Male,Siem Reap,Rice Farmer,0,1,19.7,None,169.0,90.9,0,1.61,2024-06-23
KH-01772,24,Female,Phnom Penh,Garment Worker,1,0,22.5,None,290.0,94.5,0,1.52,2024-08-13
KH-01773,47,Male,Kampong Cham,Rice Farmer,1,0,23.7,Hypertension,99.0,75.0,0,2.37,2024-12-10
KH-01774,39,Male,Other Provinces,Rice Farmer,1,0,19.4,Hepatitis B,153.0,86.6,1,2.33,2024-11-23
KH-01775,42,Male,Other Provinces,Rice Farmer,0,0,17.9,None,95.0,92.7,0,1.77,2024-04-07
KH-01776,27,Female,Phnom Penh,Rice Farmer,0,0,19.1,None,132.0,95.0,0,1.39,2024-07-30
KH-01777,39,Female,Phnom Penh,Garment Worker,0,0,23.0,None,264.0,85.2,0,1.54,2024-07-25
KH-01778,33,Female,Phnom Penh,Rice Farmer,0,0,21.1,None,128.0,92.1,1,1.51,2024-05-07
KH-01779,31,Female,Siem Reap,Garment Worker,0,0,23.0,TB; Hepatitis B,238.0,82.7,0,2.12,2024-11-22
KH-01780,27,Female,Other Provinces,Rice Farmer,0,1,25.6,None,116.0,86.6,1,1.29,2024-01-15
KH-01781,50,Male,Other Provinces,Moto/Tuk-tuk Driver,0,0,22.1,Hepatitis B,100.0,72.7,0,2.63,2024-01-08
KH-01782,35,Male,Prey Veng,Monk/Retired,1,1,17.3,None,59.0,95.0,0,2.26,2024-11-03
KH-01783,62,Male,Other Provinces,Rice Farmer,0,0,26.6,None,75.0,60.6,0,2.17,2024-09-23
KH-01784,28,Male,Other Provinces,Construction Worker,1,0,20.8,None,196.0,90.2,0,2.04,2024-01-28
KH-01785,28,Female,Phnom Penh,Rice Farmer,0,0,25.4,Hypertension,164.0,86.4,0,1.63,2024-05-10
KH-01786,23,Male,Other Provinces,Construction Worker,0,0,20.8,Hepatitis B,248.0,92.6,1,2.0,2024-04-25
KH-01787,26,Female,Battambang,Garment Worker,0,1,21.6,None,216.0,95.0,0,1.18,2024-08-12
KH-01788,27,Male,Kampong Cham,Moto/Tuk-tuk Driver,1,1,20.9,None,166.0,92.0,1,2.01,2024-10-18
KH-01789,30,Male,Other Provinces,Civil Servant,0,1,25.0,None,287.0,89.7,0,1.2,2024-02-24
KH-01790,38,Male,Kandal,Monk/Retired,1,1,24.4,TB,66.0,73.3,0,2.72,2024-01-12
KH-01791,28,Female,Battambang,Garment Worker,0,1,19.2,None,184.0,95.0,0,1.22,2024-09-06
KH-01792,37,Male,Siem Reap,Civil Servant,0,1,21.6,None,357.0,92.2,1,1.34,2024-09-23
KH-01793,36,Male,Kandal,Construction Worker,1,1,25.2,Hypertension,276.0,75.4,0,2.32,2024-08-20
KH-01794,26,Female,Phnom Penh,Rice Farmer,0,1,22.4,None,179.0,94.1,0,1.27,2024-02-03
KH-01795,36,Female,Other Provinces,Garment Worker,0,0,21.4,None,158.0,90.7,0,1.48,2024-04-15
KH-01796,53,Female,Other Provinces,Garment Worker,0,0,27.8,None,175.0,65.5,0,1.82,2024-03-06
KH-01797,23,Male,Other Provinces,Construction Worker,0,1,18.2,None,213.0,95.0,0,1.56,2024-06-04
KH-01798,37,Male,Phnom Penh,Moto/Tuk-tuk Driver,0,1,22.2,None,259.0,84.4,0,1.93,2024-01-01
KH-01799,37,Female,Other Provinces,Garment Worker,0,1,19.2,None,126.0,94.6,1,1.4,2024-07-21
KH-01800,25,Male,Other Provinces,Moto/Tuk-tuk Driver,0,0,23.3,None,175.0,90.3,0,1.79,2024-01-02
KH-01801,32,Male,Other Provinces,Moto/Tuk-tuk Driver,0,0,22.8,Hypertension; Hepatitis B,143.0,83.5,0,2.49,2024-07-04
KH-01802,31,Male,Other Provinces,Market Vendor,0,0,21.6,None,161.0,95.0,0,1.37,2024-06-25
KH-01803,34,Female,Siem Reap,Garment Worker,0,0,22.3,None,217.0,90.1,0,1.44,2024-01-14
KH-01804,35,Female,Siem Reap,Garment Worker,0,0,22.4,None,271.0,89.2,0,1.46,2024-05-14
KH-01805,52,Female,Other Provinces,Garment Worker,0,0,23.1,Hypertension; TB; Hepatitis B,146.0,68.1,0,2.76,2024-12-07
KH-01806,37,Female,Kandal,Rice Farmer,0,1,25.9,None,115.0,79.1,0,1.49,2024-01-22
KH-01807,40,Male,Phnom Penh,Rice Farmer,1,1,22.7,None,144.0,81.9,0,1.91,2024-03-02
KH-01808,33,Female,Other Provinces,Rice Farmer,0,0,19.4,None,92.0,95.0,0,1.51,2024-06-03
KH-01809,38,Female,Siem Reap,Garment Worker,0,0,21.3,COPD/Asthma,234.0,89.5,0,1.74,2024-10-18
KH-01810,39,Female,Kandal,Rice Farmer,0,1,20.2,None,114.0,89.9,0,1.53,2024-11-10
KH-01811,32,Female,Battambang,Garment Worker,0,1,18.3,None,181.0,95.0,0,1.3,2024-12-10
KH-01812,34,Male,Other Provinces,Market Vendor,1,1,26.8,None,130.0,79.9,1,1.61,2024-05-13
KH-01813,36,Female,Other Provinces,Rice Farmer,0,0,21.5,Heart Disease,69.0,89.2,0,1.79,2024-06-02
KH-01814,28,Female,Other Provinces,Rice Farmer,1,1,29.2,COPD/Asthma,116.0,76.3,0,1.81,2024-12-06
KH-01815,34,Female,Other Provinces,Garment Worker,1,0,19.3,None,117.0,94.5,1,1.72,2024-01-22
KH-01816,23,Male,Other Provinces,Construction Worker,1,0,27.5,TB,162.0,74.4,0,2.34,2024-12-29
KH-01817,33,Male,Kandal,Construction Worker,1,0,18.7,None,270.0,91.2,0,2.14,2024-11-21
KH-01818,44,Female,Other Provinces,Market Vendor,1,1,20.4,None,153.0,86.6,0,1.73,2024-08-11
KH-01819,25,Male,Other Provinces,Moto/Tuk-tuk Driver,0,0,17.3,Arthritis,200.0,95.0,1,2.01,2024-05-17
KH-01820,28,Female,Kampong Cham,Garment Worker,0,0,23.9,None,173.0,90.8,0,1.32,2024-07-14
KH-01821,45,Female,Other Provinces,Garment Worker,0,0,19.7,None,161.0,88.1,0,1.66,2024-07-22
KH-01822,26,Female,Kandal,Construction Worker,0,1,16.0,None,188.0,95.0,0,1.54,2024-06-01
KH-01823,21,Female,Other Provinces,Market Vendor,0,1,21.2,None,124.0,95.0,0,0.99,2024-07-23
KH-01824,22,Male,Siem Reap,Civil Servant,0,0,24.5,None,386.0,95.0,0,1.14,2024-07-28
KH-01825,36,Male,Other Provinces,Construction Worker,0,1,23.1,Diabetes,190.0,81.9,0,2.04,2024-10-31
KH-01826,22,Female,Other Provinces,Garment Worker,0,0,21.9,None,151.0,95.0,0,1.2,2024-11-04
KH-01827,25,Female,Other Provinces,Rice Farmer,0,1,19.9,Hypertension,67.0,95.0,0,1.47,2024-12-18
KH-01828,25,Male,Other Provinces,Moto/Tuk-tuk Driver,0,0,19.4,None,201.0,95.0,0,1.79,2024-10-18
KH-01829,34,Male,Kampong Cham,Rice Farmer,0,0,24.9,None,100.0,83.3,0,1.61,2024-12-03
KH-01830,45,Male,Phnom Penh,Construction Worker,1,1,25.4,None,270.0,68.8,0,2.28,2024-02-02
KH-01831,32,Female,Phnom Penh,Garment Worker,0,0,27.4,Arthritis,295.0,80.7,0,1.62,2024-04-24
KH-01832,30,Male,Other Provinces,Civil Servant,1,1,17.9,None,294.0,95.0,0,1.48,2024-03-03
KH-01833,47,Male,Other Provinces,Market Vendor,0,1,18.7,None,158.0,90.2,0,1.59,2024-07-22
KH-01834,55,Male,Other Provinces,Moto/Tuk-tuk Driver,0,0,25.4,Diabetes,180.0,65.3,0,2.61,2024-02-27
KH-01835,34,Male,Kampong Cham,Construction Worker,0,0,24.5,None,207.0,80.3,0,1.88,2024-12-09
KH-01836,31,Male,Phnom Penh,Moto/Tuk-tuk Driver,1,1,19.4,None,223.0,92.4,0,2.09,2024-10-26
KH-01837,20,Male,Siem Reap,Garment Worker,0,0,22.9,TB,234.0,93.4,0,1.64,2024-12-24
KH-01838,23,Female,Preah Sihanouk,Garment Worker,0,0,24.1,None,244.0,93.8,0,1.22,2024-07-23
KH-01839,37,Female,Other Provinces,Construction Worker,0,1,21.8,None,177.0,83.9,0,1.76,2024-05-06
KH-01840,43,Male,Kandal,Monk/Retired,1,0,21.7,None,61.0,80.6,0,2.52,2024-01-29
KH-01841,32,Male,Other Provinces,Rice Farmer,0,1,25.1,None,130.0,84.3,0,1.47,2024-09-12
KH-01842,28,Female,Siem Reap,Moto/Tuk-tuk Driver,0,1,19.0,None,282.0,95.0,0,1.67,2024-02-21
KH-01843,35,Male,Other Provinces,Market Vendor,0,1,23.3,Heart Disease,127.0,88.6,0,1.57,2024-01-11
KH-01844,31,Female,Other Provinces,Garment Worker,0,1,20.5,Diabetes,156.0,95.0,1,1.5,2024-10-13
KH-01845,33,Female,Other Provinces,Market Vendor,0,1,24.7,None,133.0,87.0,1,1.23,2024-02-14
KH-01846,38,Female,Other Provinces,Monk/Retired,0,0,17.7,None,55.0,94.5,0,2.06,2024-12-02
KH-01847,40,Male,Siem Reap,Rice Farmer,0,1,25.1,TB,95.0,73.8,1,2.03,2024-07-26
KH-01848,40,Male,Kandal,Monk/Retired,0,1,24.8,None,119.0,78.1,0,2.08,2024-10-28
KH-01849,33,Male,Kandal,Civil Servant,0,0,23.1,None,375.0,91.7,0,1.36,2024-01-26
KH-01850,30,Male,Phnom Penh,Moto/Tuk-tuk Driver,0,1,18.5,None,294.0,95.0,1,1.79,2024-10-20
KH-01851,31,Female,Phnom Penh,Market Vendor,0,0,28.6,None,194.0,80.1,0,1.29,2024-02-21
KH-01852,33,Female,Other Provinces,Rice Farmer,0,1,17.5,None,92.0,95.0,0,1.41,2024-12-04
KH-01853,42,Female,Phnom Penh,Monk/Retired,0,1,20.8,Hypertension,120.0,85.2,1,2.26,2024-05-19
KH-01854,25,Female,Other Provinces,Garment Worker,0,0,23.5,None,172.0,93.7,0,1.26,2024-05-30
KH-01855,29,Male,Other Provinces,Monk/Retired,0,1,25.0,None,90.0,85.2,0,1.86,2024-10-07
KH-01856,35,Female,Kandal,Moto/Tuk-tuk Driver,0,0,16.5,None,144.0,95.0,0,1.91,2024-11-06
KH-01857,54,Female,Other Provinces,Garment Worker,0,1,28.2,Diabetes; Arthritis,183.0,63.9,0,2.18,2024-07-17
KH-01858,41,Female,Other Provinces,Construction Worker,0,1,23.3,None,209.0,78.0,0,1.84,2024-07-08
KH-01859,32,Male,Other Provinces,Rice Farmer,0,1,23.6,None,110.0,87.4,0,1.47,2024-11-07
KH-01860,33,Male,Other Provinces,Construction Worker,0,1,17.1,Hypertension,134.0,95.0,0,1.98,2024-08-08
KH-01861,52,Female,Other Provinces,Garment Worker,0,1,26.4,None,144.0,69.1,0,1.7,2024-03-29
KH-01862,27,Male,Kandal,Market Vendor,0,1,21.1,None,176.0,95.0,0,1.19,2024-08-24
KH-01863,30,Male,Battambang,Civil Servant,0,1,23.9,None,315.0,92.1,0,1.2,2024-05-20
KH-01864,22,Female,Siem Reap,Market Vendor,0,0,22.1,None,191.0,95.0,0,1.11,2024-10-21
KH-01865,41,Female,Phnom Penh,Rice Farmer,0,0,26.9,None,148.0,74.3,0,1.67,2024-10-03
KH-01866,51,Male,Other Provinces,Rice Farmer,0,0,19.0,None,121.0,84.2,0,1.95,2024-06-02
KH-01867,28,Female,Siem Reap,Moto/Tuk-tuk Driver,0,1,26.1,None,226.0,82.3,0,1.67,2024-01-16
KH-01868,29,Male,Other Provinces,Market Vendor,1,0,18.6,None,148.0,95.0,0,1.61,2024-06-15
KH-01869,23,Male,Other Provinces,Garment Worker,1,0,17.3,None,151.0,95.0,0,1.58,2024-05-07
KH-01870,48,Male,Battambang,Monk/Retired,1,1,26.4,None,55.0,67.3,0,2.52,2024-11-25
KH-01871,53,Female,Siem Reap,Garment Worker,0,0,22.8,None,308.0,76.1,0,1.82,2024-01-21
KH-01872,30,Male,Siem Reap,Market Vendor,1,0,25.6,None,143.0,85.2,0,1.63,2024-04-04
KH-01873,33,Male,Kandal,Moto/Tuk-tuk Driver,0,0,22.3,Heart Disease; Hepatitis B,213.0,83.9,0,2.51,2024-07-14
KH-01874,27,Male,Other Provinces,Construction Worker,0,0,26.4,None,210.0,81.0,0,1.74,2024-01-29
KH-01875,29,Female,Other Provinces,Moto/Tuk-tuk Driver,1,0,21.7,Hypertension,176.0,88.9,0,2.29,2024-08-04
KH-01876,34,Female,Other Provinces,Rice Farmer,0,0,17.6,None,105.0,95.0,1,1.53,2024-07-14
KH-01877,26,Male,Other Provinces,Rice Farmer,1,0,28.6,None,55.0,78.9,0,1.73,2024-01-24
KH-01878,29,Male,Other Provinces,Moto/Tuk-tuk Driver,0,0,21.3,Arthritis; Hepatitis B,161.0,88.8,1,2.43,2024-08-21
KH-01879,25,Male,Other Provinces,Construction Worker,1,1,26.8,None,159.0,79.5,0,1.88,2024-02-18
KH-01880,31,Female,Kampong Cham,Rice Farmer,0,0,19.7,None,111.0,95.0,0,1.47,2024-08-12
KH-01881,20,Female,Prey Veng,Rice Farmer,0,0,26.7,None,114.0,89.1,0,1.25,2024-05-12
KH-01882,27,Female,Other Provinces,Garment Worker,0,1,23.3,TB,140.0,87.8,0,1.6,2024-03-10
KH-01883,30,Male,Other Provinces,Rice Farmer,0,0,20.1,None,55.0,95.0,0,1.53,2024-01-04
KH-01884,49,Female,Prey Veng,Market Vendor,0,0,20.2,None,98.0,85.6,0,1.65,2024-12-03
KH-01885,31,Female,Other Provinces,Moto/Tuk-tuk Driver,0,0,20.8,COPD/Asthma,153.0,91.5,0,2.05,2024-06-22
KH-01886,28,Male,Battambang,Moto/Tuk-tuk Driver,0,0,20.8,Hypertension,207.0,93.5,0,2.07,2024-09-04
KH-01887,25,Male,Kandal,Construction Worker,1,0,25.4,Arthritis,288.0,82.5,0,2.2,2024-03-06
KH-01888,25,Male,Battambang,Construction Worker,0,0,24.0,None,176.0,87.5,0,1.7,2024-11-18
KH-01889,26,Male,Kampong Cham,Construction Worker,0,0,20.0,Hepatitis B,173.0,92.3,0,2.06,2024-07-03
KH-01890,55,Male,Kampong Cham,Civil Servant,1,0,24.9,Heart Disease,309.0,70.9,0,2.3,2024-11-20
KH-01891,26,Female,Phnom Penh,Garment Worker,1,1,22.3,Hepatitis B,309.0,90.6,1,1.8,2024-11-17
KH-01892,39,Male,Other Provinces,Moto/Tuk-tuk Driver,1,1,18.8,Hepatitis B,182.0,85.2,0,2.59,2024-12-02
KH-01893,35,Female,Other Provinces,Garment Worker,0,0,18.0,None,138.0,95.0,0,1.46,2024-03-27
KH-01894,47,Female,Kandal,Market Vendor,0,0,20.2,None,137.0,87.0,0,1.61,2024-08-08
KH-01895,33,Female,Siem Reap,Rice Farmer,0,0,19.0,Diabetes,125.0,95.0,0,1.73,2024-12-06
KH-01896,36,Female,Prey Veng,Rice Farmer,0,1,22.1,None,113.0,87.9,0,1.47,2024-07-04
KH-01897,39,Female,Siem Reap,Garment Worker,0,0,19.1,Hypertension,215.0,93.5,0,1.76,2024-03-09
KH-01898,46,Male,Other Provinces,Moto/Tuk-tuk Driver,1,0,21.4,Hypertension,191.0,77.9,0,2.71,2024-07-06
KH-01899,31,Male,Other Provinces,Monk/Retired,0,0,27.2,Heart Disease; TB,89.0,74.2,0,2.62,2024-01-25
KH-01900,38,Male,Other Provinces,Garment Worker,0,0,22.8,None,169.0,86.3,0,1.6,2024-02-04
KH-01901,39,Female,Other Provinces,Construction Worker,0,1,24.2,None,195.0,77.5,0,1.8,2024-08-19
KH-01902,25,Female,Kandal,Moto/Tuk-tuk Driver,0,0,21.9,None,206.0,93.2,0,1.71,2024-06-27
KH-01903,33,Female,Other Provinces,Rice Farmer,0,1,20.2,None,149.0,94.0,0,1.41,2024-06-21
KH-01904,34,Male,Other Provinces,Market Vendor,1,0,25.0,None,170.0,83.7,0,1.71,2024-12-25
KH-01905,26,Female,Other Provinces,Rice Farmer,0,0,23.3,None,147.0,92.2,0,1.37,2024-04-05
KH-01906,26,Male,Kampong Cham,Rice Farmer,0,1,19.9,Hepatitis B,96.0,95.0,0,1.69,2024-10-14
KH-01907,28,Female,Preah Sihanouk,Monk/Retired,0,0,20.3,None,117.0,95.0,0,1.86,2024-10-25
KH-01908,31,Male,Other Provinces,Moto/Tuk-tuk Driver,1,0,23.7,None,163.0,83.3,0,2.19,2024-04-19
KH-01909,23,Male,Other Provinces,Rice Farmer,1,1,19.3,None,71.0,95.0,0,1.57,2024-05-18
KH-01910,28,Female,Other Provinces,Civil Servant,0,0,21.9,None,319.0,95.0,0,1.18,2024-08-02
KH-01911,26,Female,Prey Veng,Rice Farmer,0,0,22.7,None,77.0,93.5,0,1.37,2024-05-22
KH-01912,33,Female,Prey Veng,Market Vendor,0,1,19.9,None,132.0,95.0,0,1.23,2024-11-10
KH-01913,28,Female,Kandal,Market Vendor,0,0,19.9,Hepatitis B,115.0,95.0,0,1.57,2024-01-25
KH-01914,35,Female,Kampong Cham,Garment Worker,0,0,22.6,None,187.0,88.8,0,1.46,2024-01-07
KH-01915,23,Female,Other Provinces,Garment Worker,0,0,19.3,Hepatitis B,206.0,95.0,0,1.56,2024-11-18
KH-01916,23,Female,Kampong Cham,Garment Worker,0,0,18.7,None,203.0,95.0,0,1.22,2024-10-02
KH-01917,37,Male,Other Provinces,Civil Servant,0,1,24.6,None,375.0,85.8,0,1.34,2024-03-20
KH-01918,31,Female,Siem Reap,Rice Farmer,1,0,23.7,Arthritis; TB,132.0,80.9,0,2.37,2024-08-26
KH-01919,38,Female,Other Provinces,Garment Worker,0,1,20.3,None,154.0,91.6,1,1.42,2024-04-03
KH-01920,43,Male,Kandal,Moto/Tuk-tuk Driver,0,0,21.6,None,186.0,81.6,0,2.15,2024-01-15
KH-01921,52,Male,Phnom Penh,Monk/Retired,1,1,21.8,None,66.0,74.3,0,2.6,2024-10-22
KH-01922,43,Female,Other Provinces,Monk/Retired,0,1,21.4,Heart Disease; Arthritis,55.0,83.3,0,2.5,2024-04-09
KH-01923,64,Female,Phnom Penh,Rice Farmer,0,0,22.7,None,130.0,67.5,0,2.13,2024-10-17
KH-01924,45,Male,Kampong Cham,Garment Worker,0,0,24.0,Hepatitis B,169.0,76.0,0,2.08,2024-10-18
KH-01925,27,Male,Phnom Penh,Rice Farmer,0,0,23.0,None,175.0,92.1,0,1.47,2024-08-30
KH-01926,31,Female,Other Provinces,Garment Worker,0,0,18.6,None,141.0,95.0,1,1.38,2024-02-23
KH-01927,27,Male,Other Provinces,Construction Worker,0,0,24.1,None,197.0,85.9,0,1.74,2024-12-30
KH-01928,24,Female,Other Provinces,Garment Worker,0,0,24.0,None,91.0,93.4,0,1.24,2024-09-18
KH-01929,21,Female,Kampong Cham,Rice Farmer,0,1,25.0,TB,81.0,87.0,0,1.57,2024-07-01
KH-01930,34,Female,Phnom Penh,Garment Worker,0,1,20.5,None,272.0,93.9,0,1.34,2024-07-30
KH-01931,34,Male,Battambang,Monk/Retired,0,1,20.1,None,133.0,92.2,0,1.96,2024-10-03
KH-01932,39,Male,Other Provinces,Construction Worker,0,1,23.7,Hepatitis B,186.0,75.5,1,2.22,2024-05-26
KH-01933,30,Male,Siem Reap,Rice Farmer,1,0,25.1,None,123.0,83.6,1,1.81,2024-12-04
KH-01934,29,Male,Other Provinces,Civil Servant,0,1,21.0,None,293.0,95.0,0,1.18,2024-02-25
KH-01935,42,Male,Prey Veng,Garment Worker,0,1,19.8,None,131.0,90.0,0,1.58,2024-09-11
KH-01936,35,Female,Battambang,Moto/Tuk-tuk Driver,0,0,19.4,None,148.0,91.7,0,1.91,2024-10-18
KH-01937,32,Male,Other Provinces,Market Vendor,0,0,24.2,None,114.0,88.8,0,1.39,2024-07-31
KH-01938,29,Female,Prey Veng,Market Vendor,0,0,16.9,None,134.0,95.0,0,1.25,2024-08-27
KH-01939,32,Male,Kampong Cham,Civil Servant,0,1,21.6,None,301.0,95.0,0,1.24,2024-11-11
KH-01940,29,Male,Other Provinces,Moto/Tuk-tuk Driver,1,0,25.8,None,176.0,80.2,0,2.15,2024-03-06
KH-01941,26,Female,Other Provinces,Rice Farmer,0,1,24.3,None,124.0,90.1,0,1.27,2024-12-11
KH-01942,27,Female,Phnom Penh,Rice Farmer,0,0,25.6,None,134.0,86.6,0,1.39,2024-12-15
KH-01943,25,Male,Battambang,Civil Servant,1,1,22.8,None,295.0,95.0,0,1.38,2024-05-03
KH-01944,37,Male,Other Provinces,Moto/Tuk-tuk Driver,1,0,22.1,None,173.0,82.6,1,2.31,2024-07-09
KH-01945,36,Male,Kandal,Garment Worker,1,1,21.7,Hepatitis B,206.0,85.0,1,2.08,2024-06-18
KH-01946,35,Female,Phnom Penh,Market Vendor,0,1,21.9,None,207.0,91.6,0,1.27,2024-04-05
KH-01947,27,Male,Prey Veng,Moto/Tuk-tuk Driver,0,0,21.4,Heart Disease,139.0,92.9,0,2.05,2024-11-25
KH-01948,35,Male,Other Provinces,Rice Farmer,0,1,19.9,Hypertension,55.0,93.2,0,1.75,2024-05-31
KH-01949,29,Male,Other Provinces,Construction Worker,1,1,26.3,Hepatitis B,122.0,74.9,0,2.3,2024-01-01
KH-01950,34,Male,Battambang,Monk/Retired,0,0,24.6,None,91.0,82.7,0,2.06,2024-03-08
KH-01951,43,Female,Kampong Cham,Garment Worker,0,1,17.1,Hypertension,179.0,95.0,1,1.74,2024-04-07
KH-01952,34,Male,Other Provinces,Rice Farmer,0,0,22.9,Hypertension; Diabetes,83.0,87.6,1,2.05,2024-05-16
KH-01953,25,Male,Phnom Penh,Garment Worker,1,0,22.2,Hepatitis B,281.0,91.5,0,1.96,2024-02-02
KH-01954,39,Male,Other Provinces,Civil Servant,1,1,24.9,None,332.0,81.8,0,1.66,2024-08-11
KH-01955,54,Female,Kampong Cham,Rice Farmer,0,0,25.0,Hepatitis B,115.0,66.4,0,2.27,2024-01-03
KH-01956,32,Male,Kandal,Construction Worker,0,0,23.8,None,245.0,83.1,0,1.84,2024-11-07
KH-01957,37,Male,Phnom Penh,Civil Servant,0,0,24.7,Arthritis,519.0,85.6,0,1.66,2024-08-21
KH-01958,27,Female,Kandal,Market Vendor,0,0,20.9,None,121.0,95.0,0,1.21,2024-09-30
KH-01959,27,Female,Other Provinces,Market Vendor,0,1,22.1,None,96.0,95.0,0,1.11,2024-08-19
KH-01960,28,Female,Phnom Penh,Moto/Tuk-tuk Driver,0,0,25.0,Heart Disease; Hepatitis B,223.0,81.6,0,2.33,2024-08-04
KH-01961,37,Female,Other Provinces,Rice Farmer,0,1,20.6,Hepatitis B,99.0,87.4,0,1.83,2024-11-21
KH-01962,39,Male,Other Provinces,Market Vendor,1,0,16.0,TB,147.0,94.4,0,2.21,2024-07-03
KH-01963,43,Female,Battambang,Moto/Tuk-tuk Driver,0,0,16.0,None,168.0,93.4,0,2.07,2024-07-05
KH-01964,33,Female,Other Provinces,Rice Farmer,0,0,24.2,None,93.0,85.5,0,1.51,2024-03-24
KH-01965,21,Female,Other Provinces,Moto/Tuk-tuk Driver,0,1,23.6,None,132.0,92.4,0,1.53,2024-10-22
KH-01966,22,Male,Phnom Penh,Civil Servant,0,0,19.8,TB,482.0,95.0,0,1.54,2024-05-23
KH-01967,26,Female,Kampong Cham,Monk/Retired,0,0,20.0,None,98.0,95.0,0,1.82,2024-09-09
KH-01968,41,Male,Battambang,Rice Farmer,0,1,21.7,Hepatitis B,55.0,82.3,0,1.99,2024-10-26
KH-01969,36,Female,Siem Reap,Civil Servant,0,0,21.1,None,396.0,93.9,0,1.34,2024-05-27
KH-01970,50,Male,Battambang,Monk/Retired,0,0,24.2,None,55.0,72.6,0,2.38,2024-07-10
KH-01971,27,Female,Other Provinces,Garment Worker,1,1,23.2,None,164.0,91.0,0,1.48,2024-07-02
KH-01972,30,Female,Prey Veng,Garment Worker,0,0,25.6,COPD/Asthma,139.0,85.9,0,1.58,2024-07-08
KH-01973,26,Male,Other Provinces,Rice Farmer,0,1,20.4,None,94.0,95.0,0,1.35,2024-11-22
KH-01974,26,Male,Kampong Cham,Rice Farmer,1,1,24.1,Hepatitis B,90.0,85.5,0,1.97,2024-08-02
KH-01975,32,Male,Other Provinces,Monk/Retired,1,0,22.0,None,57.0,87.5,0,2.3,2024-09-07
KH-01976,32,Female,Other Provinces,Rice Farmer,0,0,22.2,Hepatitis B,55.0,87.4,0,1.83,2024-12-08
KH-01977,29,Male,Other Provinces,Rice Farmer,1,0,16.7,None,110.0,95.0,1,1.79,2024-02-08
KH-01978,28,Female,Other Provinces,Rice Farmer,0,1,21.7,None,136.0,94.2,0,1.31,2024-08-21
KH-01979,31,Male,Battambang,Civil Servant,1,1,17.4,None,320.0,95.0,0,1.5,2024-08-30
KH-01980,59,Male,Other Provinces,Moto/Tuk-tuk Driver,1,1,21.7,None,158.0,68.4,1,2.65,2024-10-21
KH-01981,28,Female,Other Provinces,Rice Farmer,0,1,17.3,None,64.0,95.0,0,1.31,2024-02-16
KH-01982,33,Male,Other Provinces,Moto/Tuk-tuk Driver,1,0,22.7,None,157.0,84.1,1,2.23,2024-08-19
KH-01983,20,Female,Phnom Penh,Rice Farmer,0,0,22.7,None,177.0,95.0,0,1.25,2024-03-15
KH-01984,40,Female,Other Provinces,Market Vendor,0,1,24.7,None,141.0,82.2,0,1.37,2024-06-22
KH-01985,24,Male,Other Provinces,Monk/Retired,0,0,18.2,None,67.0,95.0,0,1.86,2024-11-12
KH-01986,28,Male,Phnom Penh,Civil Servant,0,1,22.6,Arthritis,433.0,95.0,0,1.38,2024-06-26
KH-01987,21,Female,Other Provinces,Rice Farmer,0,1,18.8,None,119.0,95.0,0,1.17,2024-09-07
KH-01988,30,Male,Other Provinces,Moto/Tuk-tuk Driver,1,0,19.5,TB,154.0,87.9,0,2.57,2024-01-16
KH-01989,35,Female,Prey Veng,Market Vendor,0,0,22.0,None,136.0,91.4,0,1.37,2024-12-12
KH-01990,26,Female,Other Provinces,Market Vendor,0,1,24.7,Hepatitis B,154.0,88.8,0,1.43,2024-02-16
KH-01991,25,Female,Battambang,Market Vendor,0,0,20.5,None,162.0,95.0,0,1.17,2024-06-03
KH-01992,32,Male,Other Provinces,Construction Worker,0,1,25.2,None,234.0,80.1,0,1.74,2024-04-13
KH-01993,41,Male,Phnom Penh,Rice Farmer,0,0,20.3,None,171.0,88.3,0,1.75,2024-02-10
KH-01994,33,Female,Other Provinces,Garment Worker,1,1,17.8,Hypertension,175.0,95.0,0,1.82,2024-10-27
KH-01995,22,Female,Other Provinces,Market Vendor,0,1,19.3,None,115.0,95.0,0,1.01,2024-10-10
KH-01996,38,Female,Other Provinces,Garment Worker,0,1,27.6,None,180.0,76.2,1,1.42,2024-09-18
KH-01997,32,Female,Other Provinces,Garment Worker,0,0,23.5,TB; Hepatitis B,159.0,81.0,0,2.14,2024-04-11
KH-01998,23,Male,Other Provinces,Rice Farmer,1,0,23.3,Hypertension,184.0,92.2,0,1.89,2024-09-19
KH-01999,36,Female,Other Provinces,Monk/Retired,0,0,20.3,Diabetes,115.0,90.4,0,2.24,2024-08-25
KH-02000,31,Male,Other Provinces,Civil Servant,1,1,24.6,None,248.0,87.9,0,1.5,2024-05-16
