trip_id,route_name,archetype,cohort,drift_fraction,departure_hour,is_peak_hour,n_pings,trip_duration_min,trip_distance_km,speed_avg_kmh,speed_p90_kmh,speed_max_kmh,hard_braking_events,harsh_jerk_events,jerk_rms,idle_pct,vibration_avg,vibration_max
BAS00001,independence_to_royal_palace,delivery_rider,baseline,0.0,12,0,92,3.58,0.644,14.682,19.621,22.155,1,5,0.92084,0.2907,0.1516,0.2569
BAS00002,independence_to_royal_palace,commuter,baseline,0.0,7,1,92,5.91,0.644,10.512,14.734,17.402,0,0,0.41579,0.4594,0.152,0.2664
BAS00003,independence_to_royal_palace,commuter,baseline,0.0,18,1,92,5.82,0.644,10.445,14.256,16.262,0,0,0.37332,0.4664,0.153,0.2664
BAS00004,independence_to_royal_palace,delivery_rider,baseline,0.0,7,1,92,3.01,0.644,14.53,18.89,24.85,0,5,0.9092,0.0688,0.1595,0.2834
BAS00005,independence_to_royal_palace,commuter,baseline,0.0,18,1,92,5.77,0.644,10.509,14.089,15.78,0,0,0.30762,0.4212,0.1592,0.2694
BAS00006,independence_to_royal_palace,commuter,baseline,0.0,16,0,92,5.9,0.644,10.401,14.551,15.792,0,0,0.33981,0.4368,0.147,0.2765
BAS00007,independence_to_royal_palace,delivery_rider,baseline,0.0,7,1,92,3.63,0.644,14.625,20.56,25.196,1,3,1.09791,0.251,0.1533,0.251
BAS00008,independence_to_royal_palace,commuter,baseline,0.0,17,1,92,4.55,0.644,10.883,14.491,15.966,0,0,0.3292,0.27,0.1487,0.2751
BAS00009,independence_to_royal_palace,delivery_rider,baseline,0.0,17,1,92,3.17,0.644,14.968,20.953,24.649,1,7,1.01426,0.1157,0.1408,0.2456
BAS00010,independence_to_royal_palace,commuter,baseline,0.0,5,0,92,5.54,0.644,11.15,14.662,17.1,0,0,0.41533,0.4691,0.1483,0.27
BAS00011,independence_to_royal_palace,delivery_rider,baseline,0.0,22,0,92,2.99,0.644,15.344,20.564,24.403,2,5,0.93996,0.1382,0.1474,0.275
BAS00012,independence_to_royal_palace,delivery_rider,baseline,0.0,17,1,92,4.08,0.644,13.635,19.715,23.029,2,6,1.00033,0.3275,0.1513,0.2703
BAS00013,independence_to_royal_palace,commuter,baseline,0.0,21,0,92,4.34,0.644,11.202,14.863,17.986,0,0,0.38013,0.2828,0.1452,0.2628
BAS00014,independence_to_royal_palace,commuter,baseline,0.0,8,1,92,4.82,0.644,11.215,14.806,17.792,0,0,0.30815,0.3071,0.1397,0.2637
BAS00015,independence_to_royal_palace,commuter,baseline,0.0,8,1,92,4.91,0.644,10.955,14.484,16.679,0,0,0.3533,0.3516,0.1514,0.2604
BAS00016,independence_to_royal_palace,delivery_rider,baseline,0.0,17,1,92,3.92,0.644,14.266,19.303,22.489,2,5,0.89382,0.2982,0.1592,0.2803
BAS00017,independence_to_royal_palace,commuter,baseline,0.0,12,0,92,6.85,0.644,10.429,14.89,17.72,0,0,0.476,0.5357,0.1498,0.261
BAS00018,independence_to_royal_palace,commuter,baseline,0.0,8,1,92,4.81,0.644,10.977,14.843,18.159,0,0,0.42194,0.2941,0.149,0.261
BAS00019,independence_to_royal_palace,delivery_rider,baseline,0.0,8,1,92,3.59,0.644,14.509,20.004,22.529,0,2,0.81365,0.2206,0.1506,0.2587
BAS00020,independence_to_royal_palace,commuter,baseline,0.0,17,1,92,5.08,0.644,10.489,14.566,16.282,0,0,0.43797,0.3543,0.1447,0.2602
BAS00021,independence_to_royal_palace,commuter,baseline,0.0,8,1,92,6.52,0.644,9.915,14.393,17.247,0,0,0.39124,0.5541,0.1445,0.2596
BAS00022,independence_to_royal_palace,long_haul,baseline,0.0,5,0,92,2.43,0.644,16.893,21.458,26.609,0,3,0.7634,0.0,0.1575,0.2755
BAS00023,independence_to_royal_palace,commuter,baseline,0.0,8,1,92,5.54,0.644,10.477,15.147,16.715,0,0,0.44666,0.4518,0.1555,0.27
BAS00024,independence_to_royal_palace,delivery_rider,baseline,0.0,17,1,92,4.78,0.644,14.255,20.243,22.648,1,7,1.04259,0.4504,0.1604,0.2755
BAS00025,independence_to_royal_palace,commuter,baseline,0.0,18,1,92,7.52,0.644,10.127,14.787,16.462,0,0,0.43784,0.604,0.1532,0.2785
BAS00026,independence_to_royal_palace,delivery_rider,baseline,0.0,7,1,92,3.55,0.644,14.134,20.233,22.516,0,2,0.79075,0.2199,0.1537,0.2724
BAS00027,independence_to_royal_palace,long_haul,baseline,0.0,23,0,92,3.15,0.644,16.696,21.315,25.311,2,6,1.00905,0.2904,0.1426,0.2673
BAS00028,independence_to_royal_palace,long_haul,baseline,0.0,17,1,92,2.95,0.644,15.757,20.335,23.183,0,0,0.7793,0.1685,0.1458,0.2515
BAS00029,independence_to_royal_palace,delivery_rider,baseline,0.0,5,0,92,2.95,0.644,15.13,20.821,24.029,0,6,0.88857,0.092,0.1573,0.2486
BAS00030,independence_to_royal_palace,commuter,baseline,0.0,23,0,92,4.84,0.644,11.571,15.673,18.971,0,0,0.43885,0.3513,0.1502,0.264
BAS00031,independence_to_royal_palace,commuter,baseline,0.0,8,1,92,6.59,0.644,10.325,14.943,16.917,0,0,0.50957,0.5412,0.1388,0.2716
BAS00032,independence_to_royal_palace,long_haul,baseline,0.0,5,0,92,3.26,0.644,16.341,21.063,23.966,2,4,0.88341,0.2685,0.1456,0.3026
BAS00033,independence_to_royal_palace,commuter,baseline,0.0,7,1,92,5.47,0.644,10.288,14.347,16.995,0,0,0.37434,0.4,0.1596,0.2522
BAS00034,independence_to_royal_palace,delivery_rider,baseline,0.0,7,1,92,3.57,0.644,14.263,19.689,24.308,0,3,0.79244,0.2232,0.1523,0.2758
BAS00035,independence_to_royal_palace,commuter,baseline,0.0,17,1,92,6.32,0.644,10.125,14.227,17.532,0,0,0.36061,0.4913,0.152,0.2657
BAS00036,independence_to_royal_palace,commuter,baseline,0.0,12,0,92,7.66,0.644,10.007,14.232,18.194,0,0,0.4289,0.6131,0.1459,0.2528
BAS00037,independence_to_royal_palace,delivery_rider,baseline,0.0,19,1,92,3.42,0.644,14.743,19.606,23.4,0,3,0.79835,0.21,0.1515,0.2667
BAS00038,independence_to_royal_palace,commuter,baseline,0.0,19,1,92,4.85,0.644,11.007,14.178,15.342,0,0,0.29521,0.3329,0.1645,0.2525
BAS00039,independence_to_royal_palace,delivery_rider,baseline,0.0,22,0,92,3.61,0.644,15.52,21.411,24.814,3,6,1.27756,0.312,0.1432,0.2789
BAS00040,independence_to_royal_palace,commuter,baseline,0.0,20,0,92,6.03,0.644,10.883,15.285,18.584,0,0,0.41783,0.4995,0.1459,0.2576
BAS00041,independence_to_royal_palace,delivery_rider,baseline,0.0,11,0,92,3.37,0.644,15.17,20.174,24.069,1,5,0.91822,0.2662,0.1609,0.2662
BAS00042,independence_to_royal_palace,commuter,baseline,0.0,16,0,92,6.07,0.644,10.35,14.263,16.415,0,0,0.30538,0.5005,0.1482,0.2729
BAS00043,independence_to_royal_palace,commuter,baseline,0.0,8,1,92,5.35,0.644,10.046,14.329,17.344,0,0,0.39172,0.4305,0.1471,0.2809
BAS00044,independence_to_royal_palace,commuter,baseline,0.0,16,0,92,5.76,0.644,10.433,14.495,16.675,0,0,0.41547,0.4564,0.1501,0.2877
BAS00045,independence_to_royal_palace,long_haul,baseline,0.0,12,0,92,2.49,0.644,16.378,21.047,23.318,0,0,0.56956,0.0,0.1485,0.2618
BAS00046,independence_to_royal_palace,delivery_rider,baseline,0.0,22,0,92,3.58,0.644,15.081,20.669,25.003,3,8,1.0709,0.3194,0.1623,0.2736
BAS00047,independence_to_royal_palace,commuter,baseline,0.0,16,0,92,6.28,0.644,10.083,15.313,17.378,0,1,0.58123,0.5563,0.154,0.2602
BAS00048,independence_to_royal_palace,long_haul,baseline,0.0,5,0,92,2.35,0.644,17.299,22.324,24.87,0,0,0.6307,0.0,0.1507,0.2955
BAS00049,independence_to_royal_palace,commuter,baseline,0.0,8,1,92,6.31,0.644,10.418,14.34,17.021,0,1,0.48406,0.5162,0.1549,0.2691
BAS00050,independence_to_royal_palace,commuter,baseline,0.0,6,0,92,5.83,0.644,11.076,15.749,17.114,0,0,0.48094,0.4827,0.1495,0.2597
BAS00051,central_market_to_riverside,delivery_rider,baseline,0.0,11,0,254,11.55,1.778,12.559,17.44,21.722,3,10,0.81215,0.3054,0.156,0.2763
BAS00052,central_market_to_riverside,long_haul,baseline,0.0,12,0,254,8.51,1.778,14.525,18.79,23.879,1,2,0.67623,0.0968,0.1622,0.2838
BAS00053,central_market_to_riverside,delivery_rider,baseline,0.0,9,1,254,8.98,1.778,14.047,18.585,24.349,0,5,0.72143,0.1336,0.1495,0.2711
BAS00054,central_market_to_riverside,delivery_rider,baseline,0.0,18,1,254,10.35,1.778,13.584,19.041,24.262,3,11,0.89901,0.2439,0.1458,0.2523
BAS00055,central_market_to_riverside,commuter,baseline,0.0,6,0,254,16.23,1.778,10.95,14.905,19.707,0,0,0.46747,0.5065,0.1479,0.2733
BAS00056,central_market_to_riverside,commuter,baseline,0.0,18,1,254,16.83,1.778,9.684,13.585,17.079,0,0,0.34588,0.4645,0.1468,0.272
BAS00057,central_market_to_riverside,delivery_rider,baseline,0.0,5,0,254,10.87,1.778,15.02,21.004,28.367,6,24,1.14408,0.3757,0.1508,0.2669
BAS00058,central_market_to_riverside,commuter,baseline,0.0,18,1,254,15.09,1.778,10.105,13.745,16.145,0,0,0.30984,0.392,0.157,0.271
BAS00059,central_market_to_riverside,commuter,baseline,0.0,10,0,254,17.37,1.778,9.338,13.105,17.412,0,0,0.2883,0.4528,0.1525,0.278
BAS00060,central_market_to_riverside,commuter,baseline,0.0,9,1,254,18.27,1.778,9.688,13.327,17.057,0,0,0.35698,0.4977,0.1464,0.2666
BAS00061,central_market_to_riverside,commuter,baseline,0.0,20,0,254,17.59,1.778,10.883,15.101,17.839,0,0,0.44517,0.5394,0.154,0.2683
BAS00062,central_market_to_riverside,delivery_rider,baseline,0.0,9,1,254,11.28,1.778,13.466,18.088,24.777,0,7,0.74613,0.298,0.1514,0.2756
BAS00063,central_market_to_riverside,commuter,baseline,0.0,12,0,254,17.62,1.778,9.314,12.485,17.452,0,0,0.24722,0.4644,0.1506,0.2719
BAS00064,central_market_to_riverside,commuter,baseline,0.0,12,0,254,18.29,1.778,9.255,12.901,17.651,0,0,0.26669,0.4727,0.1537,0.2741
BAS00065,central_market_to_riverside,commuter,baseline,0.0,7,1,254,17.93,1.778,9.538,13.771,18.271,0,0,0.37438,0.5253,0.1501,0.2672
BAS00066,central_market_to_riverside,commuter,baseline,0.0,18,1,254,17.6,1.778,9.583,13.764,16.631,0,0,0.33611,0.4875,0.1492,0.2721
BAS00067,central_market_to_riverside,long_haul,baseline,0.0,13,0,254,8.13,1.778,14.259,18.33,22.112,1,3,0.59067,0.0463,0.1509,0.2889
BAS00068,central_market_to_riverside,commuter,baseline,0.0,8,1,254,14.56,1.778,9.92,13.689,16.581,0,0,0.3144,0.3702,0.1525,0.2664
BAS00069,central_market_to_riverside,delivery_rider,baseline,0.0,22,0,254,9.48,1.778,15.348,21.094,24.365,3,12,0.98455,0.2821,0.1483,0.2683
BAS00070,central_market_to_riverside,delivery_rider,baseline,0.0,20,0,254,8.47,1.778,15.307,20.416,28.894,3,15,1.00524,0.1775,0.1493,0.267
BAS00071,central_market_to_riverside,commuter,baseline,0.0,18,1,254,17.88,1.778,9.611,13.355,16.189,0,0,0.33223,0.4894,0.1552,0.2645
BAS00072,central_market_to_riverside,commuter,baseline,0.0,8,1,254,15.92,1.778,9.79,13.817,16.899,0,0,0.31236,0.4289,0.1456,0.2692
BAS00073,central_market_to_riverside,commuter,baseline,0.0,7,1,254,17.49,1.778,9.508,13.322,17.315,0,0,0.31005,0.51,0.1495,0.2616
BAS00074,central_market_to_riverside,long_haul,baseline,0.0,21,0,254,6.74,1.778,16.874,21.18,25.561,0,2,0.63402,0.0354,0.1485,0.2764
BAS00075,central_market_to_riverside,commuter,baseline,0.0,17,1,254,17.43,1.778,9.547,13.42,21.426,1,2,0.47133,0.4713,0.1454,0.2725
BAS00076,central_market_to_riverside,commuter,baseline,0.0,13,0,254,17.0,1.778,9.419,12.763,16.221,0,0,0.26939,0.4371,0.1512,0.2624
BAS00077,central_market_to_riverside,long_haul,baseline,0.0,11,0,254,8.31,1.778,14.404,18.073,22.512,0,1,0.47266,0.0859,0.1559,0.2753
BAS00078,central_market_to_riverside,long_haul,baseline,0.0,17,1,254,8.26,1.778,15.204,19.244,25.915,0,1,0.51397,0.1256,0.1498,0.2706
BAS00079,central_market_to_riverside,delivery_rider,baseline,0.0,23,0,254,9.54,1.778,15.324,20.801,25.078,4,19,1.12525,0.2709,0.1513,0.2686
BAS00080,central_market_to_riverside,commuter,baseline,0.0,16,0,254,15.13,1.778,9.373,12.732,18.613,1,1,0.31373,0.3503,0.1423,0.2666
BAS00081,central_market_to_riverside,commuter,baseline,0.0,11,0,254,14.98,1.778,9.418,12.823,16.227,0,0,0.27768,0.3486,0.1384,0.264
BAS00082,central_market_to_riverside,long_haul,baseline,0.0,6,0,254,6.91,1.778,16.799,21.251,26.853,1,7,0.79232,0.0456,0.1514,0.2744
BAS00083,central_market_to_riverside,commuter,baseline,0.0,2,0,254,16.57,1.778,10.889,15.264,20.042,0,1,0.4775,0.5223,0.1502,0.2569
BAS00084,central_market_to_riverside,delivery_rider,baseline,0.0,8,1,254,9.99,1.778,13.741,19.284,24.79,4,11,0.99246,0.2139,0.1468,0.2779
BAS00085,central_market_to_riverside,long_haul,baseline,0.0,6,0,254,7.36,1.778,16.951,21.192,25.014,3,10,0.79549,0.1246,0.146,0.2661
BAS00086,central_market_to_riverside,commuter,baseline,0.0,18,1,254,15.01,1.778,9.844,13.255,16.138,0,0,0.33091,0.3929,0.1501,0.2642
BAS00087,central_market_to_riverside,delivery_rider,baseline,0.0,19,1,254,11.73,1.778,12.926,17.812,23.153,6,15,0.96135,0.3795,0.1435,0.2678
BAS00088,central_market_to_riverside,commuter,baseline,0.0,10,0,254,16.59,1.778,9.451,12.837,15.508,0,0,0.27652,0.4359,0.1523,0.2645
BAS00089,central_market_to_riverside,commuter,baseline,0.0,22,0,254,15.71,1.778,11.139,15.327,19.712,1,3,0.46335,0.4646,0.1526,0.3081
BAS00090,central_market_to_riverside,long_haul,baseline,0.0,14,0,254,8.26,1.778,13.98,18.141,22.411,0,0,0.54125,0.0471,0.1538,0.269
BAS00091,central_market_to_riverside,long_haul,baseline,0.0,7,1,254,8.02,1.778,15.215,19.145,26.61,0,2,0.65268,0.098,0.1486,0.276
BAS00092,central_market_to_riverside,delivery_rider,baseline,0.0,7,1,254,10.63,1.778,13.319,18.428,23.781,4,12,0.84028,0.2593,0.1534,0.2701
BAS00093,central_market_to_riverside,long_haul,baseline,0.0,8,1,254,7.51,1.778,15.149,19.488,23.632,0,4,0.60027,0.0,0.1506,0.2719
BAS00094,central_market_to_riverside,delivery_rider,baseline,0.0,12,0,254,11.85,1.778,12.884,18.945,25.375,0,2,0.69341,0.3113,0.1471,0.2872
BAS00095,central_market_to_riverside,commuter,baseline,0.0,14,0,254,15.75,1.778,9.484,13.101,15.973,0,0,0.30639,0.392,0.152,0.2672
BAS00096,central_market_to_riverside,delivery_rider,baseline,0.0,8,1,254,11.36,1.778,13.306,18.624,25.293,1,8,0.81085,0.2906,0.1553,0.2723
BAS00097,central_market_to_riverside,commuter,baseline,0.0,18,1,254,15.95,1.778,9.924,13.42,17.187,0,0,0.30158,0.4132,0.1521,0.2781
BAS00098,central_market_to_riverside,commuter,baseline,0.0,5,0,254,14.1,1.778,11.196,15.105,18.082,0,1,0.41544,0.4076,0.1442,0.2804
BAS00099,central_market_to_riverside,long_haul,baseline,0.0,17,1,254,8.53,1.778,14.794,19.079,24.708,0,1,0.52793,0.1488,0.1514,0.2724
BAS00100,central_market_to_riverside,long_haul,baseline,0.0,7,1,254,7.35,1.778,15.331,19.782,25.877,0,2,0.61897,0.0,0.1473,0.2813
BAS00101,bkk1_to_tuol_sleng,commuter,baseline,0.0,6,0,219,11.97,1.533,11.774,15.356,18.904,0,1,0.52062,0.4858,0.3508,0.4998
BAS00102,bkk1_to_tuol_sleng,long_haul,baseline,0.0,17,1,219,5.92,1.533,17.381,21.03,24.807,1,9,0.8368,0.0888,0.3522,0.4989
BAS00103,bkk1_to_tuol_sleng,commuter,baseline,0.0,17,1,219,11.25,1.533,11.548,14.749,16.886,0,0,0.41182,0.3937,0.3469,0.4987
BAS00104,bkk1_to_tuol_sleng,commuter,baseline,0.0,18,1,219,12.42,1.533,11.265,14.536,16.586,0,0,0.37188,0.4499,0.3577,0.4996
BAS00105,bkk1_to_tuol_sleng,commuter,baseline,0.0,12,0,219,13.39,1.533,11.008,14.378,16.888,0,0,0.37449,0.4821,0.3508,0.5
BAS00106,bkk1_to_tuol_sleng,long_haul,baseline,0.0,20,0,219,5.28,1.533,18.451,21.949,27.022,1,8,0.84327,0.0246,0.3465,0.4994
BAS00107,bkk1_to_tuol_sleng,commuter,baseline,0.0,7,1,219,11.68,1.533,11.342,14.873,16.927,0,0,0.46221,0.4125,0.3495,0.4965
BAS00108,bkk1_to_tuol_sleng,commuter,baseline,0.0,7,1,219,13.17,1.533,11.042,14.286,16.29,0,0,0.42245,0.4738,0.3516,0.4988
BAS00109,bkk1_to_tuol_sleng,delivery_rider,baseline,0.0,8,1,219,8.48,1.533,15.311,20.197,23.392,6,21,1.09081,0.3397,0.3475,0.499
BAS00110,bkk1_to_tuol_sleng,delivery_rider,baseline,0.0,13,0,219,8.41,1.533,14.612,20.344,23.103,4,17,1.02461,0.3037,0.3578,0.4998
BAS00111,bkk1_to_tuol_sleng,commuter,baseline,0.0,3,0,219,12.2,1.533,11.886,15.327,17.984,0,0,0.44461,0.4675,0.3435,0.4977
BAS00112,bkk1_to_tuol_sleng,long_haul,baseline,0.0,16,0,219,5.83,1.533,16.826,19.859,24.078,0,0,0.59996,0.0271,0.3489,0.4993
BAS00113,bkk1_to_tuol_sleng,commuter,baseline,0.0,5,0,219,13.24,1.533,11.581,15.468,17.333,0,1,0.54768,0.5174,0.3583,0.4979
BAS00114,bkk1_to_tuol_sleng,commuter,baseline,0.0,21,0,219,13.98,1.533,11.573,15.568,19.393,0,1,0.54285,0.5441,0.341,0.499
BAS00115,bkk1_to_tuol_sleng,delivery_rider,baseline,0.0,12,0,219,7.9,1.533,14.718,19.461,26.642,5,17,1.06079,0.237,0.3557,0.4994
BAS00116,bkk1_to_tuol_sleng,delivery_rider,baseline,0.0,8,1,219,8.17,1.533,15.088,19.892,22.784,1,7,0.89211,0.2576,0.3521,0.4987
BAS00117,bkk1_to_tuol_sleng,delivery_rider,baseline,0.0,17,1,219,10.43,1.533,15.27,20.542,25.698,5,19,1.2271,0.4493,0.3466,0.5
BAS00118,bkk1_to_tuol_sleng,commuter,baseline,0.0,5,0,219,13.36,1.533,11.549,15.368,18.388,0,0,0.53972,0.5341,0.3511,0.4999
BAS00119,bkk1_to_tuol_sleng,delivery_rider,baseline,0.0,13,0,219,7.44,1.533,15.383,20.392,24.401,4,18,1.17023,0.208,0.3485,0.4978
BAS00120,bkk1_to_tuol_sleng,commuter,baseline,0.0,22,0,219,11.68,1.533,12.085,15.69,19.258,0,0,0.52847,0.4415,0.3433,0.499
BAS00121,bkk1_to_tuol_sleng,long_haul,baseline,0.0,9,1,219,5.77,1.533,17.349,20.944,24.587,0,0,0.74311,0.0513,0.3565,0.4998
BAS00122,bkk1_to_tuol_sleng,delivery_rider,baseline,0.0,21,0,219,7.02,1.533,16.514,20.997,26.397,1,6,0.99327,0.1967,0.3508,0.498
BAS00123,bkk1_to_tuol_sleng,commuter,baseline,0.0,21,0,219,13.26,1.533,11.903,15.125,18.283,0,0,0.46499,0.4952,0.3423,0.4995
BAS00124,bkk1_to_tuol_sleng,commuter,baseline,0.0,17,1,219,11.19,1.533,11.556,14.941,17.447,0,0,0.41998,0.3872,0.3492,0.4987
BAS00125,bkk1_to_tuol_sleng,delivery_rider,baseline,0.0,8,1,219,9.99,1.533,15.367,20.043,26.454,6,19,1.11282,0.407,0.3527,0.498
BAS00126,bkk1_to_tuol_sleng,commuter,baseline,0.0,10,0,219,12.81,1.533,10.967,14.17,17.423,0,1,0.4159,0.4431,0.3451,0.4999
BAS00127,bkk1_to_tuol_sleng,commuter,baseline,0.0,11,0,219,13.74,1.533,10.783,14.331,16.899,0,0,0.40036,0.5031,0.3551,0.4993
BAS00128,bkk1_to_tuol_sleng,delivery_rider,baseline,0.0,12,0,219,9.44,1.533,14.787,19.944,23.517,5,20,1.12123,0.392,0.3417,0.4982
BAS00129,bkk1_to_tuol_sleng,long_haul,baseline,0.0,8,1,219,5.88,1.533,17.344,20.921,23.834,1,4,0.79859,0.0805,0.3472,0.4997
BAS00130,bkk1_to_tuol_sleng,commuter,baseline,0.0,12,0,219,13.31,1.533,10.916,14.253,17.423,0,0,0.40211,0.4736,0.3526,0.4998
BAS00131,bkk1_to_tuol_sleng,commuter,baseline,0.0,17,1,219,12.54,1.533,11.211,14.585,17.204,0,0,0.40379,0.4483,0.3428,0.4999
BAS00132,bkk1_to_tuol_sleng,commuter,baseline,0.0,8,1,219,12.05,1.533,11.605,14.972,17.224,0,0,0.46147,0.4093,0.3461,0.4983
BAS00133,bkk1_to_tuol_sleng,long_haul,baseline,0.0,7,1,219,6.17,1.533,17.536,20.869,23.009,0,3,0.7599,0.1264,0.3496,0.4969
BAS00134,bkk1_to_tuol_sleng,commuter,baseline,0.0,11,0,219,14.48,1.533,10.525,14.113,16.421,0,0,0.40539,0.5321,0.3582,0.4987
BAS00135,bkk1_to_tuol_sleng,long_haul,baseline,0.0,9,1,219,6.4,1.533,17.054,21.044,23.981,1,4,0.79435,0.1496,0.3465,0.4967
BAS00136,bkk1_to_tuol_sleng,commuter,baseline,0.0,17,1,219,14.8,1.533,10.892,14.628,18.494,0,0,0.51939,0.5477,0.3517,0.497
BAS00137,bkk1_to_tuol_sleng,delivery_rider,baseline,0.0,13,0,219,8.96,1.533,15.171,19.686,24.368,2,13,0.89089,0.3597,0.3399,0.4975
BAS00138,bkk1_to_tuol_sleng,delivery_rider,baseline,0.0,9,1,219,8.17,1.533,15.5,19.98,24.897,2,12,1.06796,0.3025,0.3447,0.4986
BAS00139,bkk1_to_tuol_sleng,delivery_rider,baseline,0.0,18,1,219,9.29,1.533,15.089,20.281,24.438,3,10,1.04234,0.3962,0.3468,0.4992
BAS00140,bkk1_to_tuol_sleng,commuter,baseline,0.0,22,0,219,14.6,1.533,11.792,15.734,18.181,0,0,0.47668,0.5667,0.3516,0.4988
BAS00141,bkk1_to_tuol_sleng,commuter,baseline,0.0,8,1,219,13.82,1.533,10.935,14.421,16.94,0,0,0.43452,0.5292,0.3578,0.4989
BAS00142,bkk1_to_tuol_sleng,commuter,baseline,0.0,23,0,219,13.96,1.533,11.689,15.48,17.953,0,2,0.58147,0.5618,0.3463,0.4992
BAS00143,bkk1_to_tuol_sleng,commuter,baseline,0.0,17,1,219,13.78,1.533,11.156,14.855,17.46,0,0,0.4613,0.507,0.3507,0.4995
BAS00144,bkk1_to_tuol_sleng,long_haul,baseline,0.0,7,1,219,6.54,1.533,17.037,20.871,23.918,2,10,0.90178,0.1671,0.3467,0.4996
BAS00145,bkk1_to_tuol_sleng,long_haul,baseline,0.0,14,0,219,5.7,1.533,16.942,20.446,23.883,0,5,0.76626,0.0,0.3407,0.4992
BAS00146,bkk1_to_tuol_sleng,commuter,baseline,0.0,21,0,219,12.12,1.533,12.006,15.204,18.396,0,0,0.42471,0.4511,0.357,0.4996
BAS00147,bkk1_to_tuol_sleng,delivery_rider,baseline,0.0,17,1,219,7.61,1.533,15.797,20.674,25.368,1,12,1.11174,0.2531,0.3539,0.498
BAS00148,bkk1_to_tuol_sleng,commuter,baseline,0.0,16,0,219,12.44,1.533,10.731,14.139,17.173,1,1,0.43672,0.4248,0.3466,0.4996
BAS00149,bkk1_to_tuol_sleng,delivery_rider,baseline,0.0,16,0,219,8.89,1.533,14.854,20.017,23.736,3,13,1.06807,0.32,0.3509,0.4997
BAS00150,bkk1_to_tuol_sleng,long_haul,baseline,0.0,8,1,219,7.13,1.533,16.968,20.888,25.568,3,11,0.92434,0.246,0.3534,0.4986
BAS00151,olympic_stadium_to_russian_market,commuter,baseline,0.0,11,0,256,14.63,1.792,11.867,14.883,20.499,1,2,0.47602,0.4814,0.5008,0.7878
BAS00152,olympic_stadium_to_russian_market,long_haul,baseline,0.0,8,1,256,7.14,1.792,17.673,20.639,27.859,3,8,0.81422,0.1521,0.5059,0.7938
BAS00153,olympic_stadium_to_russian_market,commuter,baseline,0.0,7,1,256,14.77,1.792,11.511,14.619,19.771,0,0,0.45123,0.4932,0.4966,0.8037
BAS00154,olympic_stadium_to_russian_market,delivery_rider,baseline,0.0,15,0,256,9.83,1.792,15.772,20.477,25.684,10,25,1.22726,0.3564,0.4971,0.7909
BAS00155,olympic_stadium_to_russian_market,commuter,baseline,0.0,7,1,256,13.62,1.792,11.73,14.94,19.829,0,0,0.41753,0.4473,0.4962,0.7946
BAS00156,olympic_stadium_to_russian_market,commuter,baseline,0.0,11,0,256,14.86,1.792,11.944,15.064,19.791,0,0,0.50401,0.4889,0.5031,0.7956
BAS00157,olympic_stadium_to_russian_market,commuter,baseline,0.0,14,0,256,13.88,1.792,11.767,14.749,18.537,0,0,0.42121,0.4704,0.5043,0.7882
BAS00158,olympic_stadium_to_russian_market,commuter,baseline,0.0,0,0,256,12.34,1.792,13.716,16.738,22.526,0,2,0.66114,0.4588,0.4954,0.8004
BAS00159,olympic_stadium_to_russian_market,delivery_rider,baseline,0.0,18,1,256,9.98,1.792,15.909,20.452,27.085,7,21,1.18631,0.3714,0.5027,0.7983
BAS00160,olympic_stadium_to_russian_market,commuter,baseline,0.0,12,0,256,18.17,1.792,11.045,14.506,19.202,4,4,0.5975,0.6098,0.5036,0.8073
BAS00161,olympic_stadium_to_russian_market,commuter,baseline,0.0,19,1,256,14.23,1.792,11.469,14.703,19.664,0,2,0.46337,0.4668,0.5081,0.7874
BAS00162,olympic_stadium_to_russian_market,long_haul,baseline,0.0,6,0,256,5.87,1.792,20.716,23.43,31.412,2,16,1.0342,0.1244,0.514,0.811
BAS00163,olympic_stadium_to_russian_market,long_haul,baseline,0.0,5,0,256,5.97,1.792,20.628,23.473,32.716,4,17,1.33143,0.1357,0.5042,0.7885
BAS00164,olympic_stadium_to_russian_market,commuter,baseline,0.0,18,1,256,14.26,1.792,11.538,14.636,19.541,0,0,0.41911,0.4685,0.4957,0.7873
BAS00165,olympic_stadium_to_russian_market,commuter,baseline,0.0,7,1,256,12.99,1.792,11.654,14.736,18.38,0,0,0.44889,0.4131,0.4969,0.7875
BAS00166,olympic_stadium_to_russian_market,long_haul,baseline,0.0,10,0,256,6.76,1.792,18.359,21.178,25.798,1,9,0.78082,0.1349,0.498,0.7942
BAS00167,olympic_stadium_to_russian_market,delivery_rider,baseline,0.0,18,1,256,9.68,1.792,15.883,20.424,26.033,5,16,1.0438,0.3451,0.5008,0.7782
BAS00168,olympic_stadium_to_russian_market,commuter,baseline,0.0,3,0,256,12.37,1.792,13.744,16.696,22.766,0,1,0.63977,0.4533,0.4975,0.8029
BAS00169,olympic_stadium_to_russian_market,delivery_rider,baseline,0.0,18,1,256,9.53,1.792,15.927,20.544,26.33,5,22,1.35316,0.3116,0.5068,0.7981
BAS00170,olympic_stadium_to_russian_market,commuter,baseline,0.0,17,1,256,16.38,1.792,11.252,14.852,19.252,1,3,0.57865,0.5621,0.5015,0.7852
BAS00171,olympic_stadium_to_russian_market,long_haul,baseline,0.0,8,1,256,6.15,1.792,17.995,20.66,28.693,1,4,0.76634,0.0194,0.5003,0.7733
BAS00172,olympic_stadium_to_russian_market,delivery_rider,baseline,0.0,18,1,256,8.95,1.792,16.042,20.799,26.947,4,12,0.93389,0.279,0.5041,0.8003
BAS00173,olympic_stadium_to_russian_market,delivery_rider,baseline,0.0,21,0,256,7.61,1.792,18.755,23.524,33.896,5,43,1.42204,0.2669,0.5142,0.7873
BAS00174,olympic_stadium_to_russian_market,commuter,baseline,0.0,17,1,256,15.32,1.792,11.149,14.561,19.298,1,2,0.53677,0.5261,0.5081,0.7833
BAS00175,olympic_stadium_to_russian_market,delivery_rider,baseline,0.0,22,0,256,7.81,1.792,18.311,22.575,29.436,6,33,1.43617,0.2711,0.5073,0.7956
BAS00176,olympic_stadium_to_russian_market,commuter,baseline,0.0,21,0,256,12.93,1.792,13.384,16.626,24.182,1,4,0.66356,0.49,0.5028,0.78
BAS00177,olympic_stadium_to_russian_market,long_haul,baseline,0.0,11,0,256,7.52,1.792,18.028,21.139,29.475,3,5,0.93423,0.2114,0.4931,0.7881
BAS00178,olympic_stadium_to_russian_market,long_haul,baseline,0.0,16,0,256,7.09,1.792,17.988,20.753,27.876,2,8,0.85147,0.1697,0.4897,0.785
BAS00179,olympic_stadium_to_russian_market,commuter,baseline,0.0,7,1,256,14.39,1.792,11.768,14.631,20.076,0,0,0.43499,0.4683,0.5072,0.7891
BAS00180,olympic_stadium_to_russian_market,delivery_rider,baseline,0.0,11,0,256,9.99,1.792,15.821,20.583,26.193,10,29,1.23915,0.384,0.4956,0.7904
BAS00181,olympic_stadium_to_russian_market,delivery_rider,baseline,0.0,6,0,256,8.76,1.792,18.195,23.261,33.288,5,32,1.48289,0.3678,0.499,0.7918
BAS00182,olympic_stadium_to_russian_market,long_haul,baseline,0.0,17,1,256,6.66,1.792,17.844,20.732,28.741,0,1,0.70669,0.1007,0.5023,0.7931
BAS00183,olympic_stadium_to_russian_market,delivery_rider,baseline,0.0,7,1,256,7.74,1.792,16.462,21.087,27.78,8,23,1.20446,0.1709,0.5078,0.805
BAS00184,olympic_stadium_to_russian_market,commuter,baseline,0.0,5,0,256,15.67,1.792,13.098,16.519,21.66,1,5,0.69218,0.5895,0.5037,0.8075
BAS00185,olympic_stadium_to_russian_market,long_haul,baseline,0.0,8,1,256,6.3,1.792,18.063,20.956,26.612,0,3,0.73573,0.0466,0.5048,0.7981
BAS00186,olympic_stadium_to_russian_market,commuter,baseline,0.0,8,1,256,15.97,1.792,11.534,14.825,19.885,0,0,0.47522,0.5496,0.5049,0.8003
BAS00187,olympic_stadium_to_russian_market,commuter,baseline,0.0,7,1,256,13.2,1.792,11.66,14.732,19.522,0,0,0.45886,0.4262,0.4996,0.7894
BAS00188,olympic_stadium_to_russian_market,long_haul,baseline,0.0,19,1,256,6.93,1.792,18.153,20.864,27.869,2,6,0.74697,0.1517,0.5178,0.825
BAS00189,olympic_stadium_to_russian_market,commuter,baseline,0.0,22,0,256,18.5,1.792,12.626,16.587,22.014,1,3,0.82946,0.6676,0.5062,0.8047
BAS00190,olympic_stadium_to_russian_market,long_haul,baseline,0.0,18,1,256,6.47,1.792,17.787,20.565,27.93,2,7,0.98024,0.0572,0.4936,0.7937
BAS00191,olympic_stadium_to_russian_market,commuter,baseline,0.0,8,1,256,16.38,1.792,11.481,14.934,19.071,1,2,0.48917,0.5504,0.4951,0.8115
BAS00192,olympic_stadium_to_russian_market,long_haul,baseline,0.0,7,1,256,6.5,1.792,18.116,21.092,28.882,2,7,0.89027,0.0934,0.4987,0.7977
BAS00193,olympic_stadium_to_russian_market,commuter,baseline,0.0,7,1,256,16.08,1.792,11.427,14.897,20.155,0,0,0.53369,0.5508,0.5046,0.7915
BAS00194,olympic_stadium_to_russian_market,delivery_rider,baseline,0.0,15,0,256,10.09,1.792,15.646,20.325,26.931,9,29,1.20336,0.3741,0.511,0.7975
BAS00195,olympic_stadium_to_russian_market,commuter,baseline,0.0,18,1,256,16.23,1.792,11.337,14.503,22.353,1,1,0.5563,0.5404,0.4964,0.7897
BAS00196,olympic_stadium_to_russian_market,delivery_rider,baseline,0.0,8,1,256,9.54,1.792,15.83,20.627,26.198,8,28,1.17002,0.3295,0.5118,0.7811
BAS00197,olympic_stadium_to_russian_market,long_haul,baseline,0.0,12,0,256,7.04,1.792,17.798,20.843,29.287,2,11,0.86746,0.1589,0.5016,0.7924
BAS00198,olympic_stadium_to_russian_market,long_haul,baseline,0.0,21,0,256,5.29,1.792,20.956,23.665,32.778,2,14,1.09211,0.0238,0.5015,0.8095
BAS00199,olympic_stadium_to_russian_market,delivery_rider,baseline,0.0,18,1,256,7.25,1.792,16.418,20.953,27.219,4,15,1.08272,0.0836,0.504,0.7761
BAS00200,olympic_stadium_to_russian_market,delivery_rider,baseline,0.0,21,0,256,8.36,1.792,18.793,23.419,29.596,14,48,1.90202,0.3524,0.5014,0.776
BAS00201,naga_world_to_royal_palace,commuter,baseline,0.0,18,1,8,0.44,0.056,10.419,13.068,14.079,0,0,0.25731,0.4123,0.1453,0.2568
BAS00202,naga_world_to_royal_palace,delivery_rider,baseline,0.0,9,1,8,0.59,0.056,11.535,15.252,17.026,0,0,0.27933,0.5987,0.17,0.2118
BAS00203,naga_world_to_royal_palace,long_haul,baseline,0.0,18,1,8,0.21,0.056,16.441,18.441,18.483,0,0,0.38759,0.0,0.1723,0.2484
BAS00204,naga_world_to_royal_palace,commuter,baseline,0.0,11,0,8,0.45,0.056,9.534,13.089,13.706,0,0,0.22464,0.5056,0.0947,0.1808
BAS00205,naga_world_to_royal_palace,commuter,baseline,0.0,11,0,8,0.3,0.056,11.481,13.348,13.668,0,0,0.24275,0.0,0.1756,0.2256
BAS00206,naga_world_to_royal_palace,commuter,baseline,0.0,18,1,8,0.3,0.056,11.203,12.547,12.877,0,0,0.17777,0.0,0.1442,0.2545
BAS00207,naga_world_to_royal_palace,delivery_rider,baseline,0.0,12,0,8,0.23,0.056,15.274,18.278,23.007,0,0,1.00155,0.0,0.1756,0.222
BAS00208,naga_world_to_royal_palace,delivery_rider,baseline,0.0,17,1,8,0.3,0.056,11.883,14.748,15.485,0,0,0.49715,0.0,0.1886,0.2665
BAS00209,naga_world_to_royal_palace,long_haul,baseline,0.0,20,0,8,0.22,0.056,15.136,17.732,17.939,0,0,0.36004,0.0,0.1358,0.2349
BAS00210,naga_world_to_royal_palace,long_haul,baseline,0.0,22,0,8,0.61,0.056,13.435,17.381,18.228,0,0,0.75721,0.6779,0.1397,0.2383
BAS00211,naga_world_to_royal_palace,delivery_rider,baseline,0.0,6,0,8,0.69,0.056,13.36,17.71,18.071,0,0,0.52583,0.7111,0.132,0.205
BAS00212,naga_world_to_royal_palace,delivery_rider,baseline,0.0,15,0,8,0.26,0.056,13.751,16.325,19.358,0,0,0.60427,0.0,0.159,0.2293
BAS00213,naga_world_to_royal_palace,delivery_rider,baseline,0.0,7,1,8,0.25,0.056,14.124,18.373,19.502,0,0,0.82002,0.0,0.1494,0.2174
BAS00214,naga_world_to_royal_palace,commuter,baseline,0.0,10,0,8,0.3,0.056,11.148,12.338,13.099,0,0,0.17176,0.0,0.1253,0.258
BAS00215,naga_world_to_royal_palace,delivery_rider,baseline,0.0,22,0,8,0.71,0.056,12.284,18.205,19.132,1,2,1.23704,0.6853,0.1606,0.2198
BAS00216,naga_world_to_royal_palace,commuter,baseline,0.0,7,1,8,0.31,0.056,10.888,12.102,12.155,0,0,0.13141,0.0,0.1968,0.2631
BAS00217,naga_world_to_royal_palace,long_haul,baseline,0.0,23,0,8,0.21,0.056,15.99,18.822,19.007,0,0,0.64952,0.0,0.129,0.2308
BAS00218,naga_world_to_royal_palace,commuter,baseline,0.0,19,1,8,0.31,0.056,10.834,11.976,12.899,0,0,0.11846,0.0,0.136,0.2241
BAS00219,naga_world_to_royal_palace,commuter,baseline,0.0,6,0,8,0.41,0.056,9.985,12.413,12.46,0,0,0.36511,0.3486,0.1196,0.2241
BAS00220,naga_world_to_royal_palace,commuter,baseline,0.0,18,1,8,0.32,0.056,10.573,12.924,13.634,0,0,0.27503,0.0,0.1704,0.2493
BAS00221,naga_world_to_royal_palace,commuter,baseline,0.0,18,1,8,0.47,0.056,9.392,11.762,12.54,0,0,0.2345,0.3897,0.1702,0.2522
BAS00222,naga_world_to_royal_palace,commuter,baseline,0.0,11,0,8,0.47,0.056,9.941,14.113,14.766,0,0,0.271,0.5277,0.1414,0.2227
BAS00223,naga_world_to_royal_palace,commuter,baseline,0.0,7,1,8,0.92,0.056,9.057,12.973,14.086,0,0,0.47578,0.7534,0.143,0.2353
BAS00224,naga_world_to_royal_palace,commuter,baseline,0.0,17,1,8,0.75,0.056,10.213,13.015,13.114,0,0,0.46645,0.654,0.1903,0.2424
BAS00225,naga_world_to_royal_palace,delivery_rider,baseline,0.0,14,0,8,0.22,0.056,15.455,17.876,18.473,0,0,0.57328,0.0,0.147,0.2158
BAS00226,naga_world_to_royal_palace,long_haul,baseline,0.0,19,1,8,0.22,0.056,15.393,17.835,19.151,0,0,0.4664,0.0,0.1637,0.2448
BAS00227,naga_world_to_royal_palace,long_haul,baseline,0.0,22,0,8,0.24,0.056,14.161,16.046,16.791,0,0,0.25197,0.0,0.13,0.232
BAS00228,naga_world_to_royal_palace,long_haul,baseline,0.0,20,0,8,0.23,0.056,15.554,17.788,18.711,0,0,0.56437,0.0,0.1415,0.2181
BAS00229,naga_world_to_royal_palace,commuter,baseline,0.0,22,0,8,0.32,0.056,10.832,12.944,13.302,0,0,0.24108,0.0,0.1526,0.2456
BAS00230,naga_world_to_royal_palace,long_haul,baseline,0.0,11,0,8,0.21,0.056,15.809,17.495,18.718,0,0,0.34898,0.0,0.1122,0.2227
BAS00231,naga_world_to_royal_palace,commuter,baseline,0.0,7,1,8,0.3,0.056,11.46,12.481,13.361,0,0,0.15714,0.0,0.1379,0.2496
BAS00232,naga_world_to_royal_palace,delivery_rider,baseline,0.0,14,0,8,0.24,0.056,14.121,16.854,17.303,0,0,0.45552,0.0,0.1607,0.2278
BAS00233,naga_world_to_royal_palace,commuter,baseline,0.0,12,0,8,0.39,0.056,10.41,12.494,12.745,0,0,0.25302,0.3259,0.1435,0.2385
BAS00234,naga_world_to_royal_palace,delivery_rider,baseline,0.0,11,0,8,0.75,0.056,11.864,17.494,19.873,0,0,0.76172,0.6861,0.1024,0.1838
BAS00235,naga_world_to_royal_palace,delivery_rider,baseline,0.0,7,1,8,0.23,0.056,15.227,18.657,20.0,0,0,0.80463,0.0,0.131,0.169
BAS00236,naga_world_to_royal_palace,long_haul,baseline,0.0,15,0,8,0.22,0.056,15.623,16.989,17.27,0,0,0.39784,0.0,0.1917,0.2408
BAS00237,naga_world_to_royal_palace,long_haul,baseline,0.0,14,0,8,0.22,0.056,15.621,18.78,18.968,0,0,0.99551,0.0,0.1518,0.2615
BAS00238,naga_world_to_royal_palace,delivery_rider,baseline,0.0,16,0,8,0.23,0.056,14.705,17.156,17.585,0,0,0.63302,0.0,0.1456,0.2452
BAS00239,naga_world_to_royal_palace,delivery_rider,baseline,0.0,7,1,8,0.23,0.056,14.557,15.982,16.279,0,0,0.35197,0.0,0.1621,0.2339
BAS00240,naga_world_to_royal_palace,delivery_rider,baseline,0.0,20,0,8,0.22,0.056,15.696,18.151,21.355,0,0,0.89991,0.0,0.1578,0.2251
BAS00241,naga_world_to_royal_palace,commuter,baseline,0.0,8,1,8,0.32,0.056,10.791,13.709,13.874,0,0,0.28456,0.0,0.1546,0.2562
BAS00242,naga_world_to_royal_palace,delivery_rider,baseline,0.0,18,1,8,0.25,0.056,14.147,16.861,18.236,0,0,0.37833,0.0,0.1347,0.2069
BAS00243,naga_world_to_royal_palace,long_haul,baseline,0.0,17,1,8,0.22,0.056,15.515,17.165,18.712,0,0,0.47199,0.0,0.1343,0.2423
BAS00244,naga_world_to_royal_palace,long_haul,baseline,0.0,12,0,8,0.2,0.056,16.947,18.163,18.878,0,0,0.36142,0.0,0.1782,0.2394
BAS00245,naga_world_to_royal_palace,commuter,baseline,0.0,21,0,8,0.29,0.056,11.704,13.639,14.524,0,0,0.27507,0.0,0.1948,0.2371
BAS00246,naga_world_to_royal_palace,commuter,baseline,0.0,22,0,8,0.29,0.056,11.725,12.397,13.813,0,0,0.1381,0.0,0.1491,0.2442
BAS00247,naga_world_to_royal_palace,long_haul,baseline,0.0,7,1,8,0.2,0.056,16.613,18.317,19.189,0,0,0.3426,0.0,0.1044,0.1838
BAS00248,naga_world_to_royal_palace,commuter,baseline,0.0,14,0,8,0.4,0.056,10.591,13.489,15.105,0,0,0.20332,0.3596,0.1319,0.2004
BAS00249,naga_world_to_royal_palace,delivery_rider,baseline,0.0,17,1,8,0.22,0.056,15.458,17.615,19.04,0,0,0.58654,0.0,0.1641,0.2478
BAS00250,naga_world_to_royal_palace,long_haul,baseline,0.0,7,1,8,0.21,0.056,16.256,18.071,18.69,0,0,0.61118,0.0,0.138,0.1977
BAS00251,bkk1_to_olympic_stadium,commuter,baseline,0.0,11,0,12,0.54,0.084,10.785,13.661,14.163,0,0,0.35037,0.236,0.3447,0.4661
BAS00252,bkk1_to_olympic_stadium,long_haul,baseline,0.0,17,1,12,0.34,0.084,15.039,16.075,18.829,0,0,0.41362,0.0,0.3663,0.4962
BAS00253,bkk1_to_olympic_stadium,delivery_rider,baseline,0.0,7,1,12,0.39,0.084,13.668,16.914,18.446,0,0,0.45587,0.0,0.3683,0.4879
BAS00254,bkk1_to_olympic_stadium,commuter,baseline,0.0,8,1,12,0.63,0.084,9.308,10.529,12.216,0,0,0.17804,0.2522,0.3612,0.48
BAS00255,bkk1_to_olympic_stadium,delivery_rider,baseline,0.0,8,1,12,0.35,0.084,14.687,17.192,17.951,0,0,0.73464,0.0,0.2911,0.4327
BAS00256,bkk1_to_olympic_stadium,commuter,baseline,0.0,7,1,12,0.57,0.084,9.795,11.596,12.557,0,0,0.18821,0.2039,0.3128,0.4731
BAS00257,bkk1_to_olympic_stadium,delivery_rider,baseline,0.0,18,1,12,0.44,0.084,12.227,15.338,16.992,0,0,0.4294,0.0,0.3625,0.4887
BAS00258,bkk1_to_olympic_stadium,commuter,baseline,0.0,18,1,12,1.09,0.084,9.521,11.328,11.428,0,0,0.2698,0.5825,0.3036,0.4322
BAS00259,bkk1_to_olympic_stadium,commuter,baseline,0.0,13,0,12,0.61,0.084,10.184,12.091,13.87,0,0,0.42705,0.2937,0.3426,0.4949
BAS00260,bkk1_to_olympic_stadium,commuter,baseline,0.0,15,0,12,1.9,0.084,8.065,12.485,13.556,0,0,0.29748,0.8428,0.3417,0.4587
BAS00261,bkk1_to_olympic_stadium,delivery_rider,baseline,0.0,12,0,12,0.36,0.084,14.865,19.236,20.034,0,0,0.83624,0.0,0.324,0.4383
BAS00262,bkk1_to_olympic_stadium,delivery_rider,baseline,0.0,13,0,12,0.8,0.084,11.98,16.677,21.623,0,0,0.5701,0.5166,0.3507,0.4945
BAS00263,bkk1_to_olympic_stadium,delivery_rider,baseline,0.0,16,0,12,0.53,0.084,13.216,17.409,19.351,0,1,1.03692,0.3529,0.3422,0.4528
BAS00264,bkk1_to_olympic_stadium,commuter,baseline,0.0,17,1,12,0.87,0.084,9.971,12.517,12.958,0,0,0.41244,0.4965,0.3393,0.4733
BAS00265,bkk1_to_olympic_stadium,delivery_rider,baseline,0.0,15,0,12,0.37,0.084,13.895,16.49,17.498,0,0,0.38612,0.0,0.3712,0.4861
BAS00266,bkk1_to_olympic_stadium,long_haul,baseline,0.0,20,0,12,0.3,0.084,17.132,18.485,19.651,0,0,0.47446,0.0,0.3408,0.4755
BAS00267,bkk1_to_olympic_stadium,commuter,baseline,0.0,19,1,12,0.52,0.084,9.838,11.037,11.842,0,0,0.11992,0.0,0.3638,0.4752
BAS00268,bkk1_to_olympic_stadium,long_haul,baseline,0.0,8,1,12,0.35,0.084,14.781,16.746,18.728,0,0,0.31997,0.0,0.342,0.4925
BAS00269,bkk1_to_olympic_stadium,delivery_rider,baseline,0.0,8,1,12,0.43,0.084,12.29,15.487,16.542,0,0,0.36293,0.0,0.3695,0.4897
BAS00270,bkk1_to_olympic_stadium,commuter,baseline,0.0,17,1,12,0.68,0.084,10.156,12.354,13.355,0,0,0.22681,0.3677,0.3313,0.4437
BAS00271,bkk1_to_olympic_stadium,long_haul,baseline,0.0,22,0,12,0.3,0.084,17.147,19.529,20.111,0,0,0.6788,0.0,0.3468,0.4762
BAS00272,bkk1_to_olympic_stadium,commuter,baseline,0.0,9,1,12,0.49,0.084,10.608,12.067,14.431,0,0,0.12578,0.0,0.406,0.4992
BAS00273,bkk1_to_olympic_stadium,delivery_rider,baseline,0.0,18,1,12,0.71,0.084,11.887,16.695,17.244,0,1,1.0876,0.5397,0.3834,0.4818
BAS00274,bkk1_to_olympic_stadium,commuter,baseline,0.0,18,1,12,0.47,0.084,10.836,12.331,13.367,0,0,0.1589,0.0,0.3543,0.4914
BAS00275,bkk1_to_olympic_stadium,long_haul,baseline,0.0,8,1,12,0.35,0.084,14.751,16.566,17.37,0,0,0.34576,0.0,0.4027,0.4977
BAS00276,bkk1_to_olympic_stadium,delivery_rider,baseline,0.0,17,1,12,0.81,0.084,11.624,15.491,16.2,0,0,0.72394,0.6075,0.3736,0.4984
BAS00277,bkk1_to_olympic_stadium,long_haul,baseline,0.0,12,0,12,0.32,0.084,16.085,17.037,17.485,0,0,0.3931,0.0,0.3824,0.4638
BAS00278,bkk1_to_olympic_stadium,commuter,baseline,0.0,8,1,12,0.9,0.084,9.729,11.598,14.289,0,0,0.18662,0.5027,0.3252,0.4943
BAS00279,bkk1_to_olympic_stadium,commuter,baseline,0.0,8,1,12,1.01,0.084,8.202,11.826,12.128,0,0,0.27594,0.6214,0.3235,0.4824
BAS00280,bkk1_to_olympic_stadium,commuter,baseline,0.0,22,0,12,0.94,0.084,11.502,14.825,15.704,0,0,0.4818,0.6661,0.335,0.4722
BAS00281,bkk1_to_olympic_stadium,long_haul,baseline,0.0,8,1,12,0.33,0.084,15.455,17.465,17.763,0,0,0.45389,0.0,0.3389,0.4651
BAS00282,bkk1_to_olympic_stadium,delivery_rider,baseline,0.0,12,0,12,0.39,0.084,13.69,17.161,20.039,0,0,0.42596,0.0,0.3515,0.4565
BAS00283,bkk1_to_olympic_stadium,commuter,baseline,0.0,7,1,12,0.97,0.084,9.288,11.285,12.295,0,0,0.26666,0.5141,0.3701,0.4736
BAS00284,bkk1_to_olympic_stadium,long_haul,baseline,0.0,9,1,12,1.13,0.084,11.137,17.174,18.468,0,0,0.69374,0.763,0.3455,0.4517
BAS00285,bkk1_to_olympic_stadium,long_haul,baseline,0.0,12,0,12,0.33,0.084,15.416,17.967,20.9,0,0,0.64575,0.0,0.3606,0.4788
BAS00286,bkk1_to_olympic_stadium,commuter,baseline,0.0,11,0,12,0.8,0.084,9.482,12.257,12.881,0,0,0.37124,0.5118,0.3436,0.4432
BAS00287,bkk1_to_olympic_stadium,commuter,baseline,0.0,17,1,12,0.77,0.084,8.592,11.515,12.104,0,0,0.3253,0.5252,0.3801,0.4958
BAS00288,bkk1_to_olympic_stadium,commuter,baseline,0.0,7,1,12,1.03,0.084,8.736,13.198,13.854,0,0,0.45905,0.7224,0.3401,0.496
BAS00289,bkk1_to_olympic_stadium,long_haul,baseline,0.0,18,1,12,0.49,0.084,12.888,15.576,16.028,0,0,0.65914,0.3113,0.3203,0.4277
BAS00290,bkk1_to_olympic_stadium,commuter,baseline,0.0,10,0,12,0.46,0.084,11.184,12.563,13.301,0,0,0.14481,0.0,0.3681,0.4988
BAS00291,bkk1_to_olympic_stadium,commuter,baseline,0.0,17,1,12,0.47,0.084,10.841,11.649,12.268,0,0,0.11947,0.0,0.3316,0.4366
BAS00292,bkk1_to_olympic_stadium,long_haul,baseline,0.0,17,1,12,0.34,0.084,14.954,16.933,18.475,0,0,0.32354,0.0,0.3381,0.44
BAS00293,bkk1_to_olympic_stadium,commuter,baseline,0.0,7,1,12,0.88,0.084,9.558,12.541,12.973,0,0,0.1825,0.4794,0.3147,0.4351
BAS00294,bkk1_to_olympic_stadium,long_haul,baseline,0.0,18,1,12,0.36,0.084,14.386,17.363,18.291,0,0,0.42297,0.0,0.3549,0.4902
BAS00295,bkk1_to_olympic_stadium,commuter,baseline,0.0,6,0,12,0.74,0.084,11.246,14.253,15.138,0,0,0.43969,0.5594,0.3338,0.4554
BAS00296,bkk1_to_olympic_stadium,commuter,baseline,0.0,18,1,12,0.94,0.084,8.459,11.633,12.434,0,0,0.25078,0.5322,0.3499,0.4335
BAS00297,bkk1_to_olympic_stadium,commuter,baseline,0.0,8,1,12,1.12,0.084,9.249,11.927,12.498,0,0,0.32722,0.6442,0.3157,0.4455
BAS00298,bkk1_to_olympic_stadium,delivery_rider,baseline,0.0,11,0,12,0.39,0.084,13.649,18.355,18.921,0,0,0.39802,0.0,0.3609,0.4898
BAS00299,bkk1_to_olympic_stadium,long_haul,baseline,0.0,17,1,12,0.32,0.084,15.703,18.384,18.581,0,0,0.52551,0.0,0.3044,0.4652
BAS00300,bkk1_to_olympic_stadium,commuter,baseline,0.0,11,0,12,0.5,0.084,10.425,12.099,12.659,0,0,0.20725,0.0,0.3631,0.4972
BAS00301,sorya_mall_to_central_market,commuter,baseline,0.0,23,0,66,3.33,0.462,14.399,23.767,26.413,1,2,1.41688,0.4978,0.1463,0.2594
BAS00302,sorya_mall_to_central_market,long_haul,baseline,0.0,22,0,66,1.52,0.462,22.27,33.938,39.437,1,6,1.11693,0.0,0.1389,0.2412
BAS00303,sorya_mall_to_central_market,commuter,baseline,0.0,18,1,66,3.35,0.462,12.986,19.042,25.478,2,4,1.12491,0.4561,0.1619,0.2632
BAS00304,sorya_mall_to_central_market,commuter,baseline,0.0,5,0,66,3.2,0.462,14.308,24.586,26.814,2,5,1.73484,0.4149,0.1454,0.2577
BAS00305,sorya_mall_to_central_market,delivery_rider,baseline,0.0,9,1,66,2.84,0.462,17.471,28.613,33.252,3,12,1.34312,0.4485,0.1435,0.2346
BAS00306,sorya_mall_to_central_market,delivery_rider,baseline,0.0,13,0,66,3.47,0.462,15.246,23.023,29.767,3,8,1.31837,0.546,0.1578,0.2769
BAS00307,sorya_mall_to_central_market,commuter,baseline,0.0,11,0,66,4.85,0.462,10.28,17.843,19.659,1,2,0.64747,0.672,0.1509,0.2685
BAS00308,sorya_mall_to_central_market,commuter,baseline,0.0,17,1,66,4.84,0.462,11.955,21.436,25.033,1,2,1.2053,0.634,0.1593,0.267
BAS00309,sorya_mall_to_central_market,commuter,baseline,0.0,7,1,66,4.42,0.462,12.349,20.843,23.789,1,2,0.95896,0.62,0.1577,0.2695
BAS00310,sorya_mall_to_central_market,commuter,baseline,0.0,14,0,66,3.61,0.462,11.783,18.351,21.822,0,0,0.44744,0.429,0.1318,0.2495
BAS00311,sorya_mall_to_central_market,commuter,baseline,0.0,7,1,66,3.2,0.462,13.559,21.785,25.716,2,7,1.08688,0.386,0.1596,0.2663
BAS00312,sorya_mall_to_central_market,long_haul,baseline,0.0,18,1,66,1.73,0.462,20.135,32.014,35.193,1,4,1.03959,0.1001,0.1454,0.2565
BAS00313,sorya_mall_to_central_market,delivery_rider,baseline,0.0,18,1,66,2.37,0.462,18.293,27.676,31.994,1,9,1.49366,0.3143,0.1659,0.253
BAS00314,sorya_mall_to_central_market,long_haul,baseline,0.0,17,1,66,1.89,0.462,19.673,29.404,34.503,2,10,1.25147,0.2001,0.1626,0.2808
BAS00315,sorya_mall_to_central_market,commuter,baseline,0.0,6,0,66,4.81,0.462,13.26,21.214,28.786,2,4,1.60945,0.697,0.1478,0.2603
BAS00316,sorya_mall_to_central_market,commuter,baseline,0.0,15,0,66,3.37,0.462,11.519,18.202,22.554,2,4,0.9294,0.3986,0.1527,0.2527
BAS00317,sorya_mall_to_central_market,delivery_rider,baseline,0.0,6,0,66,2.57,0.462,20.178,31.609,36.924,4,18,3.28914,0.4447,0.1468,0.2643
BAS00318,sorya_mall_to_central_market,delivery_rider,baseline,0.0,7,1,66,2.21,0.462,18.08,27.825,33.469,1,6,1.17709,0.2588,0.1503,0.2521
BAS00319,sorya_mall_to_central_market,commuter,baseline,0.0,6,0,66,3.39,0.462,14.413,22.839,26.418,2,4,1.63938,0.4707,0.1536,0.2586
BAS00320,sorya_mall_to_central_market,delivery_rider,baseline,0.0,9,1,66,2.04,0.462,18.072,26.539,32.515,2,8,1.78215,0.2078,0.1627,0.2738
BAS00321,sorya_mall_to_central_market,delivery_rider,baseline,0.0,10,0,66,2.24,0.462,15.497,22.056,25.659,0,3,1.00978,0.168,0.15,0.2691
BAS00322,sorya_mall_to_central_market,long_haul,baseline,0.0,11,0,66,1.91,0.462,17.342,26.487,29.034,0,0,0.65255,0.1079,0.1491,0.2762
BAS00323,sorya_mall_to_central_market,long_haul,baseline,0.0,11,0,66,1.86,0.462,17.527,26.983,30.453,0,2,0.80827,0.0559,0.1569,0.2715
BAS00324,sorya_mall_to_central_market,delivery_rider,baseline,0.0,22,0,66,2.09,0.462,19.652,30.895,37.344,4,12,1.84061,0.2432,0.1552,0.2689
BAS00325,sorya_mall_to_central_market,delivery_rider,baseline,0.0,18,1,66,2.65,0.462,17.665,26.346,32.713,0,4,0.9394,0.4404,0.1483,0.2657
BAS00326,sorya_mall_to_central_market,commuter,baseline,0.0,17,1,66,5.23,0.462,12.174,21.316,24.812,2,3,1.11697,0.6643,0.1521,0.2647
BAS00327,sorya_mall_to_central_market,commuter,baseline,0.0,12,0,66,3.04,0.462,11.842,18.7,21.35,1,2,0.61737,0.2733,0.1493,0.2612
BAS00328,sorya_mall_to_central_market,commuter,baseline,0.0,13,0,66,4.17,0.462,11.403,18.815,21.426,0,0,0.43095,0.5695,0.1521,0.2544
BAS00329,sorya_mall_to_central_market,commuter,baseline,0.0,6,0,66,3.33,0.462,14.594,24.392,29.231,2,5,1.20499,0.4568,0.1567,0.2537
BAS00330,sorya_mall_to_central_market,commuter,baseline,0.0,18,1,66,5.2,0.462,12.966,21.425,24.481,1,3,0.8005,0.6317,0.1572,0.2612
BAS00331,sorya_mall_to_central_market,delivery_rider,baseline,0.0,10,0,66,4.9,0.462,14.972,23.273,28.827,1,10,1.35589,0.7092,0.147,0.2405
BAS00332,sorya_mall_to_central_market,delivery_rider,baseline,0.0,7,1,66,2.52,0.462,17.069,27.133,34.518,4,10,2.1921,0.4102,0.1547,0.2628
BAS00333,sorya_mall_to_central_market,commuter,baseline,0.0,17,1,66,4.37,0.462,13.151,22.105,24.75,0,0,0.64009,0.5851,0.1564,0.2716
BAS00334,sorya_mall_to_central_market,delivery_rider,baseline,0.0,5,0,66,1.63,0.462,20.693,29.496,39.532,3,19,2.46697,0.0782,0.1419,0.2733
BAS00335,sorya_mall_to_central_market,delivery_rider,baseline,0.0,8,1,66,2.75,0.462,17.206,27.865,31.022,4,9,2.3758,0.5046,0.1611,0.2804
BAS00336,sorya_mall_to_central_market,delivery_rider,baseline,0.0,23,0,66,1.9,0.462,20.101,30.841,36.209,4,17,2.11763,0.2369,0.1558,0.2663
BAS00337,sorya_mall_to_central_market,commuter,baseline,0.0,8,1,66,4.18,0.462,13.342,21.666,23.55,0,0,0.50548,0.5991,0.1473,0.2759
BAS00338,sorya_mall_to_central_market,long_haul,baseline,0.0,8,1,66,1.92,0.462,19.33,30.997,34.919,2,7,1.25997,0.2341,0.1461,0.2659
BAS00339,sorya_mall_to_central_market,long_haul,baseline,0.0,5,0,66,1.52,0.462,22.343,33.993,38.426,1,13,1.66315,0.0594,0.1528,0.2701
BAS00340,sorya_mall_to_central_market,delivery_rider,baseline,0.0,10,0,66,3.23,0.462,15.189,24.62,30.59,2,9,1.79951,0.4916,0.1503,0.2567
BAS00341,sorya_mall_to_central_market,long_haul,baseline,0.0,17,1,66,2.19,0.462,19.146,30.06,34.462,3,10,1.64381,0.2629,0.1638,0.2754
BAS00342,sorya_mall_to_central_market,commuter,baseline,0.0,16,0,66,4.74,0.462,10.821,17.298,20.747,2,4,0.7625,0.5894,0.1543,0.2616
BAS00343,sorya_mall_to_central_market,commuter,baseline,0.0,13,0,66,5.82,0.462,10.707,16.883,23.756,3,6,1.37083,0.6821,0.1567,0.248
BAS00344,sorya_mall_to_central_market,commuter,baseline,0.0,20,0,66,2.59,0.462,15.408,24.673,28.074,0,1,0.54393,0.3541,0.1439,0.2612
BAS00345,sorya_mall_to_central_market,commuter,baseline,0.0,8,1,66,4.09,0.462,12.794,19.959,25.915,2,4,1.00571,0.5616,0.1544,0.2616
BAS00346,sorya_mall_to_central_market,delivery_rider,baseline,0.0,10,0,66,2.36,0.462,16.309,24.071,29.507,1,3,1.14817,0.2486,0.1434,0.2462
BAS00347,sorya_mall_to_central_market,commuter,baseline,0.0,8,1,66,4.31,0.462,12.471,21.189,26.248,1,4,1.05428,0.5887,0.1386,0.266
BAS00348,sorya_mall_to_central_market,delivery_rider,baseline,0.0,14,0,66,3.54,0.462,15.366,24.257,32.816,2,13,1.488,0.5327,0.1515,0.2506
BAS00349,sorya_mall_to_central_market,commuter,baseline,0.0,17,1,66,3.45,0.462,13.008,21.612,26.461,0,0,0.59977,0.543,0.141,0.2684
BAS00350,sorya_mall_to_central_market,long_haul,baseline,0.0,8,1,66,1.73,0.462,19.674,30.732,34.094,1,8,1.29129,0.0519,0.1554,0.2615
BAS00351,calmette_to_independence,delivery_rider,baseline,0.0,13,0,81,3.35,0.567,14.688,20.469,23.348,1,2,0.85633,0.3004,0.1525,0.2627
BAS00352,calmette_to_independence,commuter,baseline,0.0,4,0,81,5.22,0.567,11.26,15.7,17.159,0,1,0.594,0.4992,0.1462,0.254
BAS00353,calmette_to_independence,delivery_rider,baseline,0.0,5,0,81,3.16,0.567,15.961,23.144,27.547,2,15,1.4331,0.262,0.1483,0.2591
BAS00354,calmette_to_independence,delivery_rider,baseline,0.0,12,0,81,3.12,0.567,14.908,21.132,27.119,2,8,1.26756,0.2907,0.1473,0.2902
BAS00355,calmette_to_independence,commuter,baseline,0.0,11,0,81,5.13,0.567,10.613,15.25,16.568,0,0,0.49472,0.4575,0.1435,0.2551
BAS00356,calmette_to_independence,commuter,baseline,0.0,7,1,81,6.93,0.567,9.359,14.634,16.65,0,0,0.56187,0.6334,0.1559,0.2841
BAS00357,calmette_to_independence,commuter,baseline,0.0,19,1,81,5.04,0.567,10.057,14.644,17.631,0,0,0.41788,0.4748,0.1474,0.2551
BAS00358,calmette_to_independence,long_haul,baseline,0.0,20,0,81,2.71,0.567,17.278,22.718,26.887,3,8,1.52078,0.2671,0.1524,0.2639
BAS00359,calmette_to_independence,delivery_rider,baseline,0.0,19,1,81,2.69,0.567,15.165,20.34,23.968,0,1,0.76796,0.0932,0.1451,0.2596
BAS00360,calmette_to_independence,commuter,baseline,0.0,22,0,81,5.28,0.567,10.797,15.466,16.627,0,0,0.51431,0.5119,0.1426,0.263
BAS00361,calmette_to_independence,long_haul,baseline,0.0,12,0,81,2.72,0.567,16.444,20.789,25.17,1,3,0.71901,0.1812,0.1602,0.2693
BAS00362,calmette_to_independence,long_haul,baseline,0.0,17,1,81,2.26,0.567,16.663,21.125,22.191,0,2,0.75311,0.0482,0.1612,0.2692
BAS00363,calmette_to_independence,commuter,baseline,0.0,6,0,81,4.76,0.567,11.526,15.478,16.923,0,0,0.45059,0.4632,0.1494,0.2603
BAS00364,calmette_to_independence,delivery_rider,baseline,0.0,14,0,81,2.54,0.567,15.481,20.879,24.926,1,3,1.07723,0.0478,0.1469,0.2633
BAS00365,calmette_to_independence,commuter,baseline,0.0,23,0,81,4.38,0.567,11.807,15.767,16.814,0,0,0.44999,0.4036,0.1623,0.2568
BAS00366,calmette_to_independence,commuter,baseline,0.0,17,1,81,4.95,0.567,10.976,15.435,16.077,0,0,0.56429,0.4761,0.1611,0.2723
BAS00367,calmette_to_independence,commuter,baseline,0.0,7,1,81,4.56,0.567,10.984,14.825,16.688,0,1,0.50285,0.3904,0.1501,0.2671
BAS00368,calmette_to_independence,commuter,baseline,0.0,5,0,81,5.24,0.567,11.631,16.12,16.913,0,2,0.68698,0.4917,0.1431,0.2733
BAS00369,calmette_to_independence,delivery_rider,baseline,0.0,18,1,81,4.25,0.567,13.918,21.342,24.198,2,10,1.26175,0.4598,0.1465,0.2607
BAS00370,calmette_to_independence,long_haul,baseline,0.0,7,1,81,3.73,0.567,15.696,20.589,22.826,1,2,0.78914,0.3835,0.1613,0.258
BAS00371,calmette_to_independence,delivery_rider,baseline,0.0,12,0,81,3.45,0.567,14.852,20.939,23.888,2,10,1.11953,0.3345,0.158,0.2733
BAS00372,calmette_to_independence,commuter,baseline,0.0,23,0,81,4.83,0.567,11.09,15.426,16.408,0,0,0.44816,0.4858,0.1498,0.2545
BAS00373,calmette_to_independence,commuter,baseline,0.0,9,1,81,4.48,0.567,10.858,15.009,18.198,1,2,0.57283,0.4052,0.1505,0.2561
BAS00374,calmette_to_independence,delivery_rider,baseline,0.0,18,1,81,3.3,0.567,14.79,20.518,24.037,1,4,0.98036,0.3,0.1571,0.2686
BAS00375,calmette_to_independence,long_haul,baseline,0.0,18,1,81,2.28,0.567,16.494,20.88,25.529,0,0,0.56571,0.0,0.1596,0.2846
BAS00376,calmette_to_independence,commuter,baseline,0.0,17,1,81,5.53,0.567,10.221,15.195,16.969,0,0,0.50359,0.534,0.1315,0.2478
BAS00377,calmette_to_independence,commuter,baseline,0.0,17,1,81,5.07,0.567,10.77,15.139,16.0,0,0,0.41141,0.4499,0.1632,0.266
BAS00378,calmette_to_independence,delivery_rider,baseline,0.0,23,0,81,2.65,0.567,16.69,21.689,26.704,0,5,0.99739,0.1749,0.1466,0.297
BAS00379,calmette_to_independence,commuter,baseline,0.0,7,1,81,3.69,0.567,11.337,15.211,16.645,0,0,0.42648,0.2417,0.1493,0.2784
BAS00380,calmette_to_independence,commuter,baseline,0.0,12,0,81,4.22,0.567,11.043,14.988,16.36,0,0,0.41437,0.3093,0.138,0.2451
BAS00381,calmette_to_independence,commuter,baseline,0.0,8,1,81,4.82,0.567,10.988,15.132,18.204,0,0,0.40369,0.4369,0.1525,0.2696
BAS00382,calmette_to_independence,commuter,baseline,0.0,8,1,81,4.71,0.567,10.241,14.244,16.613,0,0,0.44714,0.4387,0.1577,0.2673
BAS00383,calmette_to_independence,commuter,baseline,0.0,8,1,81,5.88,0.567,10.699,14.999,18.145,0,0,0.51298,0.5601,0.142,0.2733
BAS00384,calmette_to_independence,long_haul,baseline,0.0,16,0,81,2.52,0.567,16.688,21.304,24.529,1,3,0.8759,0.1167,0.1464,0.2601
BAS00385,calmette_to_independence,commuter,baseline,0.0,11,0,81,4.44,0.567,10.508,14.504,15.42,0,0,0.31039,0.3758,0.1503,0.2607
BAS00386,calmette_to_independence,delivery_rider,baseline,0.0,17,1,81,3.12,0.567,14.596,19.905,24.298,3,8,1.06305,0.2804,0.1532,0.2536
BAS00387,calmette_to_independence,delivery_rider,baseline,0.0,8,1,81,3.34,0.567,14.563,19.837,25.996,1,5,0.94251,0.3292,0.1483,0.2567
BAS00388,calmette_to_independence,delivery_rider,baseline,0.0,17,1,81,3.27,0.567,14.961,19.892,22.717,1,2,0.96001,0.3335,0.1494,0.2561
BAS00389,calmette_to_independence,commuter,baseline,0.0,8,1,81,5.65,0.567,10.795,15.109,16.77,0,1,0.45593,0.5493,0.1429,0.2713
BAS00390,calmette_to_independence,commuter,baseline,0.0,22,0,81,3.69,0.567,12.231,15.726,19.078,0,0,0.40195,0.2813,0.1504,0.2582
BAS00391,calmette_to_independence,delivery_rider,baseline,0.0,11,0,81,3.24,0.567,14.812,20.833,25.696,0,6,1.04622,0.3058,0.1329,0.2453
BAS00392,calmette_to_independence,commuter,baseline,0.0,18,1,81,4.27,0.567,11.027,14.807,17.241,0,0,0.36571,0.3816,0.1442,0.2658
BAS00393,calmette_to_independence,commuter,baseline,0.0,22,0,81,4.11,0.567,11.917,16.123,17.842,0,1,0.47298,0.3678,0.1473,0.2627
BAS00394,calmette_to_independence,commuter,baseline,0.0,17,1,81,6.03,0.567,10.633,15.493,18.036,1,2,0.52637,0.5597,0.1445,0.2424
BAS00395,calmette_to_independence,delivery_rider,baseline,0.0,18,1,81,4.08,0.567,15.096,20.355,25.834,0,5,1.00277,0.4806,0.1378,0.2662
BAS00396,calmette_to_independence,delivery_rider,baseline,0.0,7,1,81,2.57,0.567,14.827,19.86,22.457,0,0,0.72198,0.0,0.1546,0.2675
BAS00397,calmette_to_independence,commuter,baseline,0.0,1,0,81,4.7,0.567,11.867,15.944,18.397,0,0,0.53439,0.4627,0.1458,0.2497
BAS00398,calmette_to_independence,commuter,baseline,0.0,7,1,81,5.43,0.567,10.853,14.715,16.006,0,0,0.45078,0.4825,0.1599,0.2663
BAS00399,calmette_to_independence,commuter,baseline,0.0,12,0,81,6.17,0.567,10.174,14.925,16.678,0,0,0.40677,0.5864,0.1482,0.2647
BAS00400,calmette_to_independence,long_haul,baseline,0.0,18,1,81,2.2,0.567,16.489,20.521,22.151,0,0,0.55146,0.0,0.145,0.2616
BAS00401,riverside_to_calmette,delivery_rider,baseline,0.0,18,1,118,5.19,0.826,16.529,22.304,26.511,4,17,1.26676,0.4632,0.1474,0.2737
BAS00402,riverside_to_calmette,commuter,baseline,0.0,8,1,118,6.57,0.826,11.748,15.241,16.913,0,0,0.46586,0.4754,0.1443,0.2814
BAS00403,riverside_to_calmette,commuter,baseline,0.0,20,0,126,7.49,0.882,11.135,14.354,16.944,0,0,0.49589,0.514,0.1496,0.2758
BAS00404,riverside_to_calmette,commuter,baseline,0.0,10,0,118,6.86,0.826,11.72,15.259,17.13,0,0,0.407,0.4781,0.1383,0.2624
BAS00405,riverside_to_calmette,long_haul,baseline,0.0,18,1,118,2.94,0.826,18.43,22.145,23.019,0,2,0.71231,0.0356,0.1416,0.2593
BAS00406,riverside_to_calmette,commuter,baseline,0.0,8,1,118,7.48,0.826,11.88,15.312,17.57,0,0,0.52538,0.5471,0.1446,0.262
BAS00407,riverside_to_calmette,long_haul,baseline,0.0,15,0,118,3.98,0.826,17.574,20.855,24.55,1,3,0.74051,0.3146,0.1461,0.2599
BAS00408,riverside_to_calmette,commuter,baseline,0.0,7,1,118,5.43,0.826,12.422,15.69,17.891,1,2,0.49252,0.3592,0.1535,0.2654
BAS00409,riverside_to_calmette,commuter,baseline,0.0,12,0,118,8.49,0.826,10.905,14.547,20.665,0,0,0.46657,0.6043,0.1433,0.264
BAS00410,riverside_to_calmette,long_haul,baseline,0.0,17,1,118,3.08,0.826,18.094,21.533,24.518,2,6,0.97943,0.0988,0.1494,0.2854
BAS00411,riverside_to_calmette,commuter,baseline,0.0,17,1,118,5.6,0.826,12.192,15.339,17.665,0,0,0.44967,0.3891,0.1507,0.2697
BAS00412,riverside_to_calmette,commuter,baseline,0.0,18,1,118,7.41,0.826,11.31,15.525,18.667,0,0,0.58688,0.5979,0.1544,0.2536
BAS00413,riverside_to_calmette,commuter,baseline,0.0,21,0,126,5.73,0.882,11.688,14.635,17.22,0,0,0.34925,0.2973,0.141,0.2673
BAS00414,riverside_to_calmette,delivery_rider,baseline,0.0,17,1,118,5.04,0.826,15.866,20.644,24.149,1,4,0.94974,0.4262,0.1555,0.2731
BAS00415,riverside_to_calmette,commuter,baseline,0.0,12,0,118,6.78,0.826,11.41,14.771,16.743,0,0,0.4637,0.4667,0.1468,0.2846
BAS00416,riverside_to_calmette,long_haul,baseline,0.0,18,1,118,3.12,0.826,18.042,21.115,22.954,1,2,0.82878,0.08,0.1452,0.2548
BAS00417,riverside_to_calmette,commuter,baseline,0.0,6,0,126,9.4,0.882,10.722,14.36,17.091,0,0,0.43138,0.6219,0.158,0.2694
BAS00418,riverside_to_calmette,long_haul,baseline,0.0,7,1,118,3.12,0.826,18.296,22.148,25.203,0,4,0.92724,0.1192,0.1459,0.2656
BAS00419,riverside_to_calmette,delivery_rider,baseline,0.0,23,0,126,6.29,0.882,15.347,20.345,24.211,3,13,1.14607,0.5182,0.1492,0.2759
BAS00420,riverside_to_calmette,delivery_rider,baseline,0.0,9,1,118,4.26,0.826,15.857,21.014,26.332,5,18,1.29482,0.3086,0.152,0.2582
BAS00421,riverside_to_calmette,delivery_rider,baseline,0.0,22,0,126,4.5,0.882,15.213,20.228,23.313,1,6,0.99022,0.2726,0.1425,0.2688
BAS00422,riverside_to_calmette,long_haul,baseline,0.0,11,0,118,3.12,0.826,17.511,21.168,23.56,0,0,0.74174,0.0764,0.1518,0.2684
BAS00423,riverside_to_calmette,delivery_rider,baseline,0.0,17,1,118,4.82,0.826,16.298,20.911,25.582,4,18,1.36133,0.4074,0.1491,0.2985
BAS00424,riverside_to_calmette,commuter,baseline,0.0,18,1,118,6.35,0.826,12.035,15.144,18.061,0,0,0.47718,0.4644,0.1487,0.2645
BAS00425,riverside_to_calmette,long_haul,baseline,0.0,6,0,126,3.48,0.882,17.331,20.627,23.883,0,1,0.73924,0.1349,0.1528,0.2731
BAS00426,riverside_to_calmette,long_haul,baseline,0.0,18,1,118,2.97,0.826,18.091,21.59,24.367,0,7,0.98058,0.0,0.1393,0.2802
BAS00427,riverside_to_calmette,long_haul,baseline,0.0,17,1,118,4.39,0.826,17.667,21.638,23.178,2,6,0.97416,0.3956,0.1444,0.253
BAS00428,riverside_to_calmette,commuter,baseline,0.0,18,1,118,7.6,0.826,11.258,14.721,18.07,0,0,0.49188,0.5618,0.1572,0.2769
BAS00429,riverside_to_calmette,commuter,baseline,0.0,17,1,118,7.52,0.826,11.634,15.354,18.814,0,0,0.49037,0.5417,0.1528,0.2679
BAS00430,riverside_to_calmette,commuter,baseline,0.0,18,1,118,7.63,0.826,12.098,15.423,18.283,0,1,0.50727,0.5417,0.1555,0.2675
BAS00431,riverside_to_calmette,commuter,baseline,0.0,7,1,118,8.77,0.826,11.035,15.491,17.445,0,0,0.55826,0.6329,0.1492,0.2679
BAS00432,riverside_to_calmette,delivery_rider,baseline,0.0,11,0,118,4.09,0.826,16.034,20.284,24.603,4,12,1.18508,0.2715,0.1606,0.291
BAS00433,riverside_to_calmette,delivery_rider,baseline,0.0,9,1,118,5.75,0.826,15.696,20.23,23.697,3,11,1.08819,0.4884,0.1462,0.2584
BAS00434,riverside_to_calmette,commuter,baseline,0.0,18,1,118,5.94,0.826,11.813,15.082,17.022,0,0,0.3781,0.4187,0.1483,0.2652
BAS00435,riverside_to_calmette,commuter,baseline,0.0,8,1,118,5.09,0.826,12.34,15.409,17.179,0,0,0.38313,0.2818,0.1546,0.2589
BAS00436,riverside_to_calmette,delivery_rider,baseline,0.0,9,1,118,4.99,0.826,16.206,20.989,24.317,3,10,1.04647,0.4103,0.1452,0.2516
BAS00437,riverside_to_calmette,commuter,baseline,0.0,18,1,118,6.62,0.826,11.787,15.174,17.789,0,0,0.49206,0.4715,0.1521,0.2721
BAS00438,riverside_to_calmette,delivery_rider,baseline,0.0,5,0,126,4.29,0.882,15.607,20.453,23.295,1,4,0.9426,0.1818,0.1483,0.2533
BAS00439,riverside_to_calmette,delivery_rider,baseline,0.0,17,1,118,4.72,0.826,16.094,21.391,25.023,5,15,1.30155,0.3723,0.153,0.2526
BAS00440,riverside_to_calmette,long_haul,baseline,0.0,22,0,126,4.13,0.882,17.212,20.208,25.057,1,2,0.75436,0.2869,0.1649,0.283
BAS00441,riverside_to_calmette,commuter,baseline,0.0,18,1,118,8.21,0.826,11.311,15.714,16.767,0,0,0.48686,0.6204,0.1454,0.2676
BAS00442,riverside_to_calmette,delivery_rider,baseline,0.0,23,0,126,4.81,0.882,15.316,19.585,24.733,0,6,0.84404,0.3275,0.1556,0.2675
BAS00443,riverside_to_calmette,long_haul,baseline,0.0,8,1,118,3.09,0.826,18.008,21.365,24.676,0,2,0.82326,0.0773,0.1515,0.2702
BAS00444,riverside_to_calmette,commuter,baseline,0.0,18,1,118,7.69,0.826,11.739,15.272,17.929,0,0,0.4436,0.568,0.1497,0.2611
BAS00445,riverside_to_calmette,delivery_rider,baseline,0.0,8,1,118,3.92,0.826,16.147,21.627,24.537,5,17,1.3876,0.2059,0.1605,0.2655
BAS00446,riverside_to_calmette,commuter,baseline,0.0,13,0,118,5.62,0.826,11.984,15.199,17.668,0,0,0.39643,0.3414,0.1438,0.2659
BAS00447,riverside_to_calmette,long_haul,baseline,0.0,17,1,118,3.55,0.826,17.897,21.184,25.793,2,5,1.09003,0.2139,0.1441,0.2717
BAS00448,riverside_to_calmette,delivery_rider,baseline,0.0,7,1,118,4.49,0.826,16.03,20.49,26.016,1,7,0.9759,0.3339,0.1485,0.2693
BAS00449,riverside_to_calmette,commuter,baseline,0.0,8,1,118,9.15,0.826,11.236,15.258,17.798,0,1,0.55432,0.6529,0.1495,0.2614
BAS00450,riverside_to_calmette,commuter,baseline,0.0,17,1,118,6.66,0.826,11.644,15.826,18.605,1,2,0.62642,0.5029,0.1572,0.2597
BAS00451,russian_market_to_phsar_deum_thkov,commuter,baseline,0.0,13,0,330,18.36,2.31,11.617,14.879,18.095,0,0,0.42344,0.454,0.5948,0.7988
BAS00452,russian_market_to_phsar_deum_thkov,delivery_rider,baseline,0.0,8,1,330,11.34,2.31,15.551,19.998,25.504,6,18,0.97301,0.2267,0.5965,0.8058
BAS00453,russian_market_to_phsar_deum_thkov,commuter,baseline,0.0,7,1,330,19.79,2.31,11.167,14.414,18.195,1,2,0.4109,0.4863,0.6065,0.7916
BAS00454,russian_market_to_phsar_deum_thkov,long_haul,baseline,0.0,8,1,330,8.93,2.31,17.374,20.431,23.153,1,6,0.73926,0.0989,0.5988,0.7903
BAS00455,russian_market_to_phsar_deum_thkov,delivery_rider,baseline,0.0,8,1,330,11.54,2.31,15.418,19.899,25.725,4,18,0.99671,0.2506,0.6021,0.7972
BAS00456,russian_market_to_phsar_deum_thkov,delivery_rider,baseline,0.0,12,0,330,11.1,2.31,15.91,20.264,23.171,5,17,1.0596,0.2296,0.6033,0.797
BAS00457,russian_market_to_phsar_deum_thkov,long_haul,baseline,0.0,17,1,330,8.35,2.31,17.416,20.333,23.53,1,3,0.70698,0.0303,0.6023,0.809
BAS00458,russian_market_to_phsar_deum_thkov,long_haul,baseline,0.0,8,1,330,8.47,2.31,17.656,20.596,23.627,3,8,0.80012,0.0617,0.6003,0.7956
BAS00459,russian_market_to_phsar_deum_thkov,commuter,baseline,0.0,23,0,330,18.14,2.31,13.216,16.803,19.924,1,2,0.69608,0.5214,0.5974,0.7979
BAS00460,russian_market_to_phsar_deum_thkov,commuter,baseline,0.0,12,0,330,18.22,2.31,11.748,14.7,16.982,0,0,0.39898,0.4404,0.5943,0.804
BAS00461,russian_market_to_phsar_deum_thkov,delivery_rider,baseline,0.0,12,0,330,11.59,2.31,15.709,20.635,26.391,8,21,1.10195,0.2597,0.6006,0.7972
BAS00462,russian_market_to_phsar_deum_thkov,commuter,baseline,0.0,17,1,330,18.16,2.31,11.551,14.735,17.68,0,0,0.40921,0.4307,0.5961,0.7912
BAS00463,russian_market_to_phsar_deum_thkov,delivery_rider,baseline,0.0,21,0,330,9.68,2.31,18.339,23.121,27.089,8,48,1.36429,0.2337,0.605,0.8054
BAS00464,russian_market_to_phsar_deum_thkov,commuter,baseline,0.0,18,1,330,16.97,2.31,11.8,14.791,17.657,0,0,0.37084,0.3906,0.5977,0.8021
BAS00465,russian_market_to_phsar_deum_thkov,commuter,baseline,0.0,7,1,330,18.0,2.31,11.528,14.448,16.7,0,0,0.37828,0.422,0.6041,0.7913
BAS00466,russian_market_to_phsar_deum_thkov,delivery_rider,baseline,0.0,16,0,330,10.98,2.31,15.867,20.113,26.886,3,22,0.96683,0.2059,0.6034,0.7967
BAS00467,russian_market_to_phsar_deum_thkov,delivery_rider,baseline,0.0,8,1,330,10.81,2.31,15.777,20.175,26.631,3,16,1.01467,0.1816,0.6043,0.798
BAS00468,russian_market_to_phsar_deum_thkov,commuter,baseline,0.0,7,1,330,18.54,2.31,11.439,14.936,19.218,1,1,0.47267,0.4434,0.6072,0.8137
BAS00469,russian_market_to_phsar_deum_thkov,long_haul,baseline,0.0,5,0,330,6.91,2.31,20.586,23.696,26.564,0,14,0.92303,0.0,0.5935,0.8139
BAS00470,russian_market_to_phsar_deum_thkov,long_haul,baseline,0.0,21,0,330,6.94,2.31,20.672,24.06,26.953,0,14,0.91717,0.0155,0.583,0.799
BAS00471,russian_market_to_phsar_deum_thkov,commuter,baseline,0.0,18,1,330,19.58,2.31,11.198,14.534,16.72,0,0,0.41151,0.4926,0.5866,0.7886
BAS00472,russian_market_to_phsar_deum_thkov,long_haul,baseline,0.0,22,0,330,8.29,2.31,20.612,24.019,27.189,4,27,1.21597,0.1886,0.6042,0.8119
BAS00473,russian_market_to_phsar_deum_thkov,commuter,baseline,0.0,0,0,330,17.52,2.31,13.127,16.969,20.134,3,10,0.70271,0.5272,0.5983,0.7866
BAS00474,russian_market_to_phsar_deum_thkov,commuter,baseline,0.0,19,1,330,17.62,2.31,11.457,14.609,18.602,0,0,0.4583,0.4322,0.6042,0.8036
BAS00475,russian_market_to_phsar_deum_thkov,commuter,baseline,0.0,11,0,330,18.28,2.31,11.607,14.729,17.043,0,0,0.45683,0.4478,0.6081,0.8218
BAS00476,russian_market_to_phsar_deum_thkov,long_haul,baseline,0.0,6,0,330,7.77,2.31,20.259,23.86,28.102,5,26,1.18104,0.1177,0.6067,0.7975
BAS00477,russian_market_to_phsar_deum_thkov,delivery_rider,baseline,0.0,8,1,330,11.87,2.31,15.469,20.021,24.637,5,23,0.98324,0.273,0.6043,0.8068
BAS00478,russian_market_to_phsar_deum_thkov,commuter,baseline,0.0,11,0,330,15.62,2.31,11.751,14.883,16.361,0,0,0.38833,0.3446,0.6091,0.7894
BAS00479,russian_market_to_phsar_deum_thkov,commuter,baseline,0.0,11,0,330,22.05,2.31,11.313,15.022,18.576,1,1,0.50018,0.5656,0.6001,0.7782
BAS00480,russian_market_to_phsar_deum_thkov,commuter,baseline,0.0,8,1,330,19.9,2.31,11.174,14.483,16.948,0,0,0.47012,0.497,0.6055,0.7961
BAS00481,russian_market_to_phsar_deum_thkov,delivery_rider,baseline,0.0,7,1,330,10.13,2.31,15.902,20.625,24.365,2,17,0.95221,0.121,0.592,0.7995
BAS00482,russian_market_to_phsar_deum_thkov,delivery_rider,baseline,0.0,8,1,330,12.12,2.31,15.222,19.806,24.207,7,23,1.06095,0.2806,0.6065,0.7961
BAS00483,russian_market_to_phsar_deum_thkov,commuter,baseline,0.0,17,1,330,19.25,2.31,11.277,14.38,16.661,0,0,0.4355,0.4746,0.5918,0.8021
BAS00484,russian_market_to_phsar_deum_thkov,delivery_rider,baseline,0.0,9,1,330,11.84,2.31,15.616,20.433,25.431,6,27,1.13626,0.2553,0.6075,0.7986
BAS00485,russian_market_to_phsar_deum_thkov,commuter,baseline,0.0,10,0,330,22.04,2.31,11.319,14.811,17.089,0,0,0.47,0.5624,0.6038,0.7881
BAS00486,russian_market_to_phsar_deum_thkov,long_haul,baseline,0.0,8,1,330,8.83,2.31,17.556,20.299,25.088,0,2,0.64714,0.0813,0.6014,0.7947
BAS00487,russian_market_to_phsar_deum_thkov,commuter,baseline,0.0,18,1,330,19.91,2.31,11.171,14.835,17.41,1,1,0.48139,0.5104,0.5938,0.7826
BAS00488,russian_market_to_phsar_deum_thkov,commuter,baseline,0.0,8,1,330,18.45,2.31,11.382,14.382,16.295,0,0,0.38996,0.4404,0.5925,0.8299
BAS00489,russian_market_to_phsar_deum_thkov,commuter,baseline,0.0,9,1,330,20.04,2.31,10.912,14.479,16.503,0,0,0.44595,0.5248,0.6021,0.794
BAS00490,russian_market_to_phsar_deum_thkov,commuter,baseline,0.0,12,0,330,17.18,2.31,11.913,15.104,19.069,0,0,0.47682,0.4217,0.6035,0.8019
BAS00491,russian_market_to_phsar_deum_thkov,commuter,baseline,0.0,17,1,330,17.72,2.31,11.32,14.722,16.602,0,0,0.48538,0.4355,0.6026,0.8083
BAS00492,russian_market_to_phsar_deum_thkov,delivery_rider,baseline,0.0,13,0,330,12.89,2.31,15.734,20.379,25.385,8,22,1.09374,0.3553,0.6005,0.788
BAS00493,russian_market_to_phsar_deum_thkov,commuter,baseline,0.0,21,0,330,17.64,2.31,13.444,16.863,19.464,2,4,0.66243,0.5008,0.5923,0.8048
BAS00494,russian_market_to_phsar_deum_thkov,long_haul,baseline,0.0,8,1,330,8.8,2.31,17.222,20.363,22.715,2,7,0.69557,0.0775,0.6052,0.7948
BAS00495,russian_market_to_phsar_deum_thkov,long_haul,baseline,0.0,7,1,330,8.42,2.31,17.492,20.326,23.166,0,1,0.65347,0.0332,0.5806,0.7961
BAS00496,russian_market_to_phsar_deum_thkov,long_haul,baseline,0.0,13,0,330,8.65,2.31,17.806,21.081,23.963,4,16,0.95134,0.0992,0.597,0.7903
BAS00497,russian_market_to_phsar_deum_thkov,commuter,baseline,0.0,8,1,330,22.11,2.31,10.937,14.436,17.734,0,0,0.4846,0.5578,0.5997,0.8052
BAS00498,russian_market_to_phsar_deum_thkov,delivery_rider,baseline,0.0,16,0,330,14.64,2.31,16.068,21.169,26.502,10,30,1.32891,0.4435,0.6065,0.7889
BAS00499,russian_market_to_phsar_deum_thkov,delivery_rider,baseline,0.0,23,0,330,10.18,2.31,18.646,23.737,27.978,8,67,1.47237,0.2902,0.5982,0.7917
BAS00500,russian_market_to_phsar_deum_thkov,delivery_rider,baseline,0.0,17,1,330,11.86,2.31,15.395,19.871,28.258,3,21,1.07577,0.2485,0.6004,0.7922
BAS00501,independence_to_aeon_mall_1,commuter,baseline,0.0,7,1,521,31.64,3.647,11.541,15.836,20.084,2,7,0.54375,0.4999,0.1832,0.4983
BAS00502,independence_to_aeon_mall_1,commuter,baseline,0.0,7,1,521,33.06,3.647,11.439,15.618,19.318,1,3,0.52997,0.5316,0.1926,0.5
BAS00503,independence_to_aeon_mall_1,delivery_rider,baseline,0.0,17,1,521,16.35,3.647,16.279,21.284,28.264,8,36,1.16689,0.1701,0.1907,0.4928
BAS00504,independence_to_aeon_mall_1,commuter,baseline,0.0,13,0,521,28.03,3.647,12.362,16.426,21.013,2,11,0.61303,0.4515,0.1911,0.4984
BAS00505,independence_to_aeon_mall_1,commuter,baseline,0.0,11,0,521,29.9,3.647,11.955,16.391,19.932,4,13,0.60743,0.4972,0.1882,0.4924
BAS00506,independence_to_aeon_mall_1,delivery_rider,baseline,0.0,7,1,521,19.37,3.647,15.848,21.233,25.574,12,37,1.17221,0.3082,0.1947,0.4948
BAS00507,independence_to_aeon_mall_1,commuter,baseline,0.0,18,1,521,34.15,3.647,11.294,15.518,19.823,2,7,0.57406,0.5596,0.1957,0.4971
BAS00508,independence_to_aeon_mall_1,commuter,baseline,0.0,9,1,521,29.03,3.647,11.567,15.705,18.798,0,0,0.49165,0.4519,0.1955,0.4965
BAS00509,independence_to_aeon_mall_1,commuter,baseline,0.0,15,0,521,27.6,3.647,12.416,16.261,19.832,2,8,0.60973,0.4539,0.192,0.4995
BAS00510,independence_to_aeon_mall_1,delivery_rider,baseline,0.0,5,0,521,14.69,3.647,19.715,25.388,30.933,24,109,1.89724,0.2606,0.19,0.4985
BAS00511,independence_to_aeon_mall_1,commuter,baseline,0.0,11,0,521,26.03,3.647,12.545,16.505,19.392,1,2,0.54108,0.4087,0.1898,0.4942
BAS00512,independence_to_aeon_mall_1,delivery_rider,baseline,0.0,6,0,521,15.77,3.647,19.946,26.052,31.072,17,108,1.88658,0.3101,0.1888,0.499
BAS00513,independence_to_aeon_mall_1,delivery_rider,baseline,0.0,18,1,521,19.66,3.647,15.76,21.161,26.269,13,52,1.15061,0.3143,0.186,0.4986
BAS00514,independence_to_aeon_mall_1,commuter,baseline,0.0,20,0,521,31.02,3.647,13.794,19.107,22.621,16,34,0.90686,0.6029,0.184,0.4967
BAS00515,independence_to_aeon_mall_1,commuter,baseline,0.0,5,0,521,26.01,3.647,14.362,19.284,21.816,20,49,0.9795,0.5068,0.1879,0.4992
BAS00516,independence_to_aeon_mall_1,commuter,baseline,0.0,18,1,521,35.06,3.647,11.288,15.591,19.188,0,0,0.48778,0.5583,0.1923,0.4952
BAS00517,independence_to_aeon_mall_1,delivery_rider,baseline,0.0,16,0,521,17.99,3.647,16.841,21.864,28.108,9,39,1.16835,0.2752,0.1896,0.4985
BAS00518,independence_to_aeon_mall_1,commuter,baseline,0.0,9,1,521,30.21,3.647,11.534,15.588,18.311,1,4,0.48337,0.4811,0.187,0.4948
BAS00519,independence_to_aeon_mall_1,commuter,baseline,0.0,8,1,521,34.56,3.647,11.407,15.677,19.754,2,4,0.54388,0.5563,0.1892,0.4925
BAS00520,independence_to_aeon_mall_1,commuter,baseline,0.0,18,1,521,29.28,3.647,11.739,15.842,19.223,2,6,0.51832,0.4578,0.1908,0.4969
BAS00521,independence_to_aeon_mall_1,commuter,baseline,0.0,17,1,521,31.54,3.647,11.497,15.832,18.418,0,1,0.515,0.5113,0.1949,0.496
BAS00522,independence_to_aeon_mall_1,long_haul,baseline,0.0,7,1,521,14.4,3.647,17.821,22.179,27.837,5,22,0.93009,0.1327,0.1925,0.4944
BAS00523,independence_to_aeon_mall_1,commuter,baseline,0.0,20,0,521,29.72,3.647,13.974,18.96,22.249,14,43,0.93823,0.5743,0.1883,0.4975
BAS00524,independence_to_aeon_mall_1,long_haul,baseline,0.0,17,1,521,14.12,3.647,17.837,22.401,26.168,2,9,0.85388,0.1154,0.1896,0.4932
BAS00525,independence_to_aeon_mall_1,delivery_rider,baseline,0.0,18,1,521,18.86,3.647,15.873,21.358,28.296,9,45,1.12256,0.2747,0.1902,0.4967
BAS00526,independence_to_aeon_mall_1,delivery_rider,baseline,0.0,17,1,521,18.11,3.647,16.287,21.446,26.091,6,36,1.10555,0.2621,0.1885,0.4975
BAS00527,independence_to_aeon_mall_1,commuter,baseline,0.0,11,0,521,31.41,3.647,11.757,16.256,18.806,3,12,0.63728,0.5354,0.1853,0.4997
BAS00528,independence_to_aeon_mall_1,long_haul,baseline,0.0,14,0,521,13.13,3.647,18.88,23.162,27.073,3,15,1.00455,0.0957,0.1918,0.4989
BAS00529,independence_to_aeon_mall_1,commuter,baseline,0.0,18,1,521,27.99,3.647,11.844,15.892,19.327,1,2,0.51226,0.4252,0.1842,0.4974
BAS00530,independence_to_aeon_mall_1,delivery_rider,baseline,0.0,20,0,521,16.89,3.647,19.516,25.81,31.474,24,112,1.93049,0.3543,0.1906,0.4989
BAS00531,independence_to_aeon_mall_1,commuter,baseline,0.0,7,1,521,34.6,3.647,11.239,15.866,18.932,0,5,0.50309,0.5559,0.1912,0.4997
BAS00532,independence_to_aeon_mall_1,delivery_rider,baseline,0.0,18,1,521,18.81,3.647,15.918,21.308,27.331,10,37,1.15617,0.2732,0.189,0.4979
BAS00533,independence_to_aeon_mall_1,commuter,baseline,0.0,9,1,521,29.87,3.647,11.663,15.642,18.599,0,3,0.52671,0.4805,0.1891,0.4992
BAS00534,independence_to_aeon_mall_1,commuter,baseline,0.0,8,1,521,33.03,3.647,11.539,15.766,19.12,2,4,0.52911,0.5257,0.1889,0.4981
BAS00535,independence_to_aeon_mall_1,long_haul,baseline,0.0,13,0,521,12.62,3.647,18.935,23.305,28.313,2,19,0.93236,0.0568,0.1923,0.4998
BAS00536,independence_to_aeon_mall_1,delivery_rider,baseline,0.0,8,1,521,19.76,3.647,15.855,21.172,27.503,11,48,1.1577,0.3155,0.1901,0.4983
BAS00537,independence_to_aeon_mall_1,commuter,baseline,0.0,16,0,521,32.9,3.647,12.084,16.462,20.115,2,7,0.64081,0.5545,0.1949,0.4946
BAS00538,independence_to_aeon_mall_1,commuter,baseline,0.0,21,0,521,26.33,3.647,14.291,18.847,22.648,17,39,0.96341,0.5024,0.1893,0.4989
BAS00539,independence_to_aeon_mall_1,commuter,baseline,0.0,7,1,521,31.41,3.647,11.729,15.722,18.725,2,5,0.51032,0.496,0.1908,0.499
BAS00540,independence_to_aeon_mall_1,commuter,baseline,0.0,19,1,521,29.49,3.647,11.597,15.624,19.472,4,7,0.51918,0.4575,0.1931,0.4987
BAS00541,independence_to_aeon_mall_1,long_haul,baseline,0.0,7,1,521,14.36,3.647,17.913,22.137,27.699,6,18,1.00264,0.1396,0.1918,0.4915
BAS00542,independence_to_aeon_mall_1,commuter,baseline,0.0,22,0,521,29.31,3.647,14.017,19.092,22.09,16,35,0.95541,0.578,0.1893,0.4986
BAS00543,independence_to_aeon_mall_1,commuter,baseline,0.0,12,0,521,30.07,3.647,12.189,16.589,20.416,1,9,0.60789,0.4946,0.1874,0.4941
BAS00544,independence_to_aeon_mall_1,delivery_rider,baseline,0.0,17,1,521,20.22,3.647,15.78,21.127,25.514,7,38,1.16042,0.3373,0.1894,0.4994
BAS00545,independence_to_aeon_mall_1,commuter,baseline,0.0,8,1,521,29.73,3.647,11.679,15.779,19.393,0,2,0.49402,0.4602,0.1866,0.4924
BAS00546,independence_to_aeon_mall_1,commuter,baseline,0.0,9,1,521,30.78,3.647,11.625,16.011,19.528,1,5,0.5315,0.4892,0.1898,0.495
BAS00547,independence_to_aeon_mall_1,delivery_rider,baseline,0.0,8,1,521,19.45,3.647,16.046,21.514,27.808,7,47,1.22474,0.3272,0.1896,0.4988
BAS00548,independence_to_aeon_mall_1,commuter,baseline,0.0,18,1,521,31.8,3.647,11.525,15.969,19.597,0,1,0.54001,0.5066,0.189,0.4995
BAS00549,independence_to_aeon_mall_1,commuter,baseline,0.0,8,1,521,30.82,3.647,11.629,15.995,19.281,0,2,0.51663,0.4836,0.188,0.4973
BAS00550,independence_to_aeon_mall_1,delivery_rider,baseline,0.0,16,0,521,21.08,3.647,16.645,22.396,30.125,17,68,1.35417,0.4191,0.19,0.4999
BAS00551,independence_to_aeon_mall_2,delivery_rider,baseline,0.0,8,1,789,24.91,5.523,19.261,28.032,34.7,20,147,1.81797,0.2853,0.2195,0.4989
BAS00552,independence_to_aeon_mall_2,commuter,baseline,0.0,17,1,789,45.96,5.523,13.794,20.658,24.04,28,60,1.06345,0.5531,0.2216,0.4975
BAS00553,independence_to_aeon_mall_2,long_haul,baseline,0.0,10,0,789,17.12,5.523,23.583,32.705,36.717,7,122,1.93271,0.1334,0.2224,0.4988
BAS00554,independence_to_aeon_mall_2,long_haul,baseline,0.0,7,1,789,17.36,5.523,21.554,29.586,34.197,6,73,1.38871,0.0616,0.2186,0.4975
BAS00555,independence_to_aeon_mall_2,commuter,baseline,0.0,20,0,818,44.17,5.726,16.415,24.663,28.517,45,108,1.58149,0.6229,0.23,0.4978
BAS00556,independence_to_aeon_mall_2,long_haul,baseline,0.0,18,1,789,17.96,5.523,21.68,29.955,34.915,3,74,1.32754,0.0938,0.2188,0.4995
BAS00557,independence_to_aeon_mall_2,long_haul,baseline,0.0,22,0,818,14.77,5.726,26.166,34.588,39.848,7,178,1.86169,0.0871,0.2336,0.4991
BAS00558,independence_to_aeon_mall_2,commuter,baseline,0.0,20,0,818,40.43,5.726,16.688,24.282,29.219,52,123,1.6118,0.581,0.2339,0.499
BAS00559,independence_to_aeon_mall_2,long_haul,baseline,0.0,17,1,789,17.2,5.523,21.571,29.41,34.72,3,79,1.27111,0.0483,0.2208,0.4997
BAS00560,independence_to_aeon_mall_2,commuter,baseline,0.0,21,0,818,42.46,5.726,16.736,24.674,28.822,54,117,1.73697,0.6084,0.233,0.4975
BAS00561,independence_to_aeon_mall_2,commuter,baseline,0.0,12,0,789,47.24,5.523,14.74,22.675,27.206,38,79,1.36967,0.6111,0.2243,0.4987
BAS00562,independence_to_aeon_mall_2,commuter,baseline,0.0,20,0,818,39.77,5.726,16.896,24.377,28.946,45,101,1.56629,0.5705,0.2359,0.4972
BAS00563,independence_to_aeon_mall_2,commuter,baseline,0.0,22,0,818,39.48,5.726,17.027,24.442,29.255,39,87,1.47906,0.5638,0.2312,0.4995
BAS00564,independence_to_aeon_mall_2,commuter,baseline,0.0,23,0,818,43.83,5.726,16.418,24.41,27.355,49,121,1.75979,0.6263,0.2348,0.4997
BAS00565,independence_to_aeon_mall_2,commuter,baseline,0.0,17,1,789,43.68,5.523,13.828,20.958,23.755,34,69,1.15662,0.5327,0.2232,0.4998
BAS00566,independence_to_aeon_mall_2,commuter,baseline,0.0,23,0,818,38.77,5.726,16.924,24.334,28.406,42,101,1.56621,0.5621,0.2358,0.4993
BAS00567,independence_to_aeon_mall_2,commuter,baseline,0.0,5,0,818,38.89,5.726,16.784,24.37,27.644,44,96,1.65951,0.5602,0.2334,0.4981
BAS00568,independence_to_aeon_mall_2,commuter,baseline,0.0,8,1,789,44.98,5.523,13.778,20.969,24.369,27,57,1.09294,0.5462,0.2204,0.4999
BAS00569,independence_to_aeon_mall_2,commuter,baseline,0.0,20,0,818,46.49,5.726,16.454,24.302,28.993,48,108,1.67305,0.6463,0.2299,0.4994
BAS00570,independence_to_aeon_mall_2,long_haul,baseline,0.0,6,0,818,14.68,5.726,26.149,34.405,40.818,9,143,2.07375,0.0842,0.2329,0.4995
BAS00571,independence_to_aeon_mall_2,long_haul,baseline,0.0,19,1,789,18.3,5.523,21.478,29.753,34.793,11,98,1.72734,0.112,0.2215,0.4969
BAS00572,independence_to_aeon_mall_2,delivery_rider,baseline,0.0,17,1,789,25.59,5.523,19.206,27.821,35.871,30,170,2.28796,0.305,0.2222,0.4994
BAS00573,independence_to_aeon_mall_2,delivery_rider,baseline,0.0,20,0,818,24.88,5.726,23.171,31.808,40.855,42,263,3.53991,0.4184,0.2337,0.4996
BAS00574,independence_to_aeon_mall_2,commuter,baseline,0.0,7,1,789,44.85,5.523,13.693,20.998,24.689,28,55,0.99569,0.544,0.2206,0.4999
BAS00575,independence_to_aeon_mall_2,commuter,baseline,0.0,23,0,818,38.58,5.726,16.728,24.303,28.264,44,98,1.54295,0.5591,0.2321,0.4997
BAS00576,independence_to_aeon_mall_2,delivery_rider,baseline,0.0,7,1,789,25.14,5.523,19.143,27.924,33.366,32,148,2.11515,0.3038,0.2269,0.4982
BAS00577,independence_to_aeon_mall_2,commuter,baseline,0.0,15,0,789,43.89,5.523,15.098,22.787,25.897,32,65,1.37812,0.5766,0.2211,0.4995
BAS00578,independence_to_aeon_mall_2,delivery_rider,baseline,0.0,18,1,789,25.78,5.523,19.086,27.412,33.302,26,140,1.9528,0.3184,0.2205,0.4999
BAS00579,independence_to_aeon_mall_2,delivery_rider,baseline,0.0,7,1,789,25.79,5.523,19.169,27.833,35.02,26,143,1.9841,0.3186,0.2197,0.4992
BAS00580,independence_to_aeon_mall_2,commuter,baseline,0.0,12,0,789,44.08,5.523,15.051,22.727,27.22,35,73,1.37318,0.574,0.2191,0.4996
BAS00581,independence_to_aeon_mall_2,delivery_rider,baseline,0.0,16,0,789,25.07,5.523,21.123,30.151,38.938,36,200,2.80811,0.3698,0.2219,0.4974
BAS00582,independence_to_aeon_mall_2,commuter,baseline,0.0,7,1,789,43.12,5.523,14.053,21.121,25.24,31,60,1.13062,0.522,0.2217,0.4986
BAS00583,independence_to_aeon_mall_2,delivery_rider,baseline,0.0,7,1,789,24.48,5.523,19.511,27.824,35.507,19,137,1.87619,0.2771,0.2158,0.4999
BAS00584,independence_to_aeon_mall_2,delivery_rider,baseline,0.0,18,1,789,28.84,5.523,18.945,27.978,33.424,41,174,2.19139,0.4072,0.2186,0.5
BAS00585,independence_to_aeon_mall_2,delivery_rider,baseline,0.0,19,1,789,27.43,5.523,19.362,27.985,34.128,32,166,2.23941,0.3688,0.2209,0.4997
BAS00586,independence_to_aeon_mall_2,delivery_rider,baseline,0.0,18,1,789,26.73,5.523,19.164,27.608,33.826,29,151,2.00398,0.3506,0.2231,0.4995
BAS00587,independence_to_aeon_mall_2,delivery_rider,baseline,0.0,8,1,789,26.37,5.523,19.195,27.655,33.775,34,180,2.19922,0.3415,0.2201,0.4998
BAS00588,independence_to_aeon_mall_2,commuter,baseline,0.0,15,0,789,43.59,5.523,15.006,22.778,26.375,40,77,1.41585,0.5724,0.2195,0.5
BAS00589,independence_to_aeon_mall_2,commuter,baseline,0.0,13,0,789,44.8,5.523,14.831,22.632,26.725,39,87,1.4091,0.5892,0.2203,0.4961
BAS00590,independence_to_aeon_mall_2,delivery_rider,baseline,0.0,21,0,818,20.3,5.726,23.459,31.425,39.997,38,264,2.69194,0.2853,0.2329,0.4995
BAS00591,independence_to_aeon_mall_2,commuter,baseline,0.0,17,1,789,39.77,5.523,13.884,20.823,23.641,31,62,1.04858,0.4766,0.2221,0.4994
BAS00592,independence_to_aeon_mall_2,commuter,baseline,0.0,16,0,789,41.72,5.523,15.087,22.893,26.917,35,72,1.38845,0.5595,0.2202,0.4984
BAS00593,independence_to_aeon_mall_2,delivery_rider,baseline,0.0,17,1,789,25.26,5.523,19.43,27.975,38.632,23,152,1.9476,0.2989,0.2209,0.4989
BAS00594,independence_to_aeon_mall_2,long_haul,baseline,0.0,7,1,789,19.04,5.523,21.566,29.736,34.879,9,89,1.52478,0.1487,0.2169,0.4979
BAS00595,independence_to_aeon_mall_2,long_haul,baseline,0.0,14,0,789,17.63,5.523,23.422,32.464,37.508,11,118,2.20154,0.1559,0.2204,0.4999
BAS00596,independence_to_aeon_mall_2,delivery_rider,baseline,0.0,18,1,789,25.75,5.523,19.28,27.836,35.768,20,170,2.04186,0.3166,0.2177,0.4983
BAS00597,independence_to_aeon_mall_2,commuter,baseline,0.0,23,0,818,39.79,5.726,16.787,24.356,28.621,44,97,1.73157,0.5693,0.2327,0.4992
BAS00598,independence_to_aeon_mall_2,commuter,baseline,0.0,17,1,789,44.36,5.523,13.674,20.916,24.71,31,66,1.07986,0.5367,0.2267,0.4993
BAS00599,independence_to_aeon_mall_2,commuter,baseline,0.0,22,0,818,41.86,5.726,16.659,24.44,28.258,53,117,1.84414,0.597,0.2339,0.4998
BAS00600,independence_to_aeon_mall_2,commuter,baseline,0.0,6,0,818,38.27,5.726,17.108,24.613,28.654,32,79,1.52853,0.5475,0.2326,0.4983
BAS00601,central_market_to_toul_kork,delivery_rider,baseline,0.0,22,0,393,11.61,2.751,22.346,31.67,34.739,20,119,3.2267,0.3126,0.2412,0.4982
BAS00602,central_market_to_toul_kork,commuter,baseline,0.0,8,1,393,21.12,2.751,13.222,19.518,22.7,8,20,0.84022,0.5133,0.2393,0.4943
BAS00603,central_market_to_toul_kork,delivery_rider,baseline,0.0,8,1,393,16.2,2.751,18.216,26.328,31.846,11,60,1.96831,0.4395,0.2454,0.4998
BAS00604,central_market_to_toul_kork,delivery_rider,baseline,0.0,23,0,393,11.79,2.751,22.316,31.358,36.809,14,119,2.94549,0.3296,0.2429,0.4992
BAS00605,central_market_to_toul_kork,delivery_rider,baseline,0.0,21,0,393,12.45,2.751,22.22,31.046,38.094,23,123,3.00384,0.3704,0.2474,0.4994
BAS00606,central_market_to_toul_kork,long_haul,baseline,0.0,22,0,393,8.1,2.751,25.185,33.188,38.112,5,83,2.27279,0.0951,0.2353,0.499
BAS00607,central_market_to_toul_kork,commuter,baseline,0.0,8,1,393,23.2,2.751,12.943,19.363,21.747,11,27,0.89727,0.5478,0.2391,0.4981
BAS00608,central_market_to_toul_kork,long_haul,baseline,0.0,17,1,393,9.63,2.751,20.59,27.857,31.462,2,45,1.30179,0.0636,0.2399,0.4975
BAS00609,central_market_to_toul_kork,commuter,baseline,0.0,18,1,393,22.4,2.751,13.311,19.448,22.93,13,32,0.95474,0.526,0.242,0.4996
BAS00610,central_market_to_toul_kork,commuter,baseline,0.0,8,1,393,21.16,2.751,13.504,19.303,23.41,12,25,0.88476,0.4974,0.2381,0.4966
BAS00611,central_market_to_toul_kork,commuter,baseline,0.0,15,0,393,24.23,2.751,13.217,19.769,22.079,14,28,0.93368,0.5829,0.2361,0.4999
BAS00612,central_market_to_toul_kork,long_haul,baseline,0.0,17,1,393,9.77,2.751,20.636,27.795,31.565,3,48,1.3541,0.099,0.2388,0.4991
BAS00613,central_market_to_toul_kork,delivery_rider,baseline,0.0,8,1,393,13.77,2.751,18.408,25.936,32.41,9,62,1.61162,0.3229,0.2339,0.4987
BAS00614,central_market_to_toul_kork,commuter,baseline,0.0,17,1,393,22.38,2.751,13.0,19.324,21.494,14,34,0.96373,0.523,0.2438,0.4996
BAS00615,central_market_to_toul_kork,commuter,baseline,0.0,8,1,393,28.79,2.751,12.635,19.469,23.356,20,44,1.08834,0.6583,0.2414,0.4991
BAS00616,central_market_to_toul_kork,long_haul,baseline,0.0,21,0,393,8.72,2.751,25.018,33.795,37.689,6,89,2.74195,0.1464,0.239,0.4926
BAS00617,central_market_to_toul_kork,commuter,baseline,0.0,16,0,393,19.05,2.751,13.746,19.762,21.982,10,23,0.83939,0.4247,0.2378,0.4965
BAS00618,central_market_to_toul_kork,commuter,baseline,0.0,19,1,393,22.96,2.751,13.354,19.645,23.113,10,19,0.8037,0.5371,0.2447,0.4976
BAS00619,central_market_to_toul_kork,delivery_rider,baseline,0.0,9,1,393,12.22,2.751,18.719,26.346,30.306,4,66,1.51477,0.2151,0.2427,0.4996
BAS00620,central_market_to_toul_kork,long_haul,baseline,0.0,11,0,393,9.84,2.751,20.927,28.202,31.72,2,40,1.51075,0.1187,0.2312,0.4991
BAS00621,central_market_to_toul_kork,delivery_rider,baseline,0.0,8,1,393,13.77,2.751,18.232,26.563,30.513,13,59,1.67971,0.3055,0.2362,0.4972
BAS00622,central_market_to_toul_kork,commuter,baseline,0.0,8,1,393,23.23,2.751,13.196,19.8,22.66,17,34,0.95001,0.5448,0.2411,0.4997
BAS00623,central_market_to_toul_kork,commuter,baseline,0.0,17,1,393,21.86,2.751,13.284,19.617,21.932,11,22,0.84277,0.5199,0.2438,0.4972
BAS00624,central_market_to_toul_kork,delivery_rider,baseline,0.0,6,0,393,12.75,2.751,22.462,31.986,39.481,27,140,3.60405,0.3936,0.2446,0.4974
BAS00625,central_market_to_toul_kork,commuter,baseline,0.0,7,1,393,20.77,2.751,13.352,19.439,22.569,17,32,0.93725,0.478,0.2429,0.4993
BAS00626,central_market_to_toul_kork,commuter,baseline,0.0,15,0,393,22.15,2.751,13.285,19.647,22.262,13,29,0.95528,0.523,0.2333,0.4986
BAS00627,central_market_to_toul_kork,commuter,baseline,0.0,11,0,393,22.67,2.751,13.364,19.891,23.045,16,34,1.04797,0.5365,0.24,0.4975
BAS00628,central_market_to_toul_kork,commuter,baseline,0.0,20,0,393,20.7,2.751,16.388,23.729,25.514,20,43,1.65537,0.5641,0.244,0.4973
BAS00629,central_market_to_toul_kork,commuter,baseline,0.0,18,1,393,24.65,2.751,12.826,19.18,21.656,12,30,0.92978,0.5757,0.24,0.499
BAS00630,central_market_to_toul_kork,long_haul,baseline,0.0,7,1,393,10.75,2.751,20.261,27.903,31.682,5,45,1.59588,0.1867,0.2384,0.4998
BAS00631,central_market_to_toul_kork,delivery_rider,baseline,0.0,12,0,393,15.36,2.751,18.414,26.18,32.518,10,76,1.90212,0.4153,0.2377,0.496
BAS00632,central_market_to_toul_kork,commuter,baseline,0.0,19,1,393,25.46,2.751,12.775,19.507,23.205,16,32,1.01785,0.5978,0.2407,0.4969
BAS00633,central_market_to_toul_kork,commuter,baseline,0.0,11,0,393,22.53,2.751,13.259,19.664,22.087,17,39,1.04913,0.5251,0.2438,0.4999
BAS00634,central_market_to_toul_kork,delivery_rider,baseline,0.0,21,0,393,11.38,2.751,22.205,31.158,36.213,18,121,3.29974,0.3241,0.2341,0.4971
BAS00635,central_market_to_toul_kork,commuter,baseline,0.0,8,1,393,24.85,2.751,12.883,19.884,23.297,18,37,1.07395,0.5701,0.2381,0.498
BAS00636,central_market_to_toul_kork,commuter,baseline,0.0,12,0,393,20.74,2.751,13.585,19.841,23.03,15,32,0.99345,0.484,0.2372,0.4991
BAS00637,central_market_to_toul_kork,long_haul,baseline,0.0,17,1,393,10.12,2.751,20.573,27.943,31.908,6,48,1.5923,0.1487,0.2427,0.4972
BAS00638,central_market_to_toul_kork,delivery_rider,baseline,0.0,17,1,393,14.76,2.751,17.955,25.818,30.555,15,80,1.97998,0.3817,0.241,0.4996
BAS00639,central_market_to_toul_kork,delivery_rider,baseline,0.0,4,0,393,11.76,2.751,22.627,31.511,37.37,15,105,2.96224,0.35,0.2336,0.4998
BAS00640,central_market_to_toul_kork,delivery_rider,baseline,0.0,18,1,393,16.94,2.751,18.083,26.128,31.731,15,79,2.03224,0.4616,0.2369,0.4988
BAS00641,central_market_to_toul_kork,commuter,baseline,0.0,8,1,393,24.91,2.751,13.221,19.253,23.47,10,26,0.91341,0.5701,0.2324,0.4999
BAS00642,central_market_to_toul_kork,long_haul,baseline,0.0,12,0,393,9.58,2.751,20.759,28.0,31.367,1,45,1.25405,0.083,0.2405,0.499
BAS00643,central_market_to_toul_kork,commuter,baseline,0.0,13,0,393,20.37,2.751,13.581,19.652,22.759,9,24,0.89417,0.4562,0.2395,0.4991
BAS00644,central_market_to_toul_kork,commuter,baseline,0.0,13,0,393,22.16,2.751,13.153,19.486,22.411,12,26,0.92631,0.5185,0.235,0.4993
BAS00645,central_market_to_toul_kork,commuter,baseline,0.0,12,0,393,19.97,2.751,13.75,19.595,22.506,14,28,0.90875,0.4553,0.2368,0.4997
BAS00646,central_market_to_toul_kork,long_haul,baseline,0.0,10,0,393,9.72,2.751,20.515,27.477,31.896,3,53,1.4604,0.1088,0.2383,0.4856
BAS00647,central_market_to_toul_kork,commuter,baseline,0.0,13,0,393,24.12,2.751,13.007,19.682,23.099,18,32,0.95361,0.582,0.2362,0.4976
BAS00648,central_market_to_toul_kork,commuter,baseline,0.0,15,0,393,22.17,2.751,13.317,19.675,22.617,14,31,0.94169,0.5471,0.235,0.4992
BAS00649,central_market_to_toul_kork,delivery_rider,baseline,0.0,8,1,393,13.97,2.751,18.347,26.355,31.336,10,54,1.70171,0.3256,0.2379,0.4996
BAS00650,central_market_to_toul_kork,delivery_rider,baseline,0.0,18,1,393,16.21,2.751,18.128,25.931,32.418,14,52,1.72625,0.4438,0.2386,0.4987
BAS00651,olympic_stadium_to_chip_mong,commuter,baseline,0.0,18,1,1083,56.54,7.581,16.966,27.354,31.371,63,136,2.35935,0.5829,0.2426,0.4999
BAS00652,olympic_stadium_to_chip_mong,delivery_rider,baseline,0.0,20,0,968,25.57,6.776,27.021,43.203,49.757,72,373,5.9341,0.3658,0.2541,0.4992
BAS00653,olympic_stadium_to_chip_mong,delivery_rider,baseline,0.0,12,0,1083,28.61,7.581,24.348,37.34,42.425,67,357,4.17428,0.302,0.2443,0.4988
BAS00654,olympic_stadium_to_chip_mong,commuter,baseline,0.0,11,0,1083,51.2,7.581,17.547,28.296,31.595,48,121,2.42847,0.548,0.238,0.4994
BAS00655,olympic_stadium_to_chip_mong,long_haul,baseline,0.0,23,0,968,17.73,6.776,30.072,46.423,50.405,18,267,4.25085,0.1426,0.2533,0.4995
BAS00656,olympic_stadium_to_chip_mong,long_haul,baseline,0.0,8,1,1083,22.58,7.581,26.519,38.975,44.561,17,257,2.75661,0.1666,0.2397,0.5
BAS00657,olympic_stadium_to_chip_mong,delivery_rider,baseline,0.0,5,0,968,25.36,6.776,27.041,43.225,49.808,73,334,5.90896,0.3682,0.2578,0.4998
BAS00658,olympic_stadium_to_chip_mong,commuter,baseline,0.0,7,1,1083,55.44,7.581,16.741,27.52,31.299,66,155,2.41583,0.5838,0.2408,0.4986
BAS00659,olympic_stadium_to_chip_mong,commuter,baseline,0.0,18,1,1083,53.82,7.581,17.211,27.726,32.987,41,121,2.06551,0.5617,0.2408,0.5
BAS00660,olympic_stadium_to_chip_mong,commuter,baseline,0.0,22,0,968,44.19,6.776,19.46,32.634,36.865,48,142,3.77352,0.56,0.2557,0.4982
BAS00661,olympic_stadium_to_chip_mong,commuter,baseline,0.0,8,1,1083,56.74,7.581,16.996,27.611,31.888,50,131,2.36756,0.5893,0.2433,0.4996
BAS00662,olympic_stadium_to_chip_mong,commuter,baseline,0.0,18,1,1083,55.05,7.581,17.137,27.656,31.668,53,126,2.30195,0.569,0.2377,0.4992
BAS00663,olympic_stadium_to_chip_mong,long_haul,baseline,0.0,14,0,1083,21.43,7.581,27.2,40.133,44.884,22,290,3.05314,0.1481,0.2411,0.4999
BAS00664,olympic_stadium_to_chip_mong,commuter,baseline,0.0,6,0,968,46.1,6.776,19.466,32.874,35.874,39,149,3.44856,0.5821,0.2615,0.4998
BAS00665,olympic_stadium_to_chip_mong,long_haul,baseline,0.0,20,0,968,17.42,6.776,30.08,46.323,51.065,22,278,3.84754,0.138,0.2566,0.4996
BAS00666,olympic_stadium_to_chip_mong,delivery_rider,baseline,0.0,15,0,1083,30.65,7.581,24.311,37.137,44.093,68,370,4.19505,0.3522,0.2439,0.4995
BAS00667,olympic_stadium_to_chip_mong,commuter,baseline,0.0,13,0,1083,54.36,7.581,17.524,28.116,32.958,58,141,2.4695,0.5735,0.2382,0.4966
BAS00668,olympic_stadium_to_chip_mong,delivery_rider,baseline,0.0,18,1,1083,31.9,7.581,23.72,36.365,42.49,51,331,4.007,0.3617,0.2397,0.4999
BAS00669,olympic_stadium_to_chip_mong,long_haul,baseline,0.0,9,1,1083,21.19,7.581,26.717,39.234,44.268,12,244,2.46836,0.1101,0.2425,0.4993
BAS00670,olympic_stadium_to_chip_mong,delivery_rider,baseline,0.0,12,0,1083,30.59,7.581,24.371,37.448,44.179,61,374,4.64165,0.3473,0.2428,0.4996
BAS00671,olympic_stadium_to_chip_mong,delivery_rider,baseline,0.0,17,1,1083,32.87,7.581,23.58,35.957,43.008,66,328,3.94073,0.3925,0.2408,0.4998
BAS00672,olympic_stadium_to_chip_mong,commuter,baseline,0.0,18,1,1083,55.25,7.581,16.972,27.512,31.782,53,132,2.4072,0.5722,0.2405,0.4996
BAS00673,olympic_stadium_to_chip_mong,long_haul,baseline,0.0,17,1,1083,20.29,7.581,26.685,39.228,43.425,12,252,2.79217,0.0692,0.2408,0.4992
BAS00674,olympic_stadium_to_chip_mong,delivery_rider,baseline,0.0,18,1,1083,31.57,7.581,23.678,36.294,41.876,48,354,3.86852,0.3603,0.2396,0.4997
BAS00675,olympic_stadium_to_chip_mong,commuter,baseline,0.0,18,1,1083,57.08,7.581,16.898,27.417,30.131,64,144,2.47004,0.5835,0.2408,0.4996
BAS00676,olympic_stadium_to_chip_mong,commuter,baseline,0.0,8,1,1083,51.8,7.581,17.385,27.591,31.153,48,124,2.08987,0.539,0.2422,0.4985
BAS00677,olympic_stadium_to_chip_mong,delivery_rider,baseline,0.0,16,0,1083,28.49,7.581,24.464,37.135,47.588,60,354,4.10679,0.3132,0.2372,0.4994
BAS00678,olympic_stadium_to_chip_mong,delivery_rider,baseline,0.0,5,0,968,26.65,6.776,26.649,43.35,50.091,92,361,6.84412,0.3972,0.2566,0.4999
BAS00679,olympic_stadium_to_chip_mong,delivery_rider,baseline,0.0,8,1,1083,31.09,7.581,23.724,36.07,43.136,65,338,3.4405,0.3419,0.2386,0.4999
BAS00680,olympic_stadium_to_chip_mong,commuter,baseline,0.0,18,1,1083,55.32,7.581,17.05,27.575,30.584,54,122,2.32493,0.5736,0.2408,0.4987
BAS00681,olympic_stadium_to_chip_mong,commuter,baseline,0.0,20,0,968,44.45,6.776,19.474,32.733,36.366,43,147,3.47608,0.5663,0.255,0.5
BAS00682,olympic_stadium_to_chip_mong,commuter,baseline,0.0,8,1,1083,52.46,7.581,17.046,27.505,30.853,52,121,2.35489,0.5416,0.2385,0.4983
BAS00683,olympic_stadium_to_chip_mong,long_haul,baseline,0.0,9,1,1083,20.83,7.581,26.718,39.266,44.066,15,249,2.79704,0.0982,0.2385,0.4988
BAS00684,olympic_stadium_to_chip_mong,commuter,baseline,0.0,6,0,968,50.83,6.776,18.95,32.494,36.526,65,178,4.36537,0.6254,0.2584,0.4996
BAS00685,olympic_stadium_to_chip_mong,commuter,baseline,0.0,6,0,968,44.84,6.776,19.36,32.419,36.476,36,127,3.32505,0.5757,0.256,0.4995
BAS00686,olympic_stadium_to_chip_mong,commuter,baseline,0.0,8,1,1083,53.72,7.581,17.11,27.768,30.823,51,130,2.3132,0.5574,0.2396,0.4993
BAS00687,olympic_stadium_to_chip_mong,delivery_rider,baseline,0.0,12,0,1083,31.84,7.581,24.151,37.385,43.689,64,356,4.08703,0.3856,0.2426,0.5
BAS00688,olympic_stadium_to_chip_mong,delivery_rider,baseline,0.0,8,1,1083,29.35,7.581,23.734,36.322,44.679,60,339,3.85712,0.3079,0.2437,0.4995
BAS00689,olympic_stadium_to_chip_mong,delivery_rider,baseline,0.0,7,1,1083,30.7,7.581,23.793,35.837,44.163,66,388,4.06986,0.3437,0.2434,0.4998
BAS00690,olympic_stadium_to_chip_mong,long_haul,baseline,0.0,7,1,1083,20.79,7.581,26.788,39.368,44.011,23,281,3.13444,0.098,0.238,0.4999
BAS00691,olympic_stadium_to_chip_mong,long_haul,baseline,0.0,14,0,1083,21.54,7.581,27.136,39.9,44.168,21,284,3.54459,0.1504,0.2385,0.4999
BAS00692,olympic_stadium_to_chip_mong,commuter,baseline,0.0,11,0,1083,62.47,7.581,16.978,28.201,32.29,77,173,2.91521,0.6361,0.244,0.499
BAS00693,olympic_stadium_to_chip_mong,delivery_rider,baseline,0.0,18,1,1083,30.6,7.581,23.914,36.569,45.617,60,359,4.08562,0.3492,0.2427,0.4996
BAS00694,olympic_stadium_to_chip_mong,long_haul,baseline,0.0,2,0,968,16.84,6.776,30.068,46.069,51.799,15,282,3.48532,0.1013,0.2555,0.4998
BAS00695,olympic_stadium_to_chip_mong,commuter,baseline,0.0,14,0,1083,56.24,7.581,17.296,28.2,31.735,69,169,2.70072,0.5919,0.2402,0.4998
BAS00696,olympic_stadium_to_chip_mong,long_haul,baseline,0.0,6,0,968,18.81,6.776,29.963,46.179,52.392,29,288,5.13732,0.2023,0.259,0.4988
BAS00697,olympic_stadium_to_chip_mong,commuter,baseline,0.0,17,1,1083,59.55,7.581,17.038,27.757,31.092,57,139,2.21262,0.6111,0.2437,0.5
BAS00698,olympic_stadium_to_chip_mong,delivery_rider,baseline,0.0,18,1,1083,31.0,7.581,23.8,36.391,42.249,57,334,3.68736,0.3497,0.2435,0.4996
BAS00699,olympic_stadium_to_chip_mong,delivery_rider,baseline,0.0,18,1,1083,29.65,7.581,23.814,36.33,44.995,59,332,3.68196,0.3194,0.2459,0.4996
BAS00700,olympic_stadium_to_chip_mong,commuter,baseline,0.0,14,0,1083,54.53,7.581,17.495,28.225,32.896,57,132,2.33526,0.5804,0.2379,0.4999
BAS00701,riverside_to_stung_meanchey,commuter,baseline,0.0,9,1,1311,64.58,9.177,19.97,34.693,39.874,92,250,4.28586,0.6302,0.4967,0.8099
BAS00702,riverside_to_stung_meanchey,commuter,baseline,0.0,7,1,1311,61.04,9.177,20.181,34.673,41.862,83,234,4.25002,0.603,0.5017,0.8057
BAS00703,riverside_to_stung_meanchey,long_haul,baseline,0.0,16,0,1311,25.45,9.177,31.141,49.143,55.805,39,421,4.4678,0.2467,0.4997,0.8032
BAS00704,riverside_to_stung_meanchey,commuter,baseline,0.0,18,1,1311,65.93,9.177,20.084,34.73,39.682,82,237,3.94914,0.633,0.4991,0.8041
BAS00705,riverside_to_stung_meanchey,commuter,baseline,0.0,18,1,1311,60.62,9.177,20.257,34.85,39.598,68,215,4.06949,0.5989,0.4992,0.8064
BAS00706,riverside_to_stung_meanchey,commuter,baseline,0.0,15,0,1311,63.95,9.177,19.995,34.617,39.705,82,248,3.80861,0.6236,0.4947,0.8096
BAS00707,riverside_to_stung_meanchey,commuter,baseline,0.0,10,0,1311,66.1,9.177,19.721,34.203,40.675,93,254,3.86566,0.6347,0.4985,0.8165
BAS00708,riverside_to_stung_meanchey,commuter,baseline,0.0,12,0,1311,62.3,9.177,19.955,33.905,39.525,78,230,3.7047,0.6095,0.5009,0.8136
BAS00709,riverside_to_stung_meanchey,commuter,baseline,0.0,7,1,1311,61.92,9.177,20.032,34.348,41.154,82,236,3.88961,0.6086,0.5004,0.8035
BAS00710,riverside_to_stung_meanchey,delivery_rider,baseline,0.0,21,0,1321,36.18,9.247,30.511,48.689,60.878,142,635,7.56626,0.4765,0.4801,0.8022
BAS00711,riverside_to_stung_meanchey,commuter,baseline,0.0,7,1,1311,63.67,9.177,20.08,34.52,39.677,91,253,4.28182,0.6214,0.4992,0.8151
BAS00712,riverside_to_stung_meanchey,delivery_rider,baseline,0.0,16,0,1311,31.39,9.177,28.173,44.643,54.498,83,519,5.51992,0.3351,0.4953,0.8
BAS00713,riverside_to_stung_meanchey,delivery_rider,baseline,0.0,22,0,1321,35.05,9.247,30.471,48.384,59.113,143,620,8.49103,0.4543,0.48,0.7956
BAS00714,riverside_to_stung_meanchey,commuter,baseline,0.0,6,0,1321,57.33,9.247,22.119,37.718,42.687,96,288,4.82908,0.5997,0.4832,0.8084
BAS00715,riverside_to_stung_meanchey,commuter,baseline,0.0,20,0,1321,58.07,9.247,22.047,37.566,42.082,103,291,5.18599,0.6074,0.4783,0.8113
BAS00716,riverside_to_stung_meanchey,commuter,baseline,0.0,13,0,1311,61.09,9.177,20.046,33.984,39.166,78,231,4.04263,0.5961,0.4949,0.8077
BAS00717,riverside_to_stung_meanchey,commuter,baseline,0.0,6,0,1321,59.04,9.247,21.753,37.281,43.25,115,314,5.61595,0.6124,0.4805,0.8051
BAS00718,riverside_to_stung_meanchey,long_haul,baseline,0.0,7,1,1311,21.22,9.177,31.429,49.437,56.123,19,400,4.87574,0.0907,0.4947,0.8098
BAS00719,riverside_to_stung_meanchey,commuter,baseline,0.0,11,0,1311,61.06,9.177,20.169,34.297,39.323,81,232,3.98831,0.5917,0.4991,0.8128
BAS00720,riverside_to_stung_meanchey,commuter,baseline,0.0,10,0,1311,62.25,9.177,20.304,34.618,40.319,75,234,3.874,0.6045,0.502,0.8044
BAS00721,riverside_to_stung_meanchey,long_haul,baseline,0.0,7,1,1311,23.57,9.177,31.426,49.78,56.552,31,400,5.57241,0.1887,0.4972,0.831
BAS00722,riverside_to_stung_meanchey,delivery_rider,baseline,0.0,7,1,1311,35.44,9.177,27.968,44.157,54.698,106,526,6.40233,0.4185,0.4985,0.8218
BAS00723,riverside_to_stung_meanchey,commuter,baseline,0.0,6,0,1321,64.38,9.247,21.655,37.583,43.156,119,338,5.01671,0.6502,0.4778,0.8049
BAS00724,riverside_to_stung_meanchey,delivery_rider,baseline,0.0,9,1,1311,33.52,9.177,28.113,45.085,54.897,112,528,6.97081,0.3912,0.4988,0.8067
BAS00725,riverside_to_stung_meanchey,delivery_rider,baseline,0.0,17,1,1311,36.33,9.177,27.93,44.664,53.327,108,541,7.3042,0.4375,0.4973,0.8027
BAS00726,riverside_to_stung_meanchey,delivery_rider,baseline,0.0,22,0,1321,30.73,9.247,30.551,48.457,60.684,132,616,8.03362,0.3771,0.4776,0.8253
BAS00727,riverside_to_stung_meanchey,long_haul,baseline,0.0,23,0,1321,21.22,9.247,34.104,53.791,59.633,43,500,4.41162,0.1548,0.4756,0.8147
BAS00728,riverside_to_stung_meanchey,delivery_rider,baseline,0.0,7,1,1311,29.44,9.177,28.353,44.777,54.949,117,515,6.34076,0.3015,0.4976,0.8081
BAS00729,riverside_to_stung_meanchey,commuter,baseline,0.0,8,1,1311,70.12,9.177,19.663,34.613,39.936,106,280,4.40811,0.6628,0.498,0.8012
BAS00730,riverside_to_stung_meanchey,long_haul,baseline,0.0,23,0,1321,20.99,9.247,34.258,53.671,60.046,44,493,4.66185,0.149,0.4802,0.8159
BAS00731,riverside_to_stung_meanchey,commuter,baseline,0.0,19,1,1311,63.13,9.177,20.1,34.597,39.176,82,229,3.87449,0.6226,0.4968,0.8089
BAS00732,riverside_to_stung_meanchey,delivery_rider,baseline,0.0,21,0,1321,28.71,9.247,30.668,48.929,59.064,117,624,8.19668,0.3246,0.4831,0.8034
BAS00733,riverside_to_stung_meanchey,long_haul,baseline,0.0,7,1,1311,21.37,9.177,31.626,49.519,57.995,29,456,4.18295,0.1006,0.4998,0.8041
BAS00734,riverside_to_stung_meanchey,long_haul,baseline,0.0,17,1,1311,22.66,9.177,31.417,49.548,57.187,36,446,5.47405,0.1578,0.4966,0.8109
BAS00735,riverside_to_stung_meanchey,long_haul,baseline,0.0,14,0,1311,22.71,9.177,31.135,49.083,56.516,27,399,5.08894,0.1419,0.4969,0.8088
BAS00736,riverside_to_stung_meanchey,commuter,baseline,0.0,17,1,1311,62.29,9.177,19.932,34.411,39.609,101,252,4.71128,0.6104,0.4967,0.8012
BAS00737,riverside_to_stung_meanchey,delivery_rider,baseline,0.0,11,0,1311,34.32,9.177,27.8,44.324,55.181,115,515,7.74622,0.4008,0.499,0.8003
BAS00738,riverside_to_stung_meanchey,delivery_rider,baseline,0.0,6,0,1321,31.61,9.247,30.71,48.359,56.647,122,605,8.13624,0.3921,0.4816,0.8025
BAS00739,riverside_to_stung_meanchey,long_haul,baseline,0.0,8,1,1311,23.03,9.177,31.527,49.834,54.518,32,399,5.7858,0.1698,0.4985,0.7985
BAS00740,riverside_to_stung_meanchey,commuter,baseline,0.0,17,1,1311,64.66,9.177,19.778,34.458,40.202,91,237,4.27942,0.6349,0.4992,0.808
BAS00741,riverside_to_stung_meanchey,commuter,baseline,0.0,17,1,1311,66.34,9.177,19.983,34.616,40.265,91,281,4.29498,0.6386,0.4964,0.7905
BAS00742,riverside_to_stung_meanchey,delivery_rider,baseline,0.0,21,0,1321,31.1,9.247,30.417,48.818,58.418,129,603,9.26922,0.3766,0.4781,0.7968
BAS00743,riverside_to_stung_meanchey,commuter,baseline,0.0,9,1,1311,64.48,9.177,20.044,34.801,39.906,94,261,4.0426,0.625,0.4993,0.8085
BAS00744,riverside_to_stung_meanchey,delivery_rider,baseline,0.0,17,1,1311,35.51,9.177,27.816,44.545,53.853,111,545,6.84033,0.4214,0.4979,0.8041
BAS00745,riverside_to_stung_meanchey,delivery_rider,baseline,0.0,8,1,1311,31.94,9.177,28.346,44.449,56.355,101,524,6.48879,0.3583,0.4991,0.8104
BAS00746,riverside_to_stung_meanchey,commuter,baseline,0.0,7,1,1311,67.9,9.177,19.841,34.761,39.002,89,248,4.24191,0.6526,0.4978,0.8109
BAS00747,riverside_to_stung_meanchey,commuter,baseline,0.0,8,1,1311,61.93,9.177,20.161,34.628,39.134,91,280,4.40227,0.6067,0.4969,0.792
BAS00748,riverside_to_stung_meanchey,commuter,baseline,0.0,8,1,1311,64.88,9.177,20.042,34.751,39.542,98,269,4.17634,0.6312,0.4986,0.7984
BAS00749,riverside_to_stung_meanchey,commuter,baseline,0.0,6,0,1321,62.41,9.247,21.531,37.153,42.767,131,352,5.74714,0.6403,0.4859,0.8136
BAS00750,riverside_to_stung_meanchey,commuter,baseline,0.0,11,0,1311,60.63,9.177,19.994,34.139,39.729,80,237,4.01263,0.6012,0.4986,0.8054
BAS00751,russian_market_to_sen_sok,commuter,baseline,0.0,17,1,1296,72.66,9.072,13.776,19.763,24.422,38,85,0.95164,0.5428,0.3045,0.9114
BAS00752,russian_market_to_sen_sok,long_haul,baseline,0.0,7,1,1296,28.81,9.072,21.345,27.916,34.364,14,128,1.35817,0.0825,0.3073,0.9266
BAS00753,russian_market_to_sen_sok,delivery_rider,baseline,0.0,17,1,1296,37.64,9.072,19.337,26.159,35.774,33,227,1.75883,0.2421,0.3076,0.9168
BAS00754,russian_market_to_sen_sok,long_haul,baseline,0.0,17,1,1296,30.39,9.072,21.319,28.03,33.774,15,119,1.42683,0.1336,0.3085,0.9371
BAS00755,russian_market_to_sen_sok,commuter,baseline,0.0,14,0,1296,68.07,9.072,15.602,22.203,27.788,67,148,1.30836,0.5801,0.3058,0.9231
BAS00756,russian_market_to_sen_sok,commuter,baseline,0.0,21,0,1296,62.91,9.072,17.73,25.254,29.927,91,197,1.73095,0.5904,0.3061,0.9243
BAS00757,russian_market_to_sen_sok,long_haul,baseline,0.0,8,1,1296,30.32,9.072,21.265,28.125,35.169,12,118,1.44926,0.1304,0.3015,0.9363
BAS00758,russian_market_to_sen_sok,commuter,baseline,0.0,18,1,1296,68.42,9.072,13.846,19.662,25.467,36,81,0.98588,0.5089,0.3009,0.9152
BAS00759,russian_market_to_sen_sok,commuter,baseline,0.0,5,0,1296,71.29,9.072,17.521,25.211,30.434,108,228,1.97098,0.6436,0.3027,0.915
BAS00760,russian_market_to_sen_sok,commuter,baseline,0.0,7,1,1296,69.06,9.072,13.807,19.59,24.157,27,63,0.89976,0.5193,0.3031,0.9192
BAS00761,russian_market_to_sen_sok,long_haul,baseline,0.0,8,1,1296,28.68,9.072,21.383,27.718,33.155,8,126,1.37888,0.0749,0.3094,0.9215
BAS00762,russian_market_to_sen_sok,long_haul,baseline,0.0,8,1,1296,29.09,9.072,21.438,28.0,33.988,7,112,1.25853,0.0937,0.3062,0.9131
BAS00763,russian_market_to_sen_sok,commuter,baseline,0.0,8,1,1296,70.3,9.072,13.744,19.664,25.238,34,77,0.95431,0.5282,0.3073,0.9112
BAS00764,russian_market_to_sen_sok,commuter,baseline,0.0,15,0,1296,67.19,9.072,15.567,22.166,26.435,70,144,1.40141,0.5694,0.3041,0.9046
BAS00765,russian_market_to_sen_sok,long_haul,baseline,0.0,9,1,1296,29.23,9.072,21.418,28.147,32.998,10,130,1.37429,0.0979,0.309,0.9442
BAS00766,russian_market_to_sen_sok,delivery_rider,baseline,0.0,11,0,1296,39.43,9.072,21.61,29.441,39.153,64,336,2.68304,0.3777,0.305,0.9258
BAS00767,russian_market_to_sen_sok,commuter,baseline,0.0,8,1,1296,73.22,9.072,13.655,19.602,24.662,44,84,0.98016,0.547,0.3052,0.9414
BAS00768,russian_market_to_sen_sok,delivery_rider,baseline,0.0,12,0,1296,37.85,9.072,21.845,30.078,37.28,66,393,2.67003,0.3432,0.3039,0.9326
BAS00769,russian_market_to_sen_sok,long_haul,baseline,0.0,22,0,1296,23.16,9.072,27.453,35.901,42.641,20,334,2.38389,0.1159,0.3067,0.9074
BAS00770,russian_market_to_sen_sok,commuter,baseline,0.0,8,1,1296,74.53,9.072,13.607,19.587,24.541,30,63,0.86844,0.5593,0.3079,0.87
BAS00771,russian_market_to_sen_sok,commuter,baseline,0.0,14,0,1296,56.38,9.072,16.108,22.493,27.189,47,103,1.18963,0.4687,0.3042,0.9316
BAS00772,russian_market_to_sen_sok,long_haul,baseline,0.0,2,0,1296,22.8,9.072,27.545,35.78,42.173,17,305,2.50046,0.1063,0.3004,0.9447
BAS00773,russian_market_to_sen_sok,commuter,baseline,0.0,12,0,1296,64.57,9.072,15.802,22.422,27.326,60,128,1.35853,0.5427,0.3056,0.9334
BAS00774,russian_market_to_sen_sok,long_haul,baseline,0.0,21,0,1296,24.24,9.072,27.431,36.016,41.947,14,330,2.2526,0.1541,0.3063,0.91
BAS00775,russian_market_to_sen_sok,delivery_rider,baseline,0.0,17,1,1296,41.64,9.072,18.908,25.55,33.032,38,235,1.80389,0.3203,0.3039,0.8988
BAS00776,russian_market_to_sen_sok,long_haul,baseline,0.0,18,1,1296,30.28,9.072,21.407,27.997,34.077,13,114,1.31896,0.1271,0.3074,0.9325
BAS00777,russian_market_to_sen_sok,delivery_rider,baseline,0.0,17,1,1296,44.46,9.072,19.049,26.299,33.825,58,275,1.9604,0.3665,0.3044,0.9061
BAS00778,russian_market_to_sen_sok,commuter,baseline,0.0,13,0,1296,66.45,9.072,15.634,22.162,27.565,51,120,1.30999,0.5637,0.3036,0.8853
BAS00779,russian_market_to_sen_sok,delivery_rider,baseline,0.0,21,0,1296,31.72,9.072,24.807,33.171,40.756,58,450,2.88244,0.3079,0.3049,0.9116
BAS00780,russian_market_to_sen_sok,delivery_rider,baseline,0.0,9,1,1296,44.17,9.072,18.901,26.075,34.272,51,259,2.04224,0.3632,0.3085,0.9004
BAS00781,russian_market_to_sen_sok,long_haul,baseline,0.0,14,0,1296,26.63,9.072,24.3,31.993,36.905,13,239,1.77808,0.1306,0.3045,0.9268
BAS00782,russian_market_to_sen_sok,commuter,baseline,0.0,8,1,1296,68.82,9.072,13.856,19.499,23.743,33,73,0.95302,0.5208,0.3043,0.9309
BAS00783,russian_market_to_sen_sok,delivery_rider,baseline,0.0,23,0,1296,32.15,9.072,24.736,33.453,40.951,73,457,3.15695,0.3155,0.3083,0.9378
BAS00784,russian_market_to_sen_sok,delivery_rider,baseline,0.0,7,1,1296,41.84,9.072,18.941,26.148,33.392,46,237,1.86693,0.329,0.308,0.9192
BAS00785,russian_market_to_sen_sok,commuter,baseline,0.0,5,0,1296,57.73,9.072,17.721,25.384,31.006,99,208,1.88612,0.5512,0.3018,0.9282
BAS00786,russian_market_to_sen_sok,delivery_rider,baseline,0.0,7,1,1296,40.1,9.072,19.291,26.227,34.86,37,214,1.81126,0.2898,0.3049,0.922
BAS00787,russian_market_to_sen_sok,delivery_rider,baseline,0.0,10,0,1296,38.55,9.072,21.711,29.843,38.15,60,385,2.43985,0.3579,0.3028,0.9125
BAS00788,russian_market_to_sen_sok,commuter,baseline,0.0,8,1,1296,68.17,9.072,13.876,19.624,23.973,29,65,0.90281,0.5146,0.3076,0.9123
BAS00789,russian_market_to_sen_sok,delivery_rider,baseline,0.0,23,0,1296,32.82,9.072,24.639,33.004,41.505,71,449,3.2328,0.3256,0.3049,0.9212
BAS00790,russian_market_to_sen_sok,long_haul,baseline,0.0,7,1,1296,30.49,9.072,21.263,27.875,34.157,13,137,1.41866,0.1343,0.3055,0.9137
BAS00791,russian_market_to_sen_sok,delivery_rider,baseline,0.0,20,0,1296,34.2,9.072,24.549,33.104,41.205,65,455,3.53282,0.3574,0.3057,0.9093
BAS00792,russian_market_to_sen_sok,commuter,baseline,0.0,8,1,1296,63.23,9.072,14.061,19.696,24.242,27,64,0.84926,0.4706,0.3032,0.9312
BAS00793,russian_market_to_sen_sok,long_haul,baseline,0.0,18,1,1296,32.06,9.072,21.372,28.158,33.713,14,131,1.37513,0.1825,0.3025,0.9095
BAS00794,russian_market_to_sen_sok,long_haul,baseline,0.0,14,0,1296,28.67,9.072,24.299,32.144,36.912,23,204,1.95866,0.2011,0.3083,0.903
BAS00795,russian_market_to_sen_sok,long_haul,baseline,0.0,18,1,1296,27.55,9.072,21.46,27.924,33.4,6,121,1.18939,0.0391,0.3053,0.9238
BAS00796,russian_market_to_sen_sok,delivery_rider,baseline,0.0,17,1,1296,38.73,9.072,19.194,26.225,32.713,37,243,1.86008,0.2645,0.3054,0.9437
BAS00797,russian_market_to_sen_sok,long_haul,baseline,0.0,7,1,1296,27.85,9.072,21.522,28.033,34.385,5,132,1.21312,0.0526,0.3037,0.9415
BAS00798,russian_market_to_sen_sok,delivery_rider,baseline,0.0,17,1,1296,41.37,9.072,19.086,26.21,33.444,52,231,1.88652,0.3168,0.3048,0.9282
BAS00799,russian_market_to_sen_sok,commuter,baseline,0.0,14,0,1296,68.85,9.072,15.632,22.188,27.213,57,135,1.31313,0.5795,0.3042,0.9287
BAS00800,russian_market_to_sen_sok,commuter,baseline,0.0,7,1,1296,74.17,9.072,13.69,19.623,24.398,30,74,0.9789,0.5553,0.3036,0.9329
BAS00801,calmette_to_aeon_mall_2,commuter,baseline,0.0,23,0,750,38.49,5.25,16.658,24.553,29.024,48,104,1.85103,0.6007,0.2434,0.4991
BAS00802,calmette_to_aeon_mall_2,long_haul,baseline,0.0,12,0,721,16.41,5.047,23.841,32.825,38.193,8,116,2.03162,0.1812,0.2259,0.4987
BAS00803,calmette_to_aeon_mall_2,commuter,baseline,0.0,17,1,721,39.81,5.047,14.084,21.325,24.88,29,61,1.11523,0.5307,0.2293,0.4991
BAS00804,calmette_to_aeon_mall_2,delivery_rider,baseline,0.0,11,0,721,19.52,5.047,21.718,31.092,36.29,24,184,2.67913,0.2579,0.2264,0.4992
BAS00805,calmette_to_aeon_mall_2,long_haul,baseline,0.0,6,0,750,13.83,5.25,26.354,35.282,44.086,13,163,2.30311,0.1166,0.2398,0.4983
BAS00806,calmette_to_aeon_mall_2,commuter,baseline,0.0,8,1,721,39.06,5.047,14.022,21.249,24.166,35,73,1.13106,0.5179,0.2283,0.4986
BAS00807,calmette_to_aeon_mall_2,long_haul,baseline,0.0,18,1,721,17.36,5.047,21.767,29.954,34.881,7,110,1.8597,0.1547,0.2282,0.4994
BAS00808,calmette_to_aeon_mall_2,delivery_rider,baseline,0.0,18,1,721,24.79,5.047,19.486,28.396,33.124,18,135,1.92509,0.3537,0.2273,0.4985
BAS00809,calmette_to_aeon_mall_2,commuter,baseline,0.0,11,0,721,39.36,5.047,15.221,23.082,27.738,42,85,1.59347,0.5723,0.2218,0.5
BAS00810,calmette_to_aeon_mall_2,delivery_rider,baseline,0.0,14,0,721,21.82,5.047,21.359,30.898,36.451,28,175,2.55673,0.3306,0.2292,0.4991
BAS00811,calmette_to_aeon_mall_2,long_haul,baseline,0.0,21,0,750,14.51,5.25,26.239,34.857,40.003,12,151,2.3306,0.1602,0.2484,0.4989
BAS00812,calmette_to_aeon_mall_2,commuter,baseline,0.0,20,0,750,39.36,5.25,16.662,24.504,28.564,46,101,1.75248,0.6109,0.2431,0.4999
BAS00813,calmette_to_aeon_mall_2,delivery_rider,baseline,0.0,17,1,721,20.64,5.047,19.637,28.305,33.613,15,153,2.18847,0.2174,0.2266,0.4993
BAS00814,calmette_to_aeon_mall_2,commuter,baseline,0.0,23,0,750,37.69,5.25,16.82,24.764,28.459,43,99,1.63092,0.5917,0.243,0.4979
BAS00815,calmette_to_aeon_mall_2,long_haul,baseline,0.0,8,1,721,17.02,5.047,21.661,29.974,34.28,8,91,1.69004,0.1253,0.2291,0.4989
BAS00816,calmette_to_aeon_mall_2,commuter,baseline,0.0,2,0,750,38.48,5.25,16.92,24.872,29.652,39,86,1.57131,0.6038,0.2388,0.4996
BAS00817,calmette_to_aeon_mall_2,commuter,baseline,0.0,8,1,721,37.9,5.047,14.305,20.987,24.294,28,57,1.15111,0.4957,0.2263,0.4997
BAS00818,calmette_to_aeon_mall_2,delivery_rider,baseline,0.0,8,1,721,25.26,5.047,19.26,28.368,34.805,24,141,1.95696,0.373,0.2252,0.4994
BAS00819,calmette_to_aeon_mall_2,commuter,baseline,0.0,18,1,721,41.1,5.047,13.735,20.999,24.681,30,63,1.14147,0.5469,0.2278,0.4979
BAS00820,calmette_to_aeon_mall_2,commuter,baseline,0.0,19,1,721,40.29,5.047,14.01,21.227,24.845,32,65,1.21289,0.5378,0.2239,0.4988
BAS00821,calmette_to_aeon_mall_2,long_haul,baseline,0.0,0,0,750,13.12,5.25,26.553,35.245,40.267,9,152,1.97823,0.0694,0.2411,0.4998
BAS00822,calmette_to_aeon_mall_2,commuter,baseline,0.0,17,1,721,40.75,5.047,14.032,21.137,25.393,33,62,1.17572,0.5449,0.2328,0.5
BAS00823,calmette_to_aeon_mall_2,commuter,baseline,0.0,19,1,721,38.2,5.047,14.058,21.134,25.674,36,73,1.23264,0.5128,0.2201,0.4995
BAS00824,calmette_to_aeon_mall_2,commuter,baseline,0.0,6,0,750,35.69,5.25,17.042,24.484,28.426,41,89,1.8751,0.5587,0.2389,0.499
BAS00825,calmette_to_aeon_mall_2,commuter,baseline,0.0,8,1,721,44.82,5.047,13.731,20.802,23.856,33,70,1.14816,0.602,0.2244,0.4985
BAS00826,calmette_to_aeon_mall_2,long_haul,baseline,0.0,8,1,721,15.58,5.047,21.882,29.904,35.866,6,77,1.35711,0.0439,0.2259,0.4996
BAS00827,calmette_to_aeon_mall_2,commuter,baseline,0.0,17,1,721,40.76,5.047,13.874,21.244,24.283,32,64,1.1921,0.5463,0.229,0.4994
BAS00828,calmette_to_aeon_mall_2,delivery_rider,baseline,0.0,8,1,721,20.36,5.047,19.803,28.689,34.677,22,139,1.9991,0.2057,0.2277,0.4991
BAS00829,calmette_to_aeon_mall_2,commuter,baseline,0.0,5,0,750,37.32,5.25,17.116,24.775,28.594,41,90,1.79291,0.5836,0.238,0.4996
BAS00830,calmette_to_aeon_mall_2,long_haul,baseline,0.0,7,1,721,15.69,5.047,21.867,29.898,34.362,4,80,1.46357,0.0556,0.2299,0.4992
BAS00831,calmette_to_aeon_mall_2,commuter,baseline,0.0,14,0,721,33.64,5.047,15.651,22.965,26.259,26,56,1.27487,0.4856,0.2281,0.4999
BAS00832,calmette_to_aeon_mall_2,long_haul,baseline,0.0,21,0,750,13.43,5.25,26.409,35.431,39.864,8,159,2.43314,0.0846,0.2439,0.4996
BAS00833,calmette_to_aeon_mall_2,long_haul,baseline,0.0,17,1,721,16.26,5.047,21.86,30.093,33.99,6,86,1.48211,0.094,0.228,0.4999
BAS00834,calmette_to_aeon_mall_2,commuter,baseline,0.0,14,0,721,35.55,5.047,15.51,23.458,28.139,29,62,1.3016,0.5144,0.2306,0.4966
BAS00835,calmette_to_aeon_mall_2,long_haul,baseline,0.0,8,1,721,15.79,5.047,21.776,29.906,34.547,5,91,1.43697,0.059,0.2279,0.4999
BAS00836,calmette_to_aeon_mall_2,commuter,baseline,0.0,12,0,721,40.84,5.047,15.255,23.155,26.002,32,68,1.4986,0.5847,0.2308,0.5
BAS00837,calmette_to_aeon_mall_2,commuter,baseline,0.0,18,1,721,39.51,5.047,14.101,21.218,25.425,29,58,1.04279,0.5217,0.2303,0.4989
BAS00838,calmette_to_aeon_mall_2,delivery_rider,baseline,0.0,23,0,750,20.41,5.25,23.488,32.021,38.313,43,259,3.17722,0.3606,0.2418,0.5
BAS00839,calmette_to_aeon_mall_2,commuter,baseline,0.0,8,1,721,46.88,5.047,13.627,21.082,26.563,31,60,1.22073,0.6219,0.2314,0.4999
BAS00840,calmette_to_aeon_mall_2,commuter,baseline,0.0,8,1,721,38.38,5.047,14.001,20.937,23.992,29,57,1.11823,0.507,0.2264,0.4996
BAS00841,calmette_to_aeon_mall_2,delivery_rider,baseline,0.0,17,1,721,23.56,5.047,19.501,28.301,33.635,23,157,2.14302,0.3182,0.2273,0.4995
BAS00842,calmette_to_aeon_mall_2,delivery_rider,baseline,0.0,23,0,750,20.56,5.25,23.431,32.613,40.694,49,244,3.2644,0.3662,0.2391,0.4984
BAS00843,calmette_to_aeon_mall_2,delivery_rider,baseline,0.0,23,0,750,20.92,5.25,23.478,32.051,39.051,33,249,3.19635,0.3819,0.2423,0.4985
BAS00844,calmette_to_aeon_mall_2,long_haul,baseline,0.0,18,1,721,16.25,5.047,21.911,30.254,36.427,3,86,1.36759,0.0865,0.2293,0.4998
BAS00845,calmette_to_aeon_mall_2,commuter,baseline,0.0,8,1,721,36.53,5.047,14.251,21.397,25.049,23,50,1.07917,0.487,0.2258,0.4994
BAS00846,calmette_to_aeon_mall_2,commuter,baseline,0.0,14,0,721,36.54,5.047,15.461,22.966,27.159,28,56,1.28914,0.5352,0.2254,0.4956
BAS00847,calmette_to_aeon_mall_2,commuter,baseline,0.0,17,1,721,35.08,5.047,14.287,21.094,25.24,28,58,1.13042,0.4486,0.228,0.4992
BAS00848,calmette_to_aeon_mall_2,delivery_rider,baseline,0.0,23,0,750,22.16,5.25,23.172,31.793,41.304,48,240,3.15215,0.4123,0.242,0.4992
BAS00849,calmette_to_aeon_mall_2,long_haul,baseline,0.0,5,0,750,13.63,5.25,26.424,35.197,40.695,9,162,2.22853,0.1001,0.2455,0.4989
BAS00850,calmette_to_aeon_mall_2,commuter,baseline,0.0,17,1,721,42.11,5.047,13.984,21.17,24.853,29,56,1.1244,0.5538,0.2268,0.4997
BAS00851,tuol_sleng_to_royal_palace,commuter,baseline,0.0,15,0,439,22.94,3.073,12.072,15.497,21.67,4,7,0.57014,0.4153,0.1937,0.499
BAS00852,tuol_sleng_to_royal_palace,delivery_rider,baseline,0.0,6,0,439,14.4,3.073,17.95,23.245,34.975,18,61,1.59436,0.3114,0.1977,0.4983
BAS00853,tuol_sleng_to_royal_palace,delivery_rider,baseline,0.0,5,0,439,16.33,3.073,18.427,24.308,35.747,16,70,2.04955,0.4077,0.201,0.4978
BAS00854,tuol_sleng_to_royal_palace,long_haul,baseline,0.0,23,0,439,10.27,3.073,20.179,25.086,34.394,4,29,1.15072,0.0961,0.1993,0.4996
BAS00855,tuol_sleng_to_royal_palace,commuter,baseline,0.0,7,1,439,28.3,3.073,10.215,14.244,19.965,0,0,0.43177,0.4899,0.1987,0.4942
BAS00856,tuol_sleng_to_royal_palace,delivery_rider,baseline,0.0,17,1,439,17.65,3.073,14.33,19.899,29.009,4,24,0.94679,0.2853,0.1951,0.4989
BAS00857,tuol_sleng_to_royal_palace,delivery_rider,baseline,0.0,14,0,439,14.02,3.073,16.651,22.013,31.905,4,40,1.22536,0.2063,0.1942,0.4915
BAS00858,tuol_sleng_to_royal_palace,commuter,baseline,0.0,21,0,439,24.17,3.073,13.222,18.051,24.209,3,6,0.76288,0.5221,0.1981,0.4929
BAS00859,tuol_sleng_to_royal_palace,delivery_rider,baseline,0.0,18,1,439,16.46,3.073,14.735,19.923,28.326,5,22,1.12864,0.2475,0.1997,0.4964
BAS00860,tuol_sleng_to_royal_palace,delivery_rider,baseline,0.0,17,1,439,16.94,3.073,14.347,19.552,29.332,7,24,0.96529,0.2563,0.1963,0.4969
BAS00861,tuol_sleng_to_royal_palace,commuter,baseline,0.0,14,0,439,29.82,3.073,11.377,15.451,21.947,2,6,0.54716,0.5764,0.202,0.4991
BAS00862,tuol_sleng_to_royal_palace,commuter,baseline,0.0,17,1,439,29.62,3.073,10.301,14.072,21.104,0,1,0.40493,0.5219,0.2039,0.4933
BAS00863,tuol_sleng_to_royal_palace,commuter,baseline,0.0,22,0,439,25.0,3.073,13.133,17.064,23.767,5,9,0.78171,0.5431,0.1946,0.4992
BAS00864,tuol_sleng_to_royal_palace,commuter,baseline,0.0,9,1,439,26.96,3.073,10.46,14.204,19.84,0,2,0.39136,0.4436,0.194,0.4952
BAS00865,tuol_sleng_to_royal_palace,commuter,baseline,0.0,10,0,439,25.42,3.073,11.576,15.462,21.541,2,4,0.51539,0.4876,0.1971,0.4998
BAS00866,tuol_sleng_to_royal_palace,delivery_rider,baseline,0.0,16,0,439,14.83,3.073,16.192,21.266,30.387,7,39,1.24727,0.2484,0.1934,0.4987
BAS00867,tuol_sleng_to_royal_palace,delivery_rider,baseline,0.0,9,1,439,15.68,3.073,14.477,19.798,28.074,1,15,0.86696,0.1915,0.1992,0.4961
BAS00868,tuol_sleng_to_royal_palace,commuter,baseline,0.0,18,1,439,28.99,3.073,10.223,14.088,20.287,1,2,0.37486,0.5021,0.1986,0.4985
BAS00869,tuol_sleng_to_royal_palace,delivery_rider,baseline,0.0,17,1,439,17.2,3.073,14.527,19.538,30.677,6,21,0.96428,0.2566,0.1963,0.4995
BAS00870,tuol_sleng_to_royal_palace,delivery_rider,baseline,0.0,6,0,439,14.6,3.073,18.099,23.802,33.291,11,55,1.42808,0.3199,0.2021,0.4892
BAS00871,tuol_sleng_to_royal_palace,commuter,baseline,0.0,11,0,439,27.16,3.073,11.591,15.741,21.299,5,9,0.57999,0.5178,0.1901,0.484
BAS00872,tuol_sleng_to_royal_palace,commuter,baseline,0.0,11,0,439,24.15,3.073,11.715,15.662,22.032,3,6,0.55648,0.4624,0.2012,0.4929
BAS00873,tuol_sleng_to_royal_palace,commuter,baseline,0.0,12,0,439,27.94,3.073,11.543,15.912,21.92,2,9,0.57172,0.5495,0.1957,0.4971
BAS00874,tuol_sleng_to_royal_palace,delivery_rider,baseline,0.0,17,1,439,17.46,3.073,14.507,19.065,28.581,5,31,1.06273,0.2733,0.1899,0.4974
BAS00875,tuol_sleng_to_royal_palace,commuter,baseline,0.0,17,1,439,28.67,3.073,10.333,14.062,19.248,2,4,0.42001,0.4942,0.1931,0.4991
BAS00876,tuol_sleng_to_royal_palace,commuter,baseline,0.0,14,0,439,24.48,3.073,11.723,15.318,22.147,3,7,0.59632,0.4521,0.2013,0.4997
BAS00877,tuol_sleng_to_royal_palace,commuter,baseline,0.0,12,0,439,25.56,3.073,11.848,15.82,20.964,1,3,0.51136,0.4899,0.1974,0.4988
BAS00878,tuol_sleng_to_royal_palace,long_haul,baseline,0.0,18,1,439,12.52,3.073,16.189,20.075,27.893,2,9,0.70381,0.0859,0.1935,0.4987
BAS00879,tuol_sleng_to_royal_palace,delivery_rider,baseline,0.0,12,0,439,16.41,3.073,15.899,21.764,29.372,10,41,1.29683,0.3252,0.1986,0.499
BAS00880,tuol_sleng_to_royal_palace,commuter,baseline,0.0,15,0,439,23.61,3.073,12.09,15.914,21.578,1,2,0.45049,0.4303,0.1946,0.4985
BAS00881,tuol_sleng_to_royal_palace,commuter,baseline,0.0,7,1,439,28.98,3.073,10.431,14.291,19.863,2,3,0.44337,0.4998,0.1923,0.4997
BAS00882,tuol_sleng_to_royal_palace,commuter,baseline,0.0,7,1,439,27.22,3.073,10.519,14.466,20.359,2,4,0.47418,0.4488,0.1966,0.4855
BAS00883,tuol_sleng_to_royal_palace,long_haul,baseline,0.0,6,0,439,10.07,3.073,20.239,25.052,33.122,4,32,1.16762,0.0833,0.2024,0.4993
BAS00884,tuol_sleng_to_royal_palace,delivery_rider,baseline,0.0,8,1,439,16.68,3.073,14.276,19.237,28.379,5,27,0.96469,0.2452,0.1995,0.4998
BAS00885,tuol_sleng_to_royal_palace,delivery_rider,baseline,0.0,11,0,439,15.97,3.073,16.124,21.726,30.346,6,35,1.15272,0.3009,0.1977,0.4934
BAS00886,tuol_sleng_to_royal_palace,commuter,baseline,0.0,13,0,439,26.19,3.073,11.83,15.626,21.181,2,5,0.49637,0.4995,0.1954,0.4965
BAS00887,tuol_sleng_to_royal_palace,commuter,baseline,0.0,21,0,439,26.38,3.073,13.134,17.541,23.527,4,11,0.66147,0.5546,0.1975,0.4996
BAS00888,tuol_sleng_to_royal_palace,commuter,baseline,0.0,16,0,439,25.92,3.073,11.646,15.542,20.993,4,8,0.60074,0.4927,0.1985,0.4977
BAS00889,tuol_sleng_to_royal_palace,commuter,baseline,0.0,10,0,439,26.96,3.073,11.661,16.058,22.901,5,9,0.67451,0.5197,0.1906,0.4999
BAS00890,tuol_sleng_to_royal_palace,commuter,baseline,0.0,17,1,439,28.78,3.073,10.436,14.018,19.149,0,0,0.39042,0.4905,0.1973,0.4994
BAS00891,tuol_sleng_to_royal_palace,delivery_rider,baseline,0.0,8,1,439,16.46,3.073,14.316,19.429,28.79,5,26,1.00413,0.2388,0.1959,0.4969
BAS00892,tuol_sleng_to_royal_palace,delivery_rider,baseline,0.0,17,1,439,14.82,3.073,14.648,19.806,27.481,2,16,0.82532,0.1245,0.1994,0.4976
BAS00893,tuol_sleng_to_royal_palace,long_haul,baseline,0.0,17,1,439,12.49,3.073,16.105,19.934,28.187,0,4,0.66677,0.0647,0.1981,0.4999
BAS00894,tuol_sleng_to_royal_palace,commuter,baseline,0.0,17,1,439,26.83,3.073,10.545,14.454,19.827,0,1,0.40041,0.4433,0.2011,0.4943
BAS00895,tuol_sleng_to_royal_palace,commuter,baseline,0.0,8,1,439,24.85,3.073,10.587,14.149,19.653,1,2,0.42122,0.3938,0.198,0.4989
BAS00896,tuol_sleng_to_royal_palace,commuter,baseline,0.0,18,1,439,28.39,3.073,10.343,13.985,20.371,0,0,0.38363,0.4752,0.1952,0.4994
BAS00897,tuol_sleng_to_royal_palace,long_haul,baseline,0.0,13,0,439,11.24,3.073,18.093,22.109,30.724,1,11,0.79773,0.0719,0.1928,0.4968
BAS00898,tuol_sleng_to_royal_palace,commuter,baseline,0.0,14,0,439,28.98,3.073,11.344,15.704,21.443,4,9,0.64204,0.5648,0.1942,0.4976
BAS00899,tuol_sleng_to_royal_palace,delivery_rider,baseline,0.0,17,1,439,17.58,3.073,14.269,19.583,30.476,6,28,1.12027,0.2722,0.1915,0.4934
BAS00900,tuol_sleng_to_royal_palace,commuter,baseline,0.0,19,1,439,28.07,3.073,10.211,13.749,21.188,2,4,0.48813,0.4811,0.1921,0.4829
BAS00901,phsar_deum_thkov_to_central_market,delivery_rider,baseline,0.0,16,0,645,21.37,4.515,18.203,24.262,31.214,23,116,1.88727,0.3253,0.3342,0.7983
BAS00902,phsar_deum_thkov_to_central_market,delivery_rider,baseline,0.0,10,0,645,21.59,4.515,18.169,23.932,29.752,18,99,1.62205,0.3401,0.3267,0.7932
BAS00903,phsar_deum_thkov_to_central_market,commuter,baseline,0.0,16,0,645,36.78,4.515,13.193,17.883,21.797,9,23,0.75238,0.54,0.3294,0.7935
BAS00904,phsar_deum_thkov_to_central_market,delivery_rider,baseline,0.0,7,1,645,22.64,4.515,16.322,22.165,26.956,12,67,1.23737,0.2823,0.3278,0.7932
BAS00905,phsar_deum_thkov_to_central_market,delivery_rider,baseline,0.0,12,0,645,20.19,4.515,18.078,23.72,29.399,17,86,1.42173,0.2779,0.336,0.7898
BAS00906,phsar_deum_thkov_to_central_market,commuter,baseline,0.0,21,0,645,31.9,4.515,15.652,21.273,24.702,30,66,1.18499,0.5635,0.3367,0.7915
BAS00907,phsar_deum_thkov_to_central_market,commuter,baseline,0.0,18,1,645,40.77,4.515,11.563,16.039,18.923,1,1,0.53195,0.5512,0.3345,0.7966
BAS00908,phsar_deum_thkov_to_central_market,delivery_rider,baseline,0.0,8,1,645,21.06,4.515,16.514,21.84,28.487,9,53,1.15492,0.2287,0.3314,0.7894
BAS00909,phsar_deum_thkov_to_central_market,commuter,baseline,0.0,10,0,645,31.37,4.515,13.317,18.026,22.826,11,27,0.73682,0.4602,0.3292,0.7804
BAS00910,phsar_deum_thkov_to_central_market,delivery_rider,baseline,0.0,7,1,645,22.2,4.515,16.497,22.01,30.226,11,59,1.25754,0.2701,0.3275,0.7955
BAS00911,phsar_deum_thkov_to_central_market,long_haul,baseline,0.0,8,1,645,16.26,4.515,18.466,23.108,27.611,2,12,0.82647,0.0819,0.3307,0.7865
BAS00912,phsar_deum_thkov_to_central_market,delivery_rider,baseline,0.0,18,1,645,23.09,4.515,16.299,21.567,29.344,11,52,1.25616,0.2903,0.3285,0.7932
BAS00913,phsar_deum_thkov_to_central_market,delivery_rider,baseline,0.0,8,1,645,24.83,4.515,16.173,21.807,30.187,17,63,1.41041,0.3512,0.3306,0.7868
BAS00914,phsar_deum_thkov_to_central_market,commuter,baseline,0.0,6,0,645,31.82,4.515,15.712,20.941,24.5,31,68,1.16529,0.553,0.3271,0.803
BAS00915,phsar_deum_thkov_to_central_market,delivery_rider,baseline,0.0,18,1,645,23.61,4.515,16.459,21.999,27.369,15,68,1.27008,0.321,0.3295,0.7866
BAS00916,phsar_deum_thkov_to_central_market,delivery_rider,baseline,0.0,18,1,645,21.84,4.515,16.297,22.002,30.809,10,50,1.32665,0.2516,0.3334,0.7882
BAS00917,phsar_deum_thkov_to_central_market,delivery_rider,baseline,0.0,15,0,645,21.2,4.515,18.035,24.087,31.157,28,108,1.74818,0.3173,0.3294,0.8077
BAS00918,phsar_deum_thkov_to_central_market,commuter,baseline,0.0,8,1,645,35.22,4.515,11.921,15.993,18.962,1,4,0.52711,0.4585,0.3287,0.7896
BAS00919,phsar_deum_thkov_to_central_market,commuter,baseline,0.0,11,0,645,34.7,4.515,13.365,17.937,20.999,10,27,0.75839,0.5191,0.33,0.8028
BAS00920,phsar_deum_thkov_to_central_market,commuter,baseline,0.0,20,0,645,31.77,4.515,15.786,21.028,24.269,29,62,1.17133,0.5507,0.3299,0.7952
BAS00921,phsar_deum_thkov_to_central_market,long_haul,baseline,0.0,17,1,645,16.3,4.515,18.276,22.667,26.846,5,23,0.89173,0.0802,0.3228,0.7922
BAS00922,phsar_deum_thkov_to_central_market,delivery_rider,baseline,0.0,8,1,645,22.48,4.515,16.542,21.685,27.237,11,61,1.18915,0.2868,0.3335,0.8106
BAS00923,phsar_deum_thkov_to_central_market,commuter,baseline,0.0,14,0,645,32.86,4.515,13.524,17.951,21.423,10,24,0.72479,0.4696,0.331,0.7995
BAS00924,phsar_deum_thkov_to_central_market,long_haul,baseline,0.0,17,1,645,16.27,4.515,18.446,22.786,27.479,3,21,0.90891,0.0853,0.3311,0.7999
BAS00925,phsar_deum_thkov_to_central_market,long_haul,baseline,0.0,12,0,645,15.08,4.515,20.348,25.067,30.403,5,43,1.14914,0.1021,0.3353,0.7963
BAS00926,phsar_deum_thkov_to_central_market,delivery_rider,baseline,0.0,9,1,645,22.02,4.515,16.551,21.734,28.824,10,45,1.16456,0.2563,0.3363,0.7884
BAS00927,phsar_deum_thkov_to_central_market,delivery_rider,baseline,0.0,20,0,645,18.21,4.515,21.816,28.001,34.759,29,165,2.38487,0.3415,0.3257,0.8055
BAS00928,phsar_deum_thkov_to_central_market,commuter,baseline,0.0,18,1,645,37.34,4.515,11.747,15.99,18.955,4,12,0.60765,0.4951,0.3321,0.7949
BAS00929,phsar_deum_thkov_to_central_market,commuter,baseline,0.0,21,0,645,32.19,4.515,15.676,20.973,24.598,37,77,1.27025,0.5595,0.3334,0.7936
BAS00930,phsar_deum_thkov_to_central_market,commuter,baseline,0.0,19,1,645,39.41,4.515,11.707,16.17,19.31,1,7,0.55864,0.5332,0.3263,0.8178
BAS00931,phsar_deum_thkov_to_central_market,long_haul,baseline,0.0,15,0,645,16.19,4.515,20.358,25.117,29.68,7,55,1.28765,0.1765,0.3294,0.7946
BAS00932,phsar_deum_thkov_to_central_market,commuter,baseline,0.0,6,0,645,36.1,4.515,15.452,21.26,24.81,35,72,1.17309,0.6118,0.3321,0.8047
BAS00933,phsar_deum_thkov_to_central_market,commuter,baseline,0.0,15,0,645,38.76,4.515,13.061,17.779,21.802,12,30,0.79999,0.5719,0.3368,0.803
BAS00934,phsar_deum_thkov_to_central_market,long_haul,baseline,0.0,11,0,645,14.96,4.515,20.437,25.618,29.602,5,40,1.28933,0.1068,0.3254,0.7934
BAS00935,phsar_deum_thkov_to_central_market,commuter,baseline,0.0,18,1,645,37.16,4.515,11.838,16.063,19.5,3,8,0.53699,0.4839,0.3259,0.8012
BAS00936,phsar_deum_thkov_to_central_market,commuter,baseline,0.0,18,1,645,37.7,4.515,11.882,16.072,20.054,1,4,0.51514,0.5025,0.332,0.7826
BAS00937,phsar_deum_thkov_to_central_market,delivery_rider,baseline,0.0,15,0,645,22.24,4.515,18.137,24.024,30.463,20,123,1.74467,0.3564,0.3325,0.8067
BAS00938,phsar_deum_thkov_to_central_market,delivery_rider,baseline,0.0,8,1,645,20.63,4.515,16.753,22.244,29.987,11,53,1.19923,0.2193,0.3267,0.7864
BAS00939,phsar_deum_thkov_to_central_market,delivery_rider,baseline,0.0,17,1,645,22.13,4.515,16.324,21.659,30.29,10,55,1.14376,0.2587,0.3288,0.7794
BAS00940,phsar_deum_thkov_to_central_market,long_haul,baseline,0.0,22,0,645,13.68,4.515,24.407,30.018,34.58,8,94,1.71009,0.1826,0.3273,0.7973
BAS00941,phsar_deum_thkov_to_central_market,commuter,baseline,0.0,17,1,645,35.57,4.515,11.94,15.753,20.309,1,4,0.53554,0.4647,0.3311,0.7925
BAS00942,phsar_deum_thkov_to_central_market,long_haul,baseline,0.0,7,1,645,18.18,4.515,18.222,22.733,26.329,4,23,0.89857,0.1877,0.3326,0.7934
BAS00943,phsar_deum_thkov_to_central_market,commuter,baseline,0.0,18,1,645,33.94,4.515,12.075,16.034,19.051,2,4,0.51514,0.4381,0.3359,0.7873
BAS00944,phsar_deum_thkov_to_central_market,commuter,baseline,0.0,12,0,645,35.55,4.515,13.213,17.92,21.214,7,17,0.71043,0.5269,0.3257,0.8104
BAS00945,phsar_deum_thkov_to_central_market,delivery_rider,baseline,0.0,17,1,645,22.95,4.515,16.39,21.85,26.867,13,59,1.19351,0.2847,0.3308,0.7853
BAS00946,phsar_deum_thkov_to_central_market,commuter,baseline,0.0,14,0,645,36.69,4.515,12.981,17.789,21.816,10,32,0.82509,0.5526,0.3321,0.8028
BAS00947,phsar_deum_thkov_to_central_market,long_haul,baseline,0.0,15,0,645,14.15,4.515,20.581,25.439,31.5,5,43,1.18035,0.0522,0.3299,0.7985
BAS00948,phsar_deum_thkov_to_central_market,delivery_rider,baseline,0.0,17,1,645,21.1,4.515,16.624,22.173,28.238,11,65,1.2133,0.2372,0.328,0.8084
BAS00949,phsar_deum_thkov_to_central_market,commuter,baseline,0.0,18,1,645,38.46,4.515,11.806,16.229,20.386,2,5,0.56862,0.5081,0.3322,0.7988
BAS00950,phsar_deum_thkov_to_central_market,commuter,baseline,0.0,21,0,645,32.66,4.515,15.425,20.718,24.672,30,70,1.1959,0.5727,0.3345,0.7991
BAS00951,toul_kork_to_chroy_changvar,commuter,baseline,0.0,18,1,908,71.72,6.356,16.044,28.31,32.618,57,128,2.22239,0.7957,0.3332,0.4996
BAS00952,toul_kork_to_chroy_changvar,commuter,baseline,0.0,7,1,908,78.08,6.356,15.679,28.321,32.848,70,151,2.39978,0.817,0.3259,0.4997
BAS00953,toul_kork_to_chroy_changvar,delivery_rider,baseline,0.0,17,1,908,66.67,6.356,22.126,36.856,44.074,44,293,3.83027,0.7769,0.3265,0.4996
BAS00954,toul_kork_to_chroy_changvar,delivery_rider,baseline,0.0,21,0,908,50.09,6.356,24.152,40.14,49.395,61,349,4.46483,0.6966,0.3302,0.4996
BAS00955,toul_kork_to_chroy_changvar,long_haul,baseline,0.0,14,0,908,37.93,6.356,26.995,43.791,50.307,21,276,4.29261,0.6307,0.335,0.4988
BAS00956,toul_kork_to_chroy_changvar,long_haul,baseline,0.0,7,1,908,44.61,6.356,24.825,40.29,45.173,11,226,2.83127,0.6844,0.3306,0.4997
BAS00957,toul_kork_to_chroy_changvar,long_haul,baseline,0.0,8,1,908,37.3,6.356,24.92,40.529,45.947,13,230,3.28585,0.6075,0.3293,0.4997
BAS00958,toul_kork_to_chroy_changvar,delivery_rider,baseline,0.0,5,0,908,57.04,6.356,24.191,40.226,48.09,51,339,5.34524,0.7422,0.3315,0.5
BAS00959,toul_kork_to_chroy_changvar,commuter,baseline,0.0,5,0,908,60.63,6.356,17.538,31.03,35.909,62,149,2.84977,0.7613,0.3291,0.4996
BAS00960,toul_kork_to_chroy_changvar,commuter,baseline,0.0,12,0,908,65.64,6.356,17.773,31.123,36.281,56,146,2.62922,0.7812,0.3296,0.4995
BAS00961,toul_kork_to_chroy_changvar,commuter,baseline,0.0,7,1,908,73.06,6.356,15.676,28.323,32.636,68,139,2.63462,0.8013,0.3298,0.4999
BAS00962,toul_kork_to_chroy_changvar,commuter,baseline,0.0,6,0,908,69.73,6.356,17.439,30.767,36.055,63,163,3.12274,0.7989,0.3287,0.4998
BAS00963,toul_kork_to_chroy_changvar,commuter,baseline,0.0,12,0,908,67.97,6.356,17.332,31.042,36.451,67,155,2.67714,0.7994,0.3297,0.4991
BAS00964,toul_kork_to_chroy_changvar,commuter,baseline,0.0,8,1,908,72.62,6.356,16.267,28.224,32.821,49,115,1.95909,0.7951,0.3322,0.4997
BAS00965,toul_kork_to_chroy_changvar,commuter,baseline,0.0,7,1,908,70.91,6.356,16.17,28.413,32.996,48,116,2.20191,0.7904,0.3252,0.4999
BAS00966,toul_kork_to_chroy_changvar,delivery_rider,baseline,0.0,8,1,908,59.27,6.356,22.393,37.132,46.408,48,288,3.82433,0.7478,0.3313,0.4985
BAS00967,toul_kork_to_chroy_changvar,long_haul,baseline,0.0,3,0,908,36.69,6.356,27.026,44.129,50.068,19,270,3.4046,0.6147,0.3391,0.4998
BAS00968,toul_kork_to_chroy_changvar,commuter,baseline,0.0,9,1,908,70.64,6.356,15.778,28.122,33.537,64,126,2.45433,0.7937,0.3339,0.4996
BAS00969,toul_kork_to_chroy_changvar,delivery_rider,baseline,0.0,8,1,908,64.08,6.356,21.727,36.216,45.119,51,328,4.63979,0.7767,0.3352,0.4998
BAS00970,toul_kork_to_chroy_changvar,commuter,baseline,0.0,11,0,908,66.92,6.356,17.425,31.179,35.71,65,151,3.03892,0.8033,0.3323,0.4993
BAS00971,toul_kork_to_chroy_changvar,commuter,baseline,0.0,21,0,908,68.15,6.356,17.266,31.401,35.646,66,157,2.73326,0.8063,0.3262,0.5
BAS00972,toul_kork_to_chroy_changvar,commuter,baseline,0.0,8,1,908,76.44,6.356,15.649,28.369,32.999,64,139,2.42443,0.8097,0.3314,0.4999
BAS00973,toul_kork_to_chroy_changvar,commuter,baseline,0.0,17,1,908,71.78,6.356,16.025,28.16,32.483,53,117,1.97985,0.792,0.3323,0.4994
BAS00974,toul_kork_to_chroy_changvar,delivery_rider,baseline,0.0,12,0,908,53.0,6.356,24.374,39.915,48.269,65,345,5.87106,0.7256,0.3297,0.5
BAS00975,toul_kork_to_chroy_changvar,long_haul,baseline,0.0,22,0,908,33.32,6.356,27.221,43.908,51.446,16,281,3.50398,0.5711,0.333,0.4998
BAS00976,toul_kork_to_chroy_changvar,commuter,baseline,0.0,7,1,908,80.74,6.356,15.758,28.474,33.245,60,130,1.94359,0.8257,0.3278,0.4997
BAS00977,toul_kork_to_chroy_changvar,delivery_rider,baseline,0.0,15,0,908,58.72,6.356,23.867,39.867,47.98,62,359,5.45642,0.7581,0.3322,0.4997
BAS00978,toul_kork_to_chroy_changvar,commuter,baseline,0.0,7,1,908,76.02,6.356,15.742,27.89,33.646,68,146,2.6248,0.8054,0.3273,0.4999
BAS00979,toul_kork_to_chroy_changvar,commuter,baseline,0.0,18,1,908,72.41,6.356,16.004,28.31,34.645,58,136,2.00604,0.7993,0.3265,0.4994
BAS00980,toul_kork_to_chroy_changvar,delivery_rider,baseline,0.0,17,1,908,58.33,6.356,22.22,36.505,46.755,55,313,4.05625,0.7495,0.3314,0.4998
BAS00981,toul_kork_to_chroy_changvar,commuter,baseline,0.0,17,1,908,68.66,6.356,16.161,28.322,33.328,56,127,2.29747,0.7896,0.3317,0.4994
BAS00982,toul_kork_to_chroy_changvar,delivery_rider,baseline,0.0,17,1,908,60.77,6.356,22.292,36.945,45.392,49,305,3.94335,0.7603,0.3325,0.4995
BAS00983,toul_kork_to_chroy_changvar,long_haul,baseline,0.0,12,0,908,34.98,6.356,27.15,44.449,50.388,22,283,3.79538,0.6014,0.3337,0.4993
BAS00984,toul_kork_to_chroy_changvar,commuter,baseline,0.0,20,0,908,70.97,6.356,17.014,30.66,35.23,78,168,3.394,0.8052,0.3286,0.4997
BAS00985,toul_kork_to_chroy_changvar,commuter,baseline,0.0,13,0,908,65.94,6.356,17.607,30.971,34.95,59,129,3.08853,0.7844,0.3313,0.4998
BAS00986,toul_kork_to_chroy_changvar,long_haul,baseline,0.0,6,0,908,34.15,6.356,26.989,44.233,51.632,22,261,3.93023,0.5806,0.3323,0.4999
BAS00987,toul_kork_to_chroy_changvar,delivery_rider,baseline,0.0,12,0,908,56.98,6.356,23.9,39.918,49.597,67,316,6.59982,0.7533,0.3291,0.4994
BAS00988,toul_kork_to_chroy_changvar,commuter,baseline,0.0,5,0,908,69.93,6.356,17.317,30.707,35.521,63,156,3.12796,0.8036,0.3311,0.4999
BAS00989,toul_kork_to_chroy_changvar,long_haul,baseline,0.0,21,0,908,37.55,6.356,27.041,44.597,49.997,18,274,4.33383,0.6188,0.3292,0.5
BAS00990,toul_kork_to_chroy_changvar,delivery_rider,baseline,0.0,9,1,908,55.89,6.356,22.486,37.141,47.296,43,296,3.39382,0.7359,0.3342,0.4996
BAS00991,toul_kork_to_chroy_changvar,commuter,baseline,0.0,17,1,908,72.71,6.356,15.816,28.342,32.708,66,143,2.62294,0.8009,0.3288,0.4998
BAS00992,toul_kork_to_chroy_changvar,delivery_rider,baseline,0.0,10,0,908,58.14,6.356,24.183,40.231,48.306,55,344,4.12472,0.7555,0.3305,0.4999
BAS00993,toul_kork_to_chroy_changvar,commuter,baseline,0.0,6,0,908,66.17,6.356,17.398,30.971,35.449,65,158,2.79645,0.7927,0.3333,0.4991
BAS00994,toul_kork_to_chroy_changvar,commuter,baseline,0.0,22,0,908,65.34,6.356,17.545,31.212,35.774,61,146,2.81535,0.7904,0.3315,0.5
BAS00995,toul_kork_to_chroy_changvar,commuter,baseline,0.0,13,0,908,70.44,6.356,17.497,30.889,35.508,58,139,2.71548,0.8018,0.3317,0.4997
BAS00996,toul_kork_to_chroy_changvar,commuter,baseline,0.0,7,1,908,74.57,6.356,16.134,28.743,33.163,57,126,2.22477,0.7994,0.3249,0.4999
BAS00997,toul_kork_to_chroy_changvar,delivery_rider,baseline,0.0,11,0,908,50.03,6.356,24.255,39.532,48.576,61,357,4.59274,0.7181,0.3301,0.4992
BAS00998,toul_kork_to_chroy_changvar,commuter,baseline,0.0,16,0,908,68.7,6.356,17.399,30.92,36.936,62,154,2.95925,0.8003,0.3251,0.4996
BAS00999,toul_kork_to_chroy_changvar,commuter,baseline,0.0,16,0,908,66.21,6.356,17.618,30.767,36.238,55,155,3.04525,0.788,0.3351,0.4999
BAS01000,toul_kork_to_chroy_changvar,commuter,baseline,0.0,18,1,908,77.72,6.356,15.672,28.174,32.452,65,148,2.38187,0.8126,0.3308,0.4993
BAS01001,aeon_mall_1_to_calmette,delivery_rider,baseline,0.0,7,1,462,18.29,3.234,14.12,18.567,27.934,5,21,0.89328,0.2616,0.2133,0.4951
BAS01002,aeon_mall_1_to_calmette,commuter,baseline,0.0,16,0,511,34.35,3.577,11.897,16.415,20.769,5,9,0.63543,0.5968,0.1925,0.4979
BAS01003,aeon_mall_1_to_calmette,long_haul,baseline,0.0,20,0,462,10.38,3.234,20.358,24.535,27.065,2,16,0.94265,0.0621,0.2133,0.4991
BAS01004,aeon_mall_1_to_calmette,commuter,baseline,0.0,13,0,511,28.69,3.577,12.253,16.224,21.34,3,8,0.58724,0.4956,0.1962,0.4999
BAS01005,aeon_mall_1_to_calmette,long_haul,baseline,0.0,15,0,511,12.79,3.577,19.006,23.359,28.859,3,17,0.94077,0.1141,0.1975,0.4996
BAS01006,aeon_mall_1_to_calmette,commuter,baseline,0.0,19,1,462,29.11,3.234,10.312,13.824,16.312,0,0,0.36836,0.464,0.2088,0.4968
BAS01007,aeon_mall_1_to_calmette,commuter,baseline,0.0,17,1,462,32.41,3.234,10.153,13.99,16.701,0,0,0.3267,0.5341,0.2104,0.4999
BAS01008,aeon_mall_1_to_calmette,commuter,baseline,0.0,11,0,511,34.2,3.577,12.108,16.382,20.621,2,5,0.6036,0.5903,0.1854,0.5
BAS01009,aeon_mall_1_to_calmette,delivery_rider,baseline,0.0,6,0,462,14.22,3.234,18.133,23.409,29.818,14,67,1.56063,0.2726,0.2083,0.4995
BAS01010,aeon_mall_1_to_calmette,commuter,baseline,0.0,6,0,462,26.87,3.234,13.012,17.299,22.204,2,10,0.69092,0.5572,0.2067,0.4966
BAS01011,aeon_mall_1_to_calmette,delivery_rider,baseline,0.0,19,1,462,17.9,3.234,14.354,19.27,23.675,2,14,0.80639,0.2529,0.2094,0.4962
BAS01012,aeon_mall_1_to_calmette,commuter,baseline,0.0,21,0,462,25.55,3.234,13.1,17.358,20.232,8,20,0.75623,0.5336,0.2073,0.4981
BAS01013,aeon_mall_1_to_calmette,commuter,baseline,0.0,8,1,462,29.53,3.234,10.255,13.895,16.541,0,0,0.39036,0.4824,0.21,0.4949
BAS01014,aeon_mall_1_to_calmette,commuter,baseline,0.0,18,1,462,27.63,3.234,10.41,13.984,17.39,0,0,0.34686,0.4372,0.2125,0.4971
BAS01015,aeon_mall_1_to_calmette,long_haul,baseline,0.0,7,1,462,14.31,3.234,15.658,19.241,23.383,1,5,0.63645,0.1352,0.2131,0.499
BAS01016,aeon_mall_1_to_calmette,commuter,baseline,0.0,17,1,462,31.07,3.234,10.279,13.815,16.791,0,0,0.33319,0.4939,0.2098,0.4985
BAS01017,aeon_mall_1_to_calmette,long_haul,baseline,0.0,7,1,462,13.37,3.234,15.822,19.711,23.738,1,4,0.61369,0.0559,0.2105,0.4999
BAS01018,aeon_mall_1_to_calmette,commuter,baseline,0.0,5,0,462,25.65,3.234,13.251,17.271,20.169,3,10,0.66674,0.5241,0.2083,0.4974
BAS01019,aeon_mall_1_to_calmette,commuter,baseline,0.0,7,1,462,31.67,3.234,10.034,13.768,17.222,0,1,0.37622,0.517,0.2117,0.4932
BAS01020,aeon_mall_1_to_calmette,commuter,baseline,0.0,17,1,462,28.2,3.234,10.302,13.851,16.537,0,0,0.33525,0.4503,0.2072,0.4989
BAS01021,aeon_mall_1_to_calmette,delivery_rider,baseline,0.0,7,1,462,19.06,3.234,14.187,18.939,23.344,4,19,0.90654,0.312,0.2122,0.4985
BAS01022,aeon_mall_1_to_calmette,delivery_rider,baseline,0.0,7,1,462,17.54,3.234,14.432,19.269,24.757,2,10,0.82524,0.2122,0.2117,0.4996
BAS01023,aeon_mall_1_to_calmette,commuter,baseline,0.0,7,1,462,30.38,3.234,10.143,13.65,16.624,0,0,0.35506,0.4918,0.2078,0.499
BAS01024,aeon_mall_1_to_calmette,long_haul,baseline,0.0,11,0,511,11.91,3.577,19.191,23.411,28.771,0,9,0.85202,0.0399,0.1879,0.4945
BAS01025,aeon_mall_1_to_calmette,commuter,baseline,0.0,17,1,462,31.07,3.234,10.001,13.65,16.574,0,0,0.30966,0.5035,0.2162,0.5
BAS01026,aeon_mall_1_to_calmette,long_haul,baseline,0.0,23,0,462,10.01,3.234,20.52,24.406,28.697,0,24,0.9809,0.0303,0.2094,0.4991
BAS01027,aeon_mall_1_to_calmette,commuter,baseline,0.0,19,1,462,27.39,3.234,10.384,13.744,16.398,0,0,0.34147,0.4324,0.2158,0.5
BAS01028,aeon_mall_1_to_calmette,commuter,baseline,0.0,7,1,462,32.09,3.234,10.158,13.725,17.224,0,0,0.37316,0.5262,0.2127,0.499
BAS01029,aeon_mall_1_to_calmette,delivery_rider,baseline,0.0,17,1,462,18.72,3.234,13.993,18.85,24.84,3,13,0.80923,0.2855,0.2082,0.4994
BAS01030,aeon_mall_1_to_calmette,delivery_rider,baseline,0.0,4,0,462,13.52,3.234,18.512,23.734,29.832,6,50,1.42269,0.2262,0.2083,0.4993
BAS01031,aeon_mall_1_to_calmette,long_haul,baseline,0.0,17,1,462,13.57,3.234,15.874,19.544,22.916,1,4,0.6074,0.0809,0.2093,0.4996
BAS01032,aeon_mall_1_to_calmette,delivery_rider,baseline,0.0,14,0,511,17.2,3.577,17.076,21.931,28.779,11,40,1.18305,0.2948,0.1856,0.4999
BAS01033,aeon_mall_1_to_calmette,long_haul,baseline,0.0,8,1,462,13.08,3.234,15.857,19.589,22.601,1,3,0.62419,0.0459,0.2077,0.499
BAS01034,aeon_mall_1_to_calmette,commuter,baseline,0.0,16,0,511,31.79,3.577,11.918,16.091,20.946,5,10,0.66952,0.5605,0.1894,0.4978
BAS01035,aeon_mall_1_to_calmette,commuter,baseline,0.0,10,0,511,29.24,3.577,12.146,16.231,20.499,2,6,0.61012,0.5223,0.1859,0.4982
BAS01036,aeon_mall_1_to_calmette,long_haul,baseline,0.0,15,0,511,12.17,3.577,18.99,23.386,28.397,2,16,0.84522,0.0478,0.1904,0.4932
BAS01037,aeon_mall_1_to_calmette,commuter,baseline,0.0,7,1,462,29.22,3.234,10.389,14.0,17.619,0,0,0.33191,0.4581,0.2112,0.4984
BAS01038,aeon_mall_1_to_calmette,delivery_rider,baseline,0.0,6,0,462,16.29,3.234,17.795,23.608,28.667,16,76,1.57288,0.3573,0.2132,0.4982
BAS01039,aeon_mall_1_to_calmette,delivery_rider,baseline,0.0,14,0,511,19.07,3.577,16.87,22.523,31.775,16,69,1.52879,0.3596,0.1951,0.4987
BAS01040,aeon_mall_1_to_calmette,commuter,baseline,0.0,18,1,462,30.39,3.234,10.154,13.66,17.793,0,0,0.36698,0.4958,0.2141,0.4993
BAS01041,aeon_mall_1_to_calmette,long_haul,baseline,0.0,18,1,462,12.94,3.234,15.992,19.53,23.578,0,6,0.64411,0.0378,0.2112,0.4994
BAS01042,aeon_mall_1_to_calmette,commuter,baseline,0.0,5,0,462,25.19,3.234,13.28,17.6,20.967,2,8,0.71004,0.5203,0.2053,0.4994
BAS01043,aeon_mall_1_to_calmette,commuter,baseline,0.0,5,0,462,30.74,3.234,12.958,17.496,20.804,2,11,0.69602,0.6112,0.2126,0.4995
BAS01044,aeon_mall_1_to_calmette,commuter,baseline,0.0,17,1,462,31.31,3.234,10.058,13.391,16.244,0,0,0.33348,0.5089,0.2125,0.4994
BAS01045,aeon_mall_1_to_calmette,delivery_rider,baseline,0.0,20,0,462,14.65,3.234,18.339,23.528,27.789,10,63,1.39738,0.2902,0.2087,0.4928
BAS01046,aeon_mall_1_to_calmette,delivery_rider,baseline,0.0,11,0,511,18.75,3.577,16.896,22.724,30.153,15,63,1.40908,0.3599,0.1926,0.4976
BAS01047,aeon_mall_1_to_calmette,commuter,baseline,0.0,18,1,462,31.09,3.234,10.12,13.885,16.201,0,0,0.38882,0.5117,0.2089,0.4985
BAS01048,aeon_mall_1_to_calmette,delivery_rider,baseline,0.0,10,0,511,19.29,3.577,16.971,22.654,30.001,13,54,1.37494,0.3754,0.1906,0.4971
BAS01049,aeon_mall_1_to_calmette,commuter,baseline,0.0,20,0,462,27.95,3.234,12.741,17.456,20.869,2,10,0.66429,0.578,0.2098,0.4936
BAS01050,aeon_mall_1_to_calmette,commuter,baseline,0.0,12,0,511,29.4,3.577,12.385,16.398,20.292,1,2,0.53344,0.5143,0.1923,0.5
BAS01051,sen_sok_to_olympic_stadium,commuter,baseline,0.0,18,1,1053,64.49,7.371,12.632,19.848,24.291,36,76,0.95715,0.5371,0.2643,0.9291
BAS01052,sen_sok_to_olympic_stadium,long_haul,baseline,0.0,11,0,985,21.86,6.895,22.583,30.995,35.906,9,125,1.6889,0.1074,0.2731,0.9311
BAS01053,sen_sok_to_olympic_stadium,commuter,baseline,0.0,9,1,1053,66.28,7.371,12.418,19.805,25.17,26,57,0.87705,0.5515,0.2613,0.9347
BAS01054,sen_sok_to_olympic_stadium,delivery_rider,baseline,0.0,12,0,985,30.89,6.895,19.822,28.659,36.107,39,219,2.37088,0.3121,0.2782,0.9233
BAS01055,sen_sok_to_olympic_stadium,commuter,baseline,0.0,12,0,985,49.72,6.895,14.535,21.653,26.3,34,69,1.09259,0.497,0.2777,0.8996
BAS01056,sen_sok_to_olympic_stadium,delivery_rider,baseline,0.0,8,1,1053,34.95,7.371,17.963,27.099,35.985,21,171,1.64416,0.2674,0.2621,0.9586
BAS01057,sen_sok_to_olympic_stadium,long_haul,baseline,0.0,7,1,1053,27.42,7.371,19.713,28.563,33.911,7,95,1.15949,0.121,0.2603,0.9356
BAS01058,sen_sok_to_olympic_stadium,long_haul,baseline,0.0,17,1,1053,26.77,7.371,19.651,28.393,35.257,11,88,1.42401,0.0924,0.2627,0.9284
BAS01059,sen_sok_to_olympic_stadium,delivery_rider,baseline,0.0,18,1,1053,35.37,7.371,17.597,26.979,33.492,21,148,1.73858,0.2536,0.2589,0.9161
BAS01060,sen_sok_to_olympic_stadium,long_haul,baseline,0.0,8,1,1053,26.74,7.371,19.7,28.198,35.573,5,81,1.12449,0.0991,0.2614,0.9288
BAS01061,sen_sok_to_olympic_stadium,long_haul,baseline,0.0,8,1,1053,26.29,7.371,19.778,28.286,35.686,4,99,1.19231,0.0708,0.259,0.917
BAS01062,sen_sok_to_olympic_stadium,commuter,baseline,0.0,8,1,1053,59.5,7.371,12.807,19.882,24.816,23,52,0.80189,0.4887,0.2616,0.9095
BAS01063,sen_sok_to_olympic_stadium,commuter,baseline,0.0,12,0,985,49.67,6.895,14.416,21.797,24.799,44,88,1.25099,0.5029,0.2729,0.9207
BAS01064,sen_sok_to_olympic_stadium,delivery_rider,baseline,0.0,8,1,1053,35.43,7.371,17.732,26.677,37.823,24,158,1.88293,0.2684,0.262,0.9178
BAS01065,sen_sok_to_olympic_stadium,long_haul,baseline,0.0,17,1,1053,27.17,7.371,19.593,28.58,35.304,11,89,1.57886,0.0975,0.2596,0.9138
BAS01066,sen_sok_to_olympic_stadium,commuter,baseline,0.0,18,1,1053,58.98,7.371,12.63,20.044,25.483,36,71,0.91907,0.4852,0.2601,0.9203
BAS01067,sen_sok_to_olympic_stadium,long_haul,baseline,0.0,22,0,985,19.18,6.895,25.908,35.661,40.485,20,220,2.80758,0.1224,0.2723,0.8831
BAS01068,sen_sok_to_olympic_stadium,commuter,baseline,0.0,17,1,1053,62.9,7.371,12.699,19.977,25.01,25,51,0.91282,0.5224,0.2578,0.9295
BAS01069,sen_sok_to_olympic_stadium,long_haul,baseline,0.0,8,1,1053,28.76,7.371,19.682,28.593,35.201,14,102,1.32563,0.1675,0.2649,0.8994
BAS01070,sen_sok_to_olympic_stadium,commuter,baseline,0.0,11,0,985,55.14,6.895,14.356,21.698,25.42,40,79,1.19742,0.5666,0.2759,0.9226
BAS01071,sen_sok_to_olympic_stadium,commuter,baseline,0.0,13,0,985,53.62,6.895,14.481,22.054,25.173,41,82,1.27441,0.5437,0.2718,0.9279
BAS01072,sen_sok_to_olympic_stadium,commuter,baseline,0.0,23,0,985,56.14,6.895,16.505,25.181,29.236,50,116,1.76962,0.6307,0.2714,0.9364
BAS01073,sen_sok_to_olympic_stadium,delivery_rider,baseline,0.0,12,0,985,29.06,6.895,20.181,28.819,37.171,35,194,2.25113,0.2701,0.2752,0.935
BAS01074,sen_sok_to_olympic_stadium,delivery_rider,baseline,0.0,8,1,1053,34.3,7.371,17.746,26.32,34.232,20,154,1.70587,0.2441,0.2626,0.9302
BAS01075,sen_sok_to_olympic_stadium,delivery_rider,baseline,0.0,21,0,985,27.8,6.895,23.116,32.933,39.761,47,283,2.95623,0.3505,0.2714,0.9137
BAS01076,sen_sok_to_olympic_stadium,commuter,baseline,0.0,14,0,985,55.5,6.895,14.441,21.924,24.857,37,73,1.04954,0.557,0.2741,0.9276
BAS01077,sen_sok_to_olympic_stadium,long_haul,baseline,0.0,8,1,1053,26.39,7.371,19.745,28.611,34.635,8,111,1.24741,0.0875,0.2605,0.9196
BAS01078,sen_sok_to_olympic_stadium,delivery_rider,baseline,0.0,9,1,1053,37.1,7.371,17.575,26.445,37.4,32,141,1.83432,0.3029,0.2605,0.9175
BAS01079,sen_sok_to_olympic_stadium,long_haul,baseline,0.0,15,0,985,23.23,6.895,22.343,30.972,35.051,14,135,1.98813,0.1578,0.2769,0.9232
BAS01080,sen_sok_to_olympic_stadium,commuter,baseline,0.0,8,1,1053,60.35,7.371,12.834,19.78,26.553,31,67,0.90509,0.4858,0.2581,0.9182
BAS01081,sen_sok_to_olympic_stadium,commuter,baseline,0.0,13,0,985,57.34,6.895,14.147,21.588,25.505,47,96,1.31563,0.5718,0.2744,0.9116
BAS01082,sen_sok_to_olympic_stadium,long_haul,baseline,0.0,16,0,985,22.04,6.895,22.541,31.054,35.79,12,150,1.69183,0.116,0.2765,0.9041
BAS01083,sen_sok_to_olympic_stadium,delivery_rider,baseline,0.0,12,0,985,29.19,6.895,20.23,28.923,35.544,37,217,2.34486,0.2793,0.2761,0.9307
BAS01084,sen_sok_to_olympic_stadium,delivery_rider,baseline,0.0,8,1,1053,36.56,7.371,17.748,26.492,37.899,23,157,1.68354,0.2892,0.2585,0.9064
BAS01085,sen_sok_to_olympic_stadium,commuter,baseline,0.0,8,1,1053,68.33,7.371,12.445,19.72,26.119,31,66,0.96831,0.5734,0.2597,0.9309
BAS01086,sen_sok_to_olympic_stadium,commuter,baseline,0.0,9,1,1053,57.98,7.371,12.844,20.029,25.442,27,60,0.91935,0.4742,0.2633,0.9241
BAS01087,sen_sok_to_olympic_stadium,commuter,baseline,0.0,14,0,985,53.15,6.895,14.254,21.577,25.448,42,89,1.2505,0.5411,0.2734,0.9428
BAS01088,sen_sok_to_olympic_stadium,long_haul,baseline,0.0,22,0,985,19.32,6.895,25.91,35.306,40.388,13,205,2.19178,0.1265,0.2698,0.9328
BAS01089,sen_sok_to_olympic_stadium,commuter,baseline,0.0,14,0,985,48.41,6.895,14.632,21.547,25.157,36,76,1.16931,0.4891,0.2741,0.9138
BAS01090,sen_sok_to_olympic_stadium,commuter,baseline,0.0,17,1,1053,62.1,7.371,12.727,20.048,24.951,26,56,0.85788,0.5178,0.2614,0.9129
BAS01091,sen_sok_to_olympic_stadium,commuter,baseline,0.0,14,0,985,52.82,6.895,14.568,21.87,26.544,40,75,1.22985,0.5397,0.2721,0.8902
BAS01092,sen_sok_to_olympic_stadium,delivery_rider,baseline,0.0,17,1,1053,36.98,7.371,17.662,26.432,34.917,29,162,1.90289,0.3069,0.2613,0.9334
BAS01093,sen_sok_to_olympic_stadium,long_haul,baseline,0.0,7,1,1053,27.22,7.371,19.69,28.715,33.686,6,86,1.31677,0.1084,0.2573,0.9238
BAS01094,sen_sok_to_olympic_stadium,delivery_rider,baseline,0.0,10,0,985,30.23,6.895,20.078,28.957,33.763,32,193,1.97547,0.3104,0.2748,0.9115
BAS01095,sen_sok_to_olympic_stadium,commuter,baseline,0.0,16,0,985,55.65,6.895,14.218,21.76,27.076,48,96,1.34682,0.5644,0.2724,0.925
BAS01096,sen_sok_to_olympic_stadium,commuter,baseline,0.0,7,1,1053,60.57,7.371,12.616,19.942,24.116,27,51,0.85523,0.496,0.2612,0.9287
BAS01097,sen_sok_to_olympic_stadium,delivery_rider,baseline,0.0,10,0,985,30.55,6.895,20.118,28.946,37.057,35,215,2.20077,0.3144,0.272,0.9153
BAS01098,sen_sok_to_olympic_stadium,delivery_rider,baseline,0.0,8,1,1053,34.14,7.371,17.653,26.275,36.107,25,158,1.67226,0.2345,0.26,0.9253
BAS01099,sen_sok_to_olympic_stadium,long_haul,baseline,0.0,17,1,1053,26.56,7.371,19.773,28.424,34.543,8,83,1.18819,0.0958,0.2578,0.9328
BAS01100,sen_sok_to_olympic_stadium,delivery_rider,baseline,0.0,18,1,1053,37.08,7.371,17.481,26.509,34.155,21,147,1.66992,0.304,0.2594,0.9037
BAS01101,riverside_to_airport,long_haul,baseline,0.0,17,1,1506,29.17,10.542,26.479,31.384,35.337,15,339,2.0897,0.153,0.304,0.4997
BAS01102,riverside_to_airport,long_haul,baseline,0.0,11,0,1506,28.85,10.542,25.038,29.699,34.029,8,272,1.64775,0.0889,0.2996,0.5
BAS01103,riverside_to_airport,commuter,baseline,0.0,17,1,1506,75.33,10.542,16.921,22.159,25.439,115,228,1.50811,0.5846,0.2997,0.5
BAS01104,riverside_to_airport,delivery_rider,baseline,0.0,16,0,1506,43.43,10.542,22.34,28.517,35.029,68,471,2.63827,0.3587,0.2977,0.4999
BAS01105,riverside_to_airport,long_haul,baseline,0.0,6,0,1506,28.35,10.542,26.986,31.715,36.091,14,331,2.017,0.144,0.3014,0.5
BAS01106,riverside_to_airport,long_haul,baseline,0.0,16,0,1506,31.13,10.542,24.906,29.41,33.315,16,269,1.81145,0.1579,0.3034,0.4992
BAS01107,riverside_to_airport,commuter,baseline,0.0,22,0,1506,72.5,10.542,17.327,22.596,26.627,121,242,1.623,0.5788,0.3014,0.5
BAS01108,riverside_to_airport,commuter,baseline,0.0,8,1,1506,77.92,10.542,16.732,22.166,25.498,124,242,1.56445,0.6034,0.3007,0.5
BAS01109,riverside_to_airport,commuter,baseline,0.0,13,0,1506,73.67,10.542,16.097,21.154,25.385,104,218,1.35617,0.5521,0.3,0.4985
BAS01110,riverside_to_airport,commuter,baseline,0.0,7,1,1506,74.43,10.542,16.91,22.076,25.196,121,240,1.53385,0.5868,0.3022,0.4999
BAS01111,riverside_to_airport,long_haul,baseline,0.0,17,1,1506,29.38,10.542,26.411,31.37,36.878,18,372,2.19079,0.1575,0.3003,0.5
BAS01112,riverside_to_airport,commuter,baseline,0.0,14,0,1506,78.32,10.542,15.877,20.848,24.101,115,221,1.31274,0.581,0.3,0.4996
BAS01113,riverside_to_airport,long_haul,baseline,0.0,8,1,1506,27.49,10.542,26.359,31.02,33.732,13,337,1.96854,0.0956,0.3041,0.4998
BAS01114,riverside_to_airport,commuter,baseline,0.0,13,0,1506,78.6,10.542,15.945,20.977,23.677,113,225,1.32482,0.581,0.2988,0.4999
BAS01115,riverside_to_airport,commuter,baseline,0.0,10,0,1506,83.92,10.542,15.794,21.039,24.361,122,244,1.40488,0.6117,0.3023,0.4998
BAS01116,riverside_to_airport,delivery_rider,baseline,0.0,7,1,1506,39.52,10.542,23.602,30.16,36.15,77,493,2.78849,0.3267,0.3016,0.4999
BAS01117,riverside_to_airport,commuter,baseline,0.0,7,1,1506,80.36,10.542,16.788,22.143,24.751,121,244,1.55191,0.6172,0.3038,0.5
BAS01118,riverside_to_airport,commuter,baseline,0.0,14,0,1506,77.77,10.542,15.944,20.96,24.266,115,238,1.33311,0.5827,0.3026,0.4994
BAS01119,riverside_to_airport,commuter,baseline,0.0,12,0,1506,74.08,10.542,16.104,20.901,24.803,94,185,1.22867,0.5537,0.3032,0.4996
BAS01120,riverside_to_airport,commuter,baseline,0.0,18,1,1506,82.39,10.542,16.678,22.067,25.862,128,249,1.59584,0.6283,0.3012,0.4998
BAS01121,riverside_to_airport,commuter,baseline,0.0,17,1,1506,74.36,10.542,16.726,22.101,26.225,132,259,1.58637,0.5864,0.3011,0.4999
BAS01122,riverside_to_airport,long_haul,baseline,0.0,11,0,1506,28.9,10.542,25.09,29.791,34.765,12,291,1.83767,0.095,0.3024,0.5
BAS01123,riverside_to_airport,delivery_rider,baseline,0.0,17,1,1506,37.32,10.542,23.686,29.898,38.057,66,523,2.84347,0.2811,0.2995,0.4995
BAS01124,riverside_to_airport,delivery_rider,baseline,0.0,17,1,1506,41.47,10.542,23.546,29.728,37.095,77,473,2.73258,0.3584,0.2995,0.4996
BAS01125,riverside_to_airport,commuter,baseline,0.0,20,0,1506,71.27,10.542,17.414,22.514,25.42,113,222,1.53526,0.5668,0.2957,0.4997
BAS01126,riverside_to_airport,delivery_rider,baseline,0.0,23,0,1506,36.47,10.542,24.281,30.563,35.749,63,481,2.8039,0.2869,0.3037,0.4999
BAS01127,riverside_to_airport,commuter,baseline,0.0,19,1,1506,75.48,10.542,16.692,22.002,25.168,125,233,1.5746,0.5909,0.3005,0.4996
BAS01128,riverside_to_airport,delivery_rider,baseline,0.0,5,0,1506,37.47,10.542,24.405,30.743,36.746,69,534,2.83325,0.303,0.2992,0.4996
BAS01129,riverside_to_airport,commuter,baseline,0.0,18,1,1506,74.86,10.542,16.808,22.076,25.9,118,232,1.55566,0.5844,0.3021,0.4992
BAS01130,riverside_to_airport,delivery_rider,baseline,0.0,11,0,1506,44.21,10.542,22.386,28.703,34.856,70,493,2.545,0.3693,0.2957,0.4999
BAS01131,riverside_to_airport,commuter,baseline,0.0,17,1,1506,72.83,10.542,16.944,22.085,25.333,117,228,1.5305,0.5685,0.2981,0.5
BAS01132,riverside_to_airport,delivery_rider,baseline,0.0,19,1,1506,37.06,10.542,23.704,29.869,37.212,70,494,2.60384,0.2696,0.301,0.4996
BAS01133,riverside_to_airport,commuter,baseline,0.0,16,0,1506,79.84,10.542,15.988,21.002,24.408,97,198,1.30158,0.5872,0.3003,0.4995
BAS01134,riverside_to_airport,long_haul,baseline,0.0,5,0,1506,27.76,10.542,27.139,31.977,35.773,11,350,2.19496,0.1286,0.3006,0.4997
BAS01135,riverside_to_airport,commuter,baseline,0.0,7,1,1506,77.59,10.542,16.916,22.103,25.147,118,227,1.53896,0.5968,0.3002,0.5
BAS01136,riverside_to_airport,delivery_rider,baseline,0.0,9,1,1506,42.27,10.542,23.565,30.088,36.835,76,498,2.99023,0.375,0.2979,0.4997
BAS01137,riverside_to_airport,long_haul,baseline,0.0,17,1,1506,28.4,10.542,26.397,31.174,35.444,17,322,2.05428,0.1281,0.2997,0.4992
BAS01138,riverside_to_airport,commuter,baseline,0.0,17,1,1506,76.75,10.542,16.929,22.113,25.039,125,236,1.56467,0.598,0.2998,0.4999
BAS01139,riverside_to_airport,long_haul,baseline,0.0,9,1,1506,28.22,10.542,26.412,31.278,35.752,18,343,2.22324,0.1219,0.3012,0.4994
BAS01140,riverside_to_airport,delivery_rider,baseline,0.0,11,0,1506,39.87,10.542,22.398,28.537,34.334,70,443,2.47021,0.303,0.3021,0.4999
BAS01141,riverside_to_airport,long_haul,baseline,0.0,17,1,1506,30.59,10.542,26.417,31.332,35.629,22,349,2.24443,0.193,0.2999,0.5
BAS01142,riverside_to_airport,commuter,baseline,0.0,8,1,1506,75.22,10.542,16.949,22.165,24.583,114,221,1.52789,0.5826,0.3014,0.4995
BAS01143,riverside_to_airport,long_haul,baseline,0.0,18,1,1506,30.06,10.542,26.326,31.388,35.593,29,373,2.34424,0.1777,0.3029,0.4999
BAS01144,riverside_to_airport,commuter,baseline,0.0,22,0,1506,72.55,10.542,17.347,22.501,25.328,120,238,1.6324,0.5742,0.2976,0.4995
BAS01145,riverside_to_airport,commuter,baseline,0.0,17,1,1506,82.83,10.542,16.706,22.076,26.617,126,253,1.5571,0.6273,0.302,0.4999
BAS01146,riverside_to_airport,delivery_rider,baseline,0.0,13,0,1506,38.82,10.542,22.575,28.443,34.139,54,397,2.35415,0.273,0.3033,0.4999
BAS01147,riverside_to_airport,long_haul,baseline,0.0,17,1,1506,27.62,10.542,26.442,31.281,36.402,12,337,2.01854,0.0993,0.3002,0.4999
BAS01148,riverside_to_airport,long_haul,baseline,0.0,12,0,1506,30.59,10.542,24.99,29.654,34.448,19,284,1.80571,0.1481,0.3069,0.4999
BAS01149,riverside_to_airport,long_haul,baseline,0.0,11,0,1506,30.54,10.542,24.969,29.752,34.245,20,295,1.97409,0.1453,0.3025,0.4997
BAS01150,riverside_to_airport,long_haul,baseline,0.0,22,0,1506,27.21,10.542,26.955,31.877,36.197,16,365,2.14175,0.1013,0.3011,0.4993
BAS01151,central_market_to_stung_meanchey,commuter,baseline,0.0,20,0,1278,65.74,8.946,21.626,37.755,42.859,88,282,5.93743,0.6635,0.4893,0.8077
BAS01152,central_market_to_stung_meanchey,commuter,baseline,0.0,7,1,1278,62.77,8.946,17.987,31.148,35.912,64,167,3.36419,0.5625,0.4889,0.7959
BAS01153,central_market_to_stung_meanchey,commuter,baseline,0.0,11,0,1278,58.76,8.946,19.68,34.434,39.56,60,206,3.87815,0.5782,0.4929,0.8061
BAS01154,central_market_to_stung_meanchey,long_haul,baseline,0.0,17,1,1278,24.55,8.946,28.082,44.408,50.013,29,349,4.27257,0.1146,0.4944,0.8098
BAS01155,central_market_to_stung_meanchey,commuter,baseline,0.0,5,0,1278,64.02,8.946,21.72,38.17,42.27,78,279,5.66061,0.6513,0.4916,0.7944
BAS01156,central_market_to_stung_meanchey,commuter,baseline,0.0,11,0,1278,62.11,8.946,19.776,34.242,40.13,58,182,4.32242,0.5953,0.4943,0.8034
BAS01157,central_market_to_stung_meanchey,delivery_rider,baseline,0.0,8,1,1278,34.28,8.946,24.955,39.928,49.896,67,414,5.44392,0.3129,0.4939,0.8016
BAS01158,central_market_to_stung_meanchey,commuter,baseline,0.0,7,1,1278,60.27,8.946,18.245,31.543,37.199,48,147,3.15441,0.5401,0.4934,0.8005
BAS01159,central_market_to_stung_meanchey,commuter,baseline,0.0,21,0,1278,57.84,8.946,21.708,37.983,42.502,75,249,6.26492,0.6058,0.4935,0.8093
BAS01160,central_market_to_stung_meanchey,long_haul,baseline,0.0,18,1,1278,24.11,8.946,28.052,44.198,52.465,24,339,3.23153,0.0866,0.4898,0.8118
BAS01161,central_market_to_stung_meanchey,commuter,baseline,0.0,8,1,1278,66.76,8.946,17.857,31.181,36.191,64,169,3.38521,0.5868,0.4924,0.8049
BAS01162,central_market_to_stung_meanchey,delivery_rider,baseline,0.0,10,0,1278,33.42,8.946,27.258,44.236,54.054,103,473,7.26791,0.3623,0.4924,0.8038
BAS01163,central_market_to_stung_meanchey,long_haul,baseline,0.0,8,1,1278,23.8,8.946,28.031,44.655,51.842,21,340,3.49977,0.0823,0.4895,0.805
BAS01164,central_market_to_stung_meanchey,delivery_rider,baseline,0.0,11,0,1278,33.99,8.946,27.464,44.358,55.351,112,484,5.89261,0.3699,0.4948,0.7996
BAS01165,central_market_to_stung_meanchey,delivery_rider,baseline,0.0,20,0,1278,31.22,8.946,30.249,49.072,59.885,127,579,9.51766,0.3853,0.4931,0.8108
BAS01166,central_market_to_stung_meanchey,long_haul,baseline,0.0,18,1,1278,25.9,8.946,28.071,44.514,49.809,19,367,3.56047,0.1615,0.4948,0.807
BAS01167,central_market_to_stung_meanchey,delivery_rider,baseline,0.0,22,0,1278,31.58,8.946,30.353,49.657,58.855,150,543,9.22797,0.3989,0.4938,0.8151
BAS01168,central_market_to_stung_meanchey,commuter,baseline,0.0,18,1,1278,64.43,8.946,17.996,31.17,35.865,54,158,3.07929,0.5776,0.4946,0.804
BAS01169,central_market_to_stung_meanchey,commuter,baseline,0.0,20,0,1278,57.31,8.946,21.797,38.389,43.039,89,284,6.02408,0.6057,0.4938,0.812
BAS01170,central_market_to_stung_meanchey,commuter,baseline,0.0,17,1,1278,63.19,8.946,18.078,31.247,35.636,59,151,3.2361,0.5602,0.4948,0.8237
BAS01171,central_market_to_stung_meanchey,commuter,baseline,0.0,5,0,1278,60.22,8.946,21.932,38.237,43.213,78,275,5.66377,0.6231,0.4957,0.8065
BAS01172,central_market_to_stung_meanchey,commuter,baseline,0.0,17,1,1278,61.72,8.946,18.103,31.366,36.447,52,142,3.0205,0.5577,0.4858,0.8
BAS01173,central_market_to_stung_meanchey,commuter,baseline,0.0,23,0,1278,61.26,8.946,21.876,38.51,44.261,76,269,5.22492,0.6339,0.4916,0.8033
BAS01174,central_market_to_stung_meanchey,long_haul,baseline,0.0,8,1,1278,24.59,8.946,28.098,44.653,50.075,23,313,4.24663,0.1173,0.4938,0.7991
BAS01175,central_market_to_stung_meanchey,commuter,baseline,0.0,8,1,1278,61.59,8.946,17.942,31.404,36.166,63,159,3.35386,0.5555,0.4937,0.7971
BAS01176,central_market_to_stung_meanchey,long_haul,baseline,0.0,18,1,1278,25.52,8.946,27.983,44.615,52.052,31,322,4.25143,0.1459,0.4941,0.8085
BAS01177,central_market_to_stung_meanchey,delivery_rider,baseline,0.0,17,1,1278,37.13,8.946,24.911,40.566,48.757,91,419,6.36443,0.3741,0.492,0.812
BAS01178,central_market_to_stung_meanchey,commuter,baseline,0.0,17,1,1278,61.22,8.946,18.028,31.0,36.003,61,164,3.37797,0.5471,0.4905,0.8157
BAS01179,central_market_to_stung_meanchey,commuter,baseline,0.0,7,1,1278,66.07,8.946,18.198,31.168,36.254,50,161,3.00163,0.5821,0.4931,0.8049
BAS01180,central_market_to_stung_meanchey,long_haul,baseline,0.0,17,1,1278,23.58,8.946,28.131,44.401,50.621,17,338,2.82351,0.0715,0.4901,0.7988
BAS01181,central_market_to_stung_meanchey,commuter,baseline,0.0,13,0,1278,61.2,8.946,19.614,33.919,38.396,61,199,4.31737,0.5882,0.4983,0.8072
BAS01182,central_market_to_stung_meanchey,long_haul,baseline,0.0,7,1,1278,24.22,8.946,28.159,44.489,50.249,21,331,3.52634,0.103,0.4884,0.8096
BAS01183,central_market_to_stung_meanchey,long_haul,baseline,0.0,23,0,1278,20.01,8.946,34.237,54.386,61.678,39,438,6.16584,0.1106,0.4963,0.8077
BAS01184,central_market_to_stung_meanchey,commuter,baseline,0.0,10,0,1278,64.02,8.946,19.66,34.077,38.848,59,196,4.26597,0.6114,0.4933,0.8179
BAS01185,central_market_to_stung_meanchey,long_haul,baseline,0.0,12,0,1278,21.84,8.946,30.761,48.959,53.695,28,409,3.87982,0.0882,0.49,0.8081
BAS01186,central_market_to_stung_meanchey,long_haul,baseline,0.0,11,0,1278,22.46,8.946,30.775,49.153,54.906,28,391,4.09656,0.1171,0.4955,0.8063
BAS01187,central_market_to_stung_meanchey,commuter,baseline,0.0,18,1,1278,65.12,8.946,17.957,31.394,35.477,60,179,3.14687,0.582,0.492,0.8009
BAS01188,central_market_to_stung_meanchey,commuter,baseline,0.0,20,0,1278,64.3,8.946,21.435,37.827,45.135,88,280,6.32908,0.6582,0.4913,0.802
BAS01189,central_market_to_stung_meanchey,commuter,baseline,0.0,17,1,1278,68.75,8.946,17.547,30.568,36.823,69,169,3.85221,0.6093,0.4945,0.8108
BAS01190,central_market_to_stung_meanchey,commuter,baseline,0.0,5,0,1278,57.93,8.946,22.023,38.397,42.624,74,272,5.37362,0.6119,0.4895,0.8156
BAS01191,central_market_to_stung_meanchey,delivery_rider,baseline,0.0,17,1,1278,32.0,8.946,25.304,40.791,50.172,58,389,4.56833,0.2597,0.4976,0.818
BAS01192,central_market_to_stung_meanchey,delivery_rider,baseline,0.0,17,1,1278,34.43,8.946,25.282,40.429,50.299,74,426,4.76962,0.3245,0.4893,0.8104
BAS01193,central_market_to_stung_meanchey,commuter,baseline,0.0,14,0,1278,64.49,8.946,19.655,34.269,38.909,64,198,4.40603,0.6144,0.4951,0.8064
BAS01194,central_market_to_stung_meanchey,commuter,baseline,0.0,22,0,1278,56.43,8.946,22.064,38.168,43.11,72,270,5.23858,0.6029,0.4945,0.7973
BAS01195,central_market_to_stung_meanchey,long_haul,baseline,0.0,19,1,1278,24.62,8.946,28.162,44.712,52.895,25,331,3.50318,0.1108,0.4931,0.8128
BAS01196,central_market_to_stung_meanchey,delivery_rider,baseline,0.0,6,0,1278,30.95,8.946,30.55,49.999,58.225,134,582,7.9224,0.3835,0.4877,0.807
BAS01197,central_market_to_stung_meanchey,commuter,baseline,0.0,18,1,1278,62.74,8.946,17.993,30.879,36.272,57,163,3.13902,0.5641,0.492,0.8085
BAS01198,central_market_to_stung_meanchey,delivery_rider,baseline,0.0,8,1,1278,38.21,8.946,24.895,40.421,52.415,94,454,5.61717,0.392,0.4946,0.8059
BAS01199,central_market_to_stung_meanchey,commuter,baseline,0.0,7,1,1278,68.94,8.946,17.784,31.702,37.521,64,174,3.30963,0.6112,0.4929,0.7991
BAS01200,central_market_to_stung_meanchey,commuter,baseline,0.0,18,1,1278,67.02,8.946,17.963,31.196,36.835,54,141,2.8624,0.5925,0.4973,0.7974
BAS01201,chroy_changvar_to_russian_market,commuter,baseline,0.0,9,1,1194,75.52,8.358,15.4,25.152,31.379,82,170,1.91248,0.6998,0.303,0.7903
BAS01202,chroy_changvar_to_russian_market,long_haul,baseline,0.0,7,1,1194,37.21,8.358,24.093,36.957,44.946,17,246,1.98388,0.3877,0.2996,0.793
BAS01203,chroy_changvar_to_russian_market,commuter,baseline,0.0,4,0,1194,71.59,8.358,16.498,26.471,32.142,81,181,2.23538,0.6821,0.3025,0.7895
BAS01204,chroy_changvar_to_russian_market,commuter,baseline,0.0,5,0,1194,74.45,8.358,16.237,26.666,31.954,94,201,2.34222,0.6907,0.2953,0.7781
BAS01205,chroy_changvar_to_russian_market,delivery_rider,baseline,0.0,12,0,1194,53.93,8.358,23.056,35.764,45.22,72,424,3.93496,0.5833,0.2997,0.7983
BAS01206,chroy_changvar_to_russian_market,delivery_rider,baseline,0.0,17,1,1194,59.2,8.358,21.39,32.714,42.683,50,367,3.41831,0.6106,0.2999,0.7848
BAS01207,chroy_changvar_to_russian_market,commuter,baseline,0.0,9,1,1194,74.22,8.358,15.603,24.991,31.46,76,175,1.91134,0.688,0.3043,0.7975
BAS01208,chroy_changvar_to_russian_market,commuter,baseline,0.0,13,0,1194,78.58,8.358,16.571,27.575,33.675,98,205,2.24243,0.7156,0.3016,0.7938
BAS01209,chroy_changvar_to_russian_market,commuter,baseline,0.0,17,1,1194,68.34,8.358,15.907,25.63,31.143,57,135,1.54055,0.6547,0.2966,0.796
BAS01210,chroy_changvar_to_russian_market,delivery_rider,baseline,0.0,17,1,1194,56.94,8.358,21.395,32.916,43.559,49,342,3.22756,0.6129,0.2938,0.792
BAS01211,chroy_changvar_to_russian_market,long_haul,baseline,0.0,17,1,1194,37.56,8.358,24.006,36.483,43.11,14,231,2.04645,0.3845,0.2981,0.7907
BAS01212,chroy_changvar_to_russian_market,delivery_rider,baseline,0.0,23,0,1194,50.69,8.358,22.915,34.867,48.694,65,426,4.05074,0.5548,0.3009,0.7849
BAS01213,chroy_changvar_to_russian_market,commuter,baseline,0.0,6,0,1194,70.99,8.358,16.425,26.552,34.319,82,196,2.10088,0.6731,0.2986,0.7864
BAS01214,chroy_changvar_to_russian_market,delivery_rider,baseline,0.0,18,1,1194,55.54,8.358,21.377,32.477,43.634,64,346,3.30689,0.5791,0.3019,0.794
BAS01215,chroy_changvar_to_russian_market,long_haul,baseline,0.0,11,0,1194,33.08,8.358,26.004,40.033,47.862,15,299,2.54029,0.3101,0.2959,0.7825
BAS01216,chroy_changvar_to_russian_market,commuter,baseline,0.0,18,1,1194,76.78,8.358,15.319,25.266,30.793,73,158,1.76286,0.7016,0.2992,0.7921
BAS01217,chroy_changvar_to_russian_market,commuter,baseline,0.0,11,0,1194,81.78,8.358,16.348,26.824,32.924,98,214,2.36193,0.7308,0.3017,0.784
BAS01218,chroy_changvar_to_russian_market,commuter,baseline,0.0,17,1,1194,83.51,8.358,15.316,25.809,31.373,82,179,1.73432,0.7326,0.2982,0.7855
BAS01219,chroy_changvar_to_russian_market,delivery_rider,baseline,0.0,15,0,1194,50.99,8.358,23.321,36.16,45.317,76,446,4.66668,0.5739,0.3013,0.8017
BAS01220,chroy_changvar_to_russian_market,delivery_rider,baseline,0.0,17,1,1194,56.43,8.358,21.566,33.214,42.32,51,365,3.16591,0.6044,0.2988,0.7996
BAS01221,chroy_changvar_to_russian_market,commuter,baseline,0.0,9,1,1194,81.53,8.358,15.19,25.462,30.216,76,169,1.78853,0.7157,0.296,0.786
BAS01222,chroy_changvar_to_russian_market,delivery_rider,baseline,0.0,18,1,1194,61.54,8.358,21.306,32.762,43.234,65,368,3.1691,0.6321,0.3014,0.7964
BAS01223,chroy_changvar_to_russian_market,delivery_rider,baseline,0.0,17,1,1194,53.27,8.358,21.544,33.188,42.557,49,380,2.92289,0.5506,0.299,0.8044
BAS01224,chroy_changvar_to_russian_market,long_haul,baseline,0.0,17,1,1194,36.09,8.358,24.027,36.741,44.271,18,234,2.54576,0.3397,0.3021,0.7845
BAS01225,chroy_changvar_to_russian_market,commuter,baseline,0.0,23,0,1194,77.07,8.358,16.207,26.773,32.603,89,188,2.15399,0.7155,0.3003,0.8175
BAS01226,chroy_changvar_to_russian_market,delivery_rider,baseline,0.0,8,1,1194,59.78,8.358,21.486,33.095,42.52,56,355,3.30984,0.6251,0.3013,0.7864
BAS01227,chroy_changvar_to_russian_market,long_haul,baseline,0.0,8,1,1194,35.94,8.358,23.969,36.267,43.658,19,265,2.28565,0.3512,0.303,0.7927
BAS01228,chroy_changvar_to_russian_market,commuter,baseline,0.0,20,0,1194,74.52,8.358,16.423,27.428,32.314,85,180,2.12205,0.6923,0.2985,0.7949
BAS01229,chroy_changvar_to_russian_market,delivery_rider,baseline,0.0,8,1,1194,63.16,8.358,21.282,32.953,42.013,65,377,3.25713,0.6524,0.2987,0.7991
BAS01230,chroy_changvar_to_russian_market,delivery_rider,baseline,0.0,22,0,1194,49.05,8.358,22.878,35.321,45.56,57,408,3.30313,0.555,0.299,0.7842
BAS01231,chroy_changvar_to_russian_market,commuter,baseline,0.0,16,0,1194,79.01,8.358,16.466,27.583,33.529,91,188,2.35023,0.7192,0.3026,0.8089
BAS01232,chroy_changvar_to_russian_market,delivery_rider,baseline,0.0,16,0,1194,52.41,8.358,23.151,35.72,43.663,72,416,3.72327,0.5821,0.2983,0.8004
BAS01233,chroy_changvar_to_russian_market,commuter,baseline,0.0,8,1,1194,71.48,8.358,15.551,25.236,31.61,73,164,1.80072,0.6595,0.2974,0.78
BAS01234,chroy_changvar_to_russian_market,long_haul,baseline,0.0,23,0,1194,35.22,8.358,25.37,39.121,46.143,25,291,3.23352,0.3413,0.2984,0.7839
BAS01235,chroy_changvar_to_russian_market,long_haul,baseline,0.0,17,1,1194,36.29,8.358,24.025,36.553,42.576,13,245,2.03307,0.3244,0.2987,0.8067
BAS01236,chroy_changvar_to_russian_market,delivery_rider,baseline,0.0,22,0,1194,57.1,8.358,22.79,34.975,45.465,78,409,4.04436,0.6183,0.3009,0.7948
BAS01237,chroy_changvar_to_russian_market,commuter,baseline,0.0,8,1,1194,74.06,8.358,15.33,24.897,30.586,82,175,1.96383,0.6827,0.2968,0.7872
BAS01238,chroy_changvar_to_russian_market,commuter,baseline,0.0,7,1,1194,73.42,8.358,15.646,24.992,30.779,62,138,1.78346,0.6829,0.3006,0.8258
BAS01239,chroy_changvar_to_russian_market,commuter,baseline,0.0,8,1,1194,77.14,8.358,15.311,25.657,32.18,76,169,1.76461,0.7049,0.2987,0.7863
BAS01240,chroy_changvar_to_russian_market,long_haul,baseline,0.0,17,1,1194,38.14,8.358,23.828,36.197,42.564,22,258,2.75569,0.3752,0.3015,0.7986
BAS01241,chroy_changvar_to_russian_market,commuter,baseline,0.0,15,0,1194,68.27,8.358,16.975,27.885,33.691,84,186,2.28881,0.6584,0.3007,0.7854
BAS01242,chroy_changvar_to_russian_market,delivery_rider,baseline,0.0,10,0,1194,48.27,8.358,23.1,35.44,45.965,67,429,3.64545,0.5344,0.304,0.7928
BAS01243,chroy_changvar_to_russian_market,commuter,baseline,0.0,17,1,1194,76.75,8.358,15.596,25.78,29.918,70,147,1.74586,0.6926,0.2977,0.8046
BAS01244,chroy_changvar_to_russian_market,long_haul,baseline,0.0,7,1,1194,35.06,8.358,24.17,36.338,43.193,10,251,2.09115,0.3213,0.3014,0.7885
BAS01245,chroy_changvar_to_russian_market,long_haul,baseline,0.0,7,1,1194,34.0,8.358,24.187,36.739,44.227,13,259,1.98518,0.3205,0.3023,0.7957
BAS01246,chroy_changvar_to_russian_market,long_haul,baseline,0.0,19,1,1194,36.98,8.358,24.133,36.359,45.547,16,239,2.23414,0.3664,0.3025,0.7919
BAS01247,chroy_changvar_to_russian_market,commuter,baseline,0.0,7,1,1194,77.03,8.358,15.335,25.624,30.837,76,171,1.88968,0.6903,0.3035,0.7984
BAS01248,chroy_changvar_to_russian_market,delivery_rider,baseline,0.0,9,1,1194,54.11,8.358,21.506,32.771,45.948,49,359,3.00635,0.5863,0.2985,0.7926
BAS01249,chroy_changvar_to_russian_market,delivery_rider,baseline,0.0,8,1,1194,56.55,8.358,21.235,32.833,42.508,66,319,3.61677,0.6029,0.2976,0.7784
BAS01250,chroy_changvar_to_russian_market,commuter,baseline,0.0,5,0,1194,74.57,8.358,16.518,27.016,32.979,64,156,1.86984,0.6937,0.3025,0.8072
BAS01251,airport_to_chip_mong,delivery_rider,baseline,0.0,5,0,1930,49.89,13.51,33.705,46.087,53.983,227,1116,8.6134,0.5347,0.3144,0.4999
BAS01252,airport_to_chip_mong,delivery_rider,baseline,0.0,20,0,1930,49.53,13.51,33.773,45.597,55.854,225,1156,8.28308,0.5337,0.3176,0.4997
BAS01253,airport_to_chip_mong,delivery_rider,baseline,0.0,12,0,1779,50.15,12.453,27.3,37.526,48.261,127,813,5.09245,0.4639,0.4113,0.9584
BAS01254,airport_to_chip_mong,commuter,baseline,0.0,14,0,1779,91.81,12.453,19.717,28.238,34.315,147,331,3.06993,0.6623,0.4043,0.9475
BAS01255,airport_to_chip_mong,commuter,baseline,0.0,19,1,1980,111.45,13.86,15.308,23.978,29.161,98,217,1.62324,0.5979,0.4034,0.9328
BAS01256,airport_to_chip_mong,commuter,baseline,0.0,0,0,1930,89.83,13.51,24.327,35.484,41.345,176,507,5.06236,0.6994,0.3171,0.5
BAS01257,airport_to_chip_mong,delivery_rider,baseline,0.0,12,0,1779,54.78,12.453,27.365,37.437,49.145,119,773,5.20716,0.5089,0.4077,0.9306
BAS01258,airport_to_chip_mong,commuter,baseline,0.0,18,1,1980,111.8,13.86,15.421,24.065,29.138,87,195,1.54123,0.6057,0.4008,0.9447
BAS01259,airport_to_chip_mong,delivery_rider,baseline,0.0,18,1,1980,70.12,13.86,21.436,31.625,43.325,90,527,2.98186,0.4528,0.4009,0.9353
BAS01260,airport_to_chip_mong,delivery_rider,baseline,0.0,21,0,1930,49.48,13.51,33.837,45.763,53.966,216,1120,7.92434,0.528,0.3194,0.4999
BAS01261,airport_to_chip_mong,long_haul,baseline,0.0,3,0,1930,34.24,13.51,37.85,50.447,57.317,68,1055,6.02697,0.3655,0.3172,0.4999
BAS01262,airport_to_chip_mong,commuter,baseline,0.0,18,1,1980,117.4,13.86,15.318,24.055,29.814,88,207,1.58982,0.6235,0.4028,0.9433
BAS01263,airport_to_chip_mong,long_haul,baseline,0.0,9,1,1980,51.86,13.86,23.895,34.414,41.994,27,343,2.14431,0.3134,0.4018,0.9359
BAS01264,airport_to_chip_mong,commuter,baseline,0.0,23,0,1930,97.26,13.51,24.031,35.558,39.649,200,529,5.10356,0.7288,0.3152,0.4996
BAS01265,airport_to_chip_mong,commuter,baseline,0.0,11,0,1779,92.21,12.453,19.735,27.974,34.571,147,330,3.09385,0.6635,0.4116,0.9448
BAS01266,airport_to_chip_mong,delivery_rider,baseline,0.0,17,1,1980,71.96,13.86,21.263,31.642,41.417,99,527,3.31757,0.4674,0.3992,0.9358
BAS01267,airport_to_chip_mong,commuter,baseline,0.0,16,0,1779,89.97,12.453,19.86,28.157,35.259,143,352,2.96195,0.655,0.4075,0.9414
BAS01268,airport_to_chip_mong,commuter,baseline,0.0,10,0,1779,93.57,12.453,19.65,28.075,34.317,146,329,2.98716,0.672,0.4076,0.9305
BAS01269,airport_to_chip_mong,commuter,baseline,0.0,13,0,1779,91.04,12.453,19.88,28.291,35.136,117,300,2.74217,0.6561,0.4076,0.9289
BAS01270,airport_to_chip_mong,commuter,baseline,0.0,15,0,1779,89.71,12.453,19.743,28.119,35.248,136,316,2.94081,0.6533,0.4086,0.9307
BAS01271,airport_to_chip_mong,delivery_rider,baseline,0.0,1,0,1930,51.83,13.51,33.724,45.693,55.536,193,1133,7.85373,0.5512,0.3134,0.4996
BAS01272,airport_to_chip_mong,commuter,baseline,0.0,8,1,1980,115.39,13.86,15.278,23.998,30.725,96,203,1.66717,0.6128,0.4041,0.949
BAS01273,airport_to_chip_mong,commuter,baseline,0.0,12,0,1779,102.73,12.453,19.273,28.083,34.221,164,369,3.20175,0.7054,0.4096,0.9363
BAS01274,airport_to_chip_mong,commuter,baseline,0.0,8,1,1980,104.85,13.86,15.646,24.221,29.459,80,191,1.53552,0.5675,0.3991,0.9282
BAS01275,airport_to_chip_mong,delivery_rider,baseline,0.0,14,0,1779,51.54,12.453,27.381,37.73,48.713,133,762,5.01807,0.4783,0.4079,0.9508
BAS01276,airport_to_chip_mong,commuter,baseline,0.0,18,1,1980,121.7,13.86,15.336,24.131,29.411,102,219,1.66076,0.6384,0.404,0.9289
BAS01277,airport_to_chip_mong,long_haul,baseline,0.0,20,0,1930,31.34,13.51,37.942,50.651,58.084,67,957,6.03379,0.3002,0.3187,0.5
BAS01278,airport_to_chip_mong,commuter,baseline,0.0,14,0,1779,93.95,12.453,19.886,27.977,34.641,123,296,2.87914,0.6685,0.4077,0.9446
BAS01279,airport_to_chip_mong,commuter,baseline,0.0,18,1,1980,117.88,13.86,15.252,24.262,29.782,92,201,1.48962,0.6271,0.4031,0.9252
BAS01280,airport_to_chip_mong,delivery_rider,baseline,0.0,21,0,1930,51.71,13.51,33.965,46.213,55.178,234,1150,7.44895,0.5536,0.3175,0.4998
BAS01281,airport_to_chip_mong,delivery_rider,baseline,0.0,9,1,1980,66.5,13.86,21.431,31.928,40.494,80,496,2.56905,0.4162,0.4008,0.9316
BAS01282,airport_to_chip_mong,delivery_rider,baseline,0.0,18,1,1980,67.32,13.86,21.575,31.661,40.94,74,522,2.57456,0.4242,0.399,0.9361
BAS01283,airport_to_chip_mong,delivery_rider,baseline,0.0,18,1,1980,67.7,13.86,21.4,31.389,40.541,90,507,2.95995,0.4263,0.4032,0.9533
BAS01284,airport_to_chip_mong,commuter,baseline,0.0,23,0,1930,94.05,13.51,24.147,35.599,40.779,198,549,5.1404,0.7184,0.3159,0.5
BAS01285,airport_to_chip_mong,commuter,baseline,0.0,8,1,1980,109.65,13.86,15.366,24.066,30.903,100,212,1.7041,0.595,0.4056,0.9409
BAS01286,airport_to_chip_mong,commuter,baseline,0.0,14,0,1779,92.54,12.453,19.679,28.127,34.539,146,359,2.93926,0.6685,0.4056,0.9386
BAS01287,airport_to_chip_mong,delivery_rider,baseline,0.0,7,1,1980,71.16,13.86,21.359,31.616,40.892,100,531,2.96589,0.4563,0.4044,0.9585
BAS01288,airport_to_chip_mong,commuter,baseline,0.0,12,0,1779,93.96,12.453,19.587,28.144,35.303,145,323,2.87276,0.6739,0.4096,0.9413
BAS01289,airport_to_chip_mong,long_haul,baseline,0.0,12,0,1779,35.46,12.453,30.833,40.793,50.15,29,634,3.36643,0.288,0.4052,0.9383
BAS01290,airport_to_chip_mong,commuter,baseline,0.0,11,0,1779,89.17,12.453,19.701,27.946,35.269,139,320,3.08228,0.6538,0.4082,0.931
BAS01291,airport_to_chip_mong,delivery_rider,baseline,0.0,18,1,1980,69.07,13.86,21.51,31.521,40.497,86,535,2.74957,0.4453,0.4017,0.9318
BAS01292,airport_to_chip_mong,delivery_rider,baseline,0.0,19,1,1980,65.95,13.86,21.554,31.735,41.226,82,515,2.73018,0.4137,0.399,0.943
BAS01293,airport_to_chip_mong,delivery_rider,baseline,0.0,11,0,1779,60.0,12.453,27.261,37.499,46.749,139,787,5.2866,0.5563,0.406,0.9334
BAS01294,airport_to_chip_mong,delivery_rider,baseline,0.0,18,1,1980,67.17,13.86,21.441,31.867,41.248,93,527,2.93276,0.425,0.4008,0.9393
BAS01295,airport_to_chip_mong,commuter,baseline,0.0,19,1,1980,121.22,13.86,15.278,24.084,29.37,99,219,1.60407,0.6353,0.4015,0.9461
BAS01296,airport_to_chip_mong,long_haul,baseline,0.0,5,0,1930,30.82,13.51,38.038,50.432,55.734,54,1000,5.14426,0.2883,0.3147,0.4998
BAS01297,airport_to_chip_mong,commuter,baseline,0.0,18,1,1980,115.61,13.86,15.381,24.116,29.977,96,204,1.61741,0.6112,0.3985,0.9287
BAS01298,airport_to_chip_mong,commuter,baseline,0.0,14,0,1779,102.66,12.453,19.535,28.135,34.105,151,349,2.90074,0.7019,0.4086,0.9249
BAS01299,airport_to_chip_mong,delivery_rider,baseline,0.0,16,0,1779,54.0,12.453,27.603,37.794,52.22,111,754,5.03976,0.5074,0.4088,0.9416
BAS01300,airport_to_chip_mong,commuter,baseline,0.0,8,1,1980,113.51,13.86,15.353,23.912,29.116,99,230,1.67263,0.6069,0.4014,0.948
BAS01301,stung_meanchey_to_aeon_mall_2,delivery_rider,baseline,0.0,8,1,1497,54.13,10.479,17.89,25.001,31.945,50,221,1.71551,0.3648,0.4933,0.8129
BAS01302,stung_meanchey_to_aeon_mall_2,commuter,baseline,0.0,5,0,1497,70.41,10.479,17.528,24.846,30.622,80,172,1.83559,0.5653,0.4879,0.8048
BAS01303,stung_meanchey_to_aeon_mall_2,commuter,baseline,0.0,11,0,1497,77.21,10.479,15.683,22.353,27.056,78,154,1.37747,0.5658,0.4884,0.8044
BAS01304,stung_meanchey_to_aeon_mall_2,commuter,baseline,0.0,7,1,1497,82.89,10.479,12.962,18.624,23.952,33,85,0.82454,0.5057,0.4847,0.8045
BAS01305,stung_meanchey_to_aeon_mall_2,delivery_rider,baseline,0.0,4,0,1497,40.83,10.479,24.148,32.936,41.441,76,505,3.49168,0.3813,0.4902,0.8101
BAS01306,stung_meanchey_to_aeon_mall_2,long_haul,baseline,0.0,8,1,1497,37.12,10.479,20.033,26.699,34.209,7,113,1.13021,0.1231,0.4911,0.799
BAS01307,stung_meanchey_to_aeon_mall_2,commuter,baseline,0.0,7,1,1497,84.32,10.479,13.019,18.557,22.763,27,66,0.75877,0.5151,0.4887,0.8067
BAS01308,stung_meanchey_to_aeon_mall_2,commuter,baseline,0.0,17,1,1497,81.7,10.479,13.014,18.741,22.799,27,70,0.77621,0.4981,0.4871,0.8039
BAS01309,stung_meanchey_to_aeon_mall_2,long_haul,baseline,0.0,10,0,1497,30.56,10.479,24.22,31.881,39.193,21,260,2.4045,0.1322,0.4895,0.8005
BAS01310,stung_meanchey_to_aeon_mall_2,long_haul,baseline,0.0,18,1,1497,35.37,10.479,20.111,26.36,32.947,13,116,1.30276,0.0871,0.4881,0.7992
BAS01311,stung_meanchey_to_aeon_mall_2,delivery_rider,baseline,0.0,7,1,1497,50.43,10.479,17.977,25.341,35.313,46,230,1.78494,0.311,0.4873,0.8165
BAS01312,stung_meanchey_to_aeon_mall_2,long_haul,baseline,0.0,15,0,1497,30.45,10.479,24.322,31.933,37.426,17,240,1.74012,0.1249,0.4875,0.7941
BAS01313,stung_meanchey_to_aeon_mall_2,commuter,baseline,0.0,5,0,1497,75.09,10.479,17.257,24.764,32.447,100,215,2.04592,0.5986,0.4883,0.8077
BAS01314,stung_meanchey_to_aeon_mall_2,commuter,baseline,0.0,15,0,1497,80.17,10.479,15.41,22.28,28.088,77,152,1.4231,0.5857,0.4892,0.818
BAS01315,stung_meanchey_to_aeon_mall_2,commuter,baseline,0.0,7,1,1497,91.0,10.479,12.716,18.669,22.672,42,94,0.85659,0.561,0.4891,0.8007
BAS01316,stung_meanchey_to_aeon_mall_2,delivery_rider,baseline,0.0,13,0,1497,43.26,10.479,21.818,29.764,37.734,56,401,2.43145,0.3446,0.4901,0.8035
BAS01317,stung_meanchey_to_aeon_mall_2,commuter,baseline,0.0,16,0,1497,78.27,10.479,15.664,22.623,27.986,64,131,1.30324,0.5759,0.4901,0.7985
BAS01318,stung_meanchey_to_aeon_mall_2,commuter,baseline,0.0,8,1,1497,86.44,10.479,12.825,18.689,23.471,31,76,0.81076,0.5317,0.4833,0.8042
BAS01319,stung_meanchey_to_aeon_mall_2,commuter,baseline,0.0,18,1,1497,84.18,10.479,12.997,18.656,22.779,28,58,0.7341,0.5093,0.4887,0.7869
BAS01320,stung_meanchey_to_aeon_mall_2,long_haul,baseline,0.0,16,0,1497,33.43,10.479,24.426,32.157,37.78,23,267,1.94639,0.212,0.4873,0.7931
BAS01321,stung_meanchey_to_aeon_mall_2,delivery_rider,baseline,0.0,10,0,1497,43.09,10.479,21.94,29.91,38.932,63,402,2.61732,0.3422,0.4867,0.8153
BAS01322,stung_meanchey_to_aeon_mall_2,delivery_rider,baseline,0.0,8,1,1497,47.46,10.479,18.035,25.076,34.55,38,234,1.63313,0.2507,0.4913,0.8047
BAS01323,stung_meanchey_to_aeon_mall_2,delivery_rider,baseline,0.0,14,0,1497,40.53,10.479,21.803,29.63,39.135,57,385,2.5316,0.2921,0.4901,0.8097
BAS01324,stung_meanchey_to_aeon_mall_2,delivery_rider,baseline,0.0,16,0,1497,49.09,10.479,21.309,29.88,37.846,83,385,3.16836,0.4263,0.4894,0.8054
BAS01325,stung_meanchey_to_aeon_mall_2,delivery_rider,baseline,0.0,8,1,1497,48.52,10.479,17.942,24.996,32.809,44,232,1.5912,0.2714,0.486,0.7991
BAS01326,stung_meanchey_to_aeon_mall_2,delivery_rider,baseline,0.0,23,0,1497,40.31,10.479,24.369,32.951,43.173,87,534,3.25992,0.3717,0.488,0.8113
BAS01327,stung_meanchey_to_aeon_mall_2,commuter,baseline,0.0,23,0,1497,72.52,10.479,17.43,24.78,30.747,80,186,1.84948,0.5849,0.4857,0.8014
BAS01328,stung_meanchey_to_aeon_mall_2,commuter,baseline,0.0,8,1,1497,89.07,10.479,12.821,18.673,24.332,29,80,0.82603,0.5486,0.494,0.7985
BAS01329,stung_meanchey_to_aeon_mall_2,delivery_rider,baseline,0.0,17,1,1497,46.96,10.479,18.116,25.049,33.634,50,243,1.71385,0.2515,0.4898,0.803
BAS01330,stung_meanchey_to_aeon_mall_2,commuter,baseline,0.0,12,0,1497,78.6,10.479,15.508,22.167,26.917,69,151,1.32623,0.5715,0.4842,0.7977
BAS01331,stung_meanchey_to_aeon_mall_2,commuter,baseline,0.0,17,1,1497,82.99,10.479,12.881,18.561,23.383,27,65,0.78042,0.512,0.486,0.7972
BAS01332,stung_meanchey_to_aeon_mall_2,delivery_rider,baseline,0.0,7,1,1497,50.25,10.479,18.038,25.306,32.518,37,208,1.5009,0.3033,0.4899,0.8102
BAS01333,stung_meanchey_to_aeon_mall_2,delivery_rider,baseline,0.0,18,1,1497,50.4,10.479,17.99,25.484,33.051,38,210,1.62092,0.3154,0.4861,0.8053
BAS01334,stung_meanchey_to_aeon_mall_2,commuter,baseline,0.0,8,1,1497,86.1,10.479,12.905,18.716,23.192,37,76,0.82166,0.5307,0.4887,0.7997
BAS01335,stung_meanchey_to_aeon_mall_2,commuter,baseline,0.0,21,0,1497,71.97,10.479,17.199,24.9,31.577,96,204,1.82989,0.5821,0.4889,0.8058
BAS01336,stung_meanchey_to_aeon_mall_2,delivery_rider,baseline,0.0,17,1,1497,52.72,10.479,17.933,25.101,37.408,50,235,1.66044,0.3464,0.4894,0.806
BAS01337,stung_meanchey_to_aeon_mall_2,delivery_rider,baseline,0.0,9,1,1497,48.91,10.479,18.092,24.795,31.443,32,210,1.65581,0.2851,0.4898,0.8017
BAS01338,stung_meanchey_to_aeon_mall_2,long_haul,baseline,0.0,10,0,1497,30.31,10.479,24.314,31.803,38.727,19,256,2.15011,0.1282,0.4862,0.8066
BAS01339,stung_meanchey_to_aeon_mall_2,long_haul,baseline,0.0,7,1,1497,36.96,10.479,20.083,26.323,32.656,13,138,1.27919,0.1297,0.4873,0.8118
BAS01340,stung_meanchey_to_aeon_mall_2,commuter,baseline,0.0,23,0,1497,76.91,10.479,17.399,25.086,30.525,90,202,1.78222,0.6132,0.486,0.8146
BAS01341,stung_meanchey_to_aeon_mall_2,commuter,baseline,0.0,18,1,1497,84.94,10.479,13.022,18.642,22.783,27,77,0.77533,0.5195,0.4883,0.801
BAS01342,stung_meanchey_to_aeon_mall_2,commuter,baseline,0.0,11,0,1497,77.62,10.479,15.651,22.556,27.304,67,139,1.33318,0.5701,0.4898,0.8066
BAS01343,stung_meanchey_to_aeon_mall_2,long_haul,baseline,0.0,8,1,1497,36.44,10.479,20.148,26.463,32.472,3,73,1.03637,0.1121,0.4906,0.7999
BAS01344,stung_meanchey_to_aeon_mall_2,commuter,baseline,0.0,8,1,1497,86.85,10.479,12.826,18.581,22.647,31,70,0.79853,0.5354,0.4921,0.8057
BAS01345,stung_meanchey_to_aeon_mall_2,long_haul,baseline,0.0,11,0,1497,32.24,10.479,24.243,31.772,37.972,19,246,2.04907,0.1778,0.489,0.8159
BAS01346,stung_meanchey_to_aeon_mall_2,commuter,baseline,0.0,18,1,1497,87.8,10.479,12.912,18.79,22.169,32,74,0.81085,0.5432,0.4906,0.8006
BAS01347,stung_meanchey_to_aeon_mall_2,commuter,baseline,0.0,12,0,1497,75.87,10.479,15.582,22.509,27.136,67,148,1.37187,0.5609,0.4894,0.8059
BAS01348,stung_meanchey_to_aeon_mall_2,delivery_rider,baseline,0.0,15,0,1497,47.12,10.479,21.42,29.704,37.953,80,415,2.57741,0.3996,0.4927,0.8083
BAS01349,stung_meanchey_to_aeon_mall_2,delivery_rider,baseline,0.0,18,1,1497,56.28,10.479,17.76,24.982,36.536,42,221,1.61635,0.38,0.4868,0.7925
BAS01350,stung_meanchey_to_aeon_mall_2,delivery_rider,baseline,0.0,7,1,1497,50.58,10.479,17.949,24.997,33.821,37,240,1.65097,0.3031,0.4886,0.7911
BAS01351,royal_palace_to_airport,delivery_rider,baseline,0.0,8,1,1533,46.33,10.731,22.96,29.654,37.558,90,541,2.97613,0.406,0.2982,0.4993
BAS01352,royal_palace_to_airport,long_haul,baseline,0.0,9,1,1533,31.62,10.731,25.8,30.956,34.593,19,313,2.00393,0.175,0.2941,0.4997
BAS01353,royal_palace_to_airport,commuter,baseline,0.0,18,1,1533,81.82,10.731,16.445,21.888,25.253,124,243,1.46279,0.6009,0.2972,0.5
BAS01354,royal_palace_to_airport,commuter,baseline,0.0,6,0,1533,83.8,10.731,17.736,23.535,26.255,142,273,1.95173,0.6446,0.2964,0.4997
BAS01355,royal_palace_to_airport,commuter,baseline,0.0,7,1,1533,75.39,10.731,16.617,21.854,25.168,106,219,1.49997,0.5668,0.2992,0.5
BAS01356,royal_palace_to_airport,long_haul,baseline,0.0,17,1,1533,29.61,10.731,25.992,30.985,34.622,16,347,1.98334,0.1141,0.2989,0.4999
BAS01357,royal_palace_to_airport,long_haul,baseline,0.0,7,1,1533,30.2,10.731,25.871,30.843,36.042,15,318,1.86823,0.1382,0.2958,0.4999
BAS01358,royal_palace_to_airport,commuter,baseline,0.0,20,0,1533,72.1,10.731,17.955,23.494,26.761,132,255,1.94904,0.5739,0.2969,0.4997
BAS01359,royal_palace_to_airport,delivery_rider,baseline,0.0,5,0,1533,43.77,10.731,24.835,31.69,38.077,99,606,3.5787,0.4148,0.2996,0.4996
BAS01360,royal_palace_to_airport,long_haul,baseline,0.0,9,1,1533,29.38,10.731,25.901,31.156,34.649,17,328,1.96673,0.1139,0.2985,0.4998
BAS01361,royal_palace_to_airport,delivery_rider,baseline,0.0,8,1,1533,45.45,10.731,22.817,29.382,37.856,79,479,2.77349,0.3809,0.2981,0.4996
BAS01362,royal_palace_to_airport,commuter,baseline,0.0,17,1,1533,76.95,10.731,16.763,21.981,25.44,111,217,1.46124,0.5713,0.2951,0.4997
BAS01363,royal_palace_to_airport,commuter,baseline,0.0,18,1,1533,78.3,10.731,16.599,21.929,25.124,112,223,1.46976,0.585,0.2989,0.4999
BAS01364,royal_palace_to_airport,commuter,baseline,0.0,22,0,1533,73.05,10.731,18.069,23.61,26.578,119,246,1.8331,0.5845,0.2995,0.4997
BAS01365,royal_palace_to_airport,long_haul,baseline,0.0,7,1,1533,30.82,10.731,25.944,30.891,35.043,16,316,1.99922,0.1536,0.298,0.4998
BAS01366,royal_palace_to_airport,commuter,baseline,0.0,10,0,1533,78.65,10.731,15.826,20.954,25.046,115,226,1.32631,0.5665,0.2988,0.4999
BAS01367,royal_palace_to_airport,commuter,baseline,0.0,8,1,1533,75.96,10.731,16.772,21.969,25.861,106,215,1.45035,0.5655,0.3002,0.4998
BAS01368,royal_palace_to_airport,commuter,baseline,0.0,7,1,1533,79.71,10.731,16.473,21.9,24.599,133,257,1.57059,0.5926,0.2949,0.5
BAS01369,royal_palace_to_airport,delivery_rider,baseline,0.0,16,0,1533,47.19,10.731,21.908,28.406,33.687,64,443,2.59415,0.382,0.2986,0.4992
BAS01370,royal_palace_to_airport,commuter,baseline,0.0,7,1,1533,76.62,10.731,16.726,21.938,25.598,114,228,1.48643,0.5701,0.2978,0.4998
BAS01371,royal_palace_to_airport,commuter,baseline,0.0,8,1,1533,76.41,10.731,16.363,21.838,24.987,140,263,1.58381,0.5759,0.2971,0.4996
BAS01372,royal_palace_to_airport,commuter,baseline,0.0,6,0,1533,76.51,10.731,17.792,23.673,26.401,135,251,1.90768,0.6047,0.2986,0.4998
BAS01373,royal_palace_to_airport,commuter,baseline,0.0,5,0,1533,74.18,10.731,17.902,23.52,26.413,128,251,1.83348,0.594,0.2958,0.4988
BAS01374,royal_palace_to_airport,commuter,baseline,0.0,18,1,1533,81.56,10.731,16.393,21.879,25.152,140,267,1.57654,0.6033,0.2984,0.4999
BAS01375,royal_palace_to_airport,long_haul,baseline,0.0,18,1,1533,31.17,10.731,25.896,31.057,34.916,19,337,2.0675,0.1639,0.2955,0.5
BAS01376,royal_palace_to_airport,commuter,baseline,0.0,17,1,1533,73.69,10.731,16.721,21.819,25.268,117,227,1.47878,0.5539,0.2958,0.4995
BAS01377,royal_palace_to_airport,delivery_rider,baseline,0.0,5,0,1533,43.03,10.731,24.585,31.649,37.211,99,611,3.6258,0.4003,0.2965,0.4999
BAS01378,royal_palace_to_airport,long_haul,baseline,0.0,16,0,1533,31.28,10.731,24.704,29.642,34.303,19,297,1.8776,0.1286,0.2982,0.4999
BAS01379,royal_palace_to_airport,commuter,baseline,0.0,17,1,1533,75.08,10.731,16.792,22.101,25.021,108,211,1.408,0.563,0.2961,0.4985
BAS01380,royal_palace_to_airport,delivery_rider,baseline,0.0,15,0,1533,43.5,10.731,21.984,28.505,33.041,74,454,2.49164,0.3343,0.2997,0.4996
BAS01381,royal_palace_to_airport,long_haul,baseline,0.0,22,0,1533,27.63,10.731,27.937,33.124,37.07,20,393,2.39426,0.126,0.3009,0.4996
BAS01382,royal_palace_to_airport,long_haul,baseline,0.0,18,1,1533,29.88,10.731,25.819,30.809,35.56,18,309,2.07435,0.1257,0.2983,0.4997
BAS01383,royal_palace_to_airport,commuter,baseline,0.0,8,1,1533,77.75,10.731,16.709,21.978,24.816,122,231,1.48599,0.5828,0.3021,0.4998
BAS01384,royal_palace_to_airport,long_haul,baseline,0.0,6,0,1533,27.69,10.731,28.062,33.474,38.912,16,431,2.41054,0.1228,0.298,0.4996
BAS01385,royal_palace_to_airport,commuter,baseline,0.0,7,1,1533,74.96,10.731,16.854,21.965,24.865,109,208,1.42073,0.5545,0.298,0.5
BAS01386,royal_palace_to_airport,commuter,baseline,0.0,22,0,1533,75.85,10.731,17.935,23.582,27.218,127,247,1.89632,0.6049,0.2962,0.4998
BAS01387,royal_palace_to_airport,commuter,baseline,0.0,16,0,1533,78.28,10.731,15.751,21.081,23.743,112,228,1.34282,0.5651,0.2989,0.4999
BAS01388,royal_palace_to_airport,delivery_rider,baseline,0.0,8,1,1533,41.83,10.731,23.048,29.625,35.393,73,504,2.80446,0.3274,0.2974,0.4997
BAS01389,royal_palace_to_airport,delivery_rider,baseline,0.0,17,1,1533,41.06,10.731,23.075,29.496,34.076,70,469,2.58106,0.3107,0.293,0.4997
BAS01390,royal_palace_to_airport,commuter,baseline,0.0,18,1,1533,74.15,10.731,16.636,21.913,24.366,121,240,1.52085,0.5632,0.2958,0.4999
BAS01391,royal_palace_to_airport,delivery_rider,baseline,0.0,17,1,1533,41.98,10.731,23.082,29.753,35.352,75,539,2.87178,0.3357,0.2984,0.4999
BAS01392,royal_palace_to_airport,commuter,baseline,0.0,23,0,1533,73.57,10.731,17.918,23.499,27.404,128,254,1.86568,0.5895,0.2956,0.4997
BAS01393,royal_palace_to_airport,long_haul,baseline,0.0,18,1,1533,30.16,10.731,25.947,31.051,34.156,17,339,2.13371,0.1369,0.2977,0.4994
BAS01394,royal_palace_to_airport,commuter,baseline,0.0,18,1,1533,74.5,10.731,16.765,21.944,24.95,112,220,1.47356,0.5611,0.2964,0.4994
BAS01395,royal_palace_to_airport,commuter,baseline,0.0,23,0,1533,75.9,10.731,17.763,23.507,26.241,135,260,1.89784,0.6023,0.2989,0.4999
BAS01396,royal_palace_to_airport,delivery_rider,baseline,0.0,8,1,1533,44.58,10.731,22.784,29.252,35.441,75,497,2.84586,0.368,0.2984,0.4994
BAS01397,royal_palace_to_airport,long_haul,baseline,0.0,14,0,1533,32.45,10.731,24.653,29.53,34.585,17,287,1.84197,0.1507,0.2969,0.4999
BAS01398,royal_palace_to_airport,commuter,baseline,0.0,10,0,1533,80.01,10.731,15.886,20.909,24.332,111,227,1.36405,0.5742,0.3,0.4995
BAS01399,royal_palace_to_airport,delivery_rider,baseline,0.0,11,0,1533,46.48,10.731,21.882,28.302,34.525,76,426,2.55868,0.3678,0.3006,0.4997
BAS01400,royal_palace_to_airport,delivery_rider,baseline,0.0,14,0,1533,45.78,10.731,22.148,28.126,34.068,62,435,2.35444,0.3663,0.2965,0.4992
BAS01401,chip_mong_to_stung_meanchey,delivery_rider,baseline,0.0,19,1,1985,57.63,13.895,24.054,36.685,48.185,127,664,4.5031,0.3854,0.4138,0.8086
BAS01402,chip_mong_to_stung_meanchey,delivery_rider,baseline,0.0,11,0,1974,55.04,13.818,26.653,42.591,56.695,158,782,6.30712,0.3998,0.4202,0.808
BAS01403,chip_mong_to_stung_meanchey,delivery_rider,baseline,0.0,7,1,1985,56.58,13.895,24.214,37.234,48.527,124,662,4.14122,0.3713,0.4088,0.8103
BAS01404,chip_mong_to_stung_meanchey,commuter,baseline,0.0,8,1,1985,100.87,13.895,17.482,27.371,35.866,101,240,2.59446,0.5809,0.4133,0.8098
BAS01405,chip_mong_to_stung_meanchey,delivery_rider,baseline,0.0,8,1,1985,59.02,13.895,24.16,37.382,48.544,118,658,4.55241,0.4019,0.4134,0.8038
BAS01406,chip_mong_to_stung_meanchey,commuter,baseline,0.0,8,1,1985,99.13,13.895,17.437,27.182,35.932,99,272,2.52331,0.5785,0.4176,0.7982
BAS01407,chip_mong_to_stung_meanchey,delivery_rider,baseline,0.0,17,1,1985,58.12,13.895,24.097,37.164,48.436,128,658,4.8816,0.3907,0.413,0.8049
BAS01408,chip_mong_to_stung_meanchey,commuter,baseline,0.0,11,0,1974,96.97,13.818,19.145,31.858,40.032,101,311,3.81809,0.5999,0.4235,0.7995
BAS01409,chip_mong_to_stung_meanchey,commuter,baseline,0.0,18,1,1985,101.05,13.895,17.29,27.332,35.897,108,253,2.63637,0.5878,0.4145,0.7927
BAS01410,chip_mong_to_stung_meanchey,delivery_rider,baseline,0.0,18,1,1985,53.66,13.895,24.404,37.195,49.064,115,677,3.94028,0.3381,0.4132,0.8038
BAS01411,chip_mong_to_stung_meanchey,commuter,baseline,0.0,11,0,1974,106.23,13.818,18.911,32.175,40.126,115,326,3.63388,0.6424,0.42,0.8059
BAS01412,chip_mong_to_stung_meanchey,delivery_rider,baseline,0.0,12,0,1974,52.72,13.818,26.652,42.949,53.12,127,746,5.46394,0.3683,0.4189,0.8052
BAS01413,chip_mong_to_stung_meanchey,commuter,baseline,0.0,17,1,1985,107.45,13.895,17.03,27.044,36.825,121,277,2.81641,0.6197,0.4154,0.8011
BAS01414,chip_mong_to_stung_meanchey,commuter,baseline,0.0,13,0,1974,99.83,13.818,19.011,31.957,40.163,113,303,3.83128,0.6162,0.4198,0.8127
BAS01415,chip_mong_to_stung_meanchey,commuter,baseline,0.0,13,0,1974,105.89,13.818,19.0,32.074,39.91,104,303,3.82757,0.6346,0.418,0.7902
BAS01416,chip_mong_to_stung_meanchey,long_haul,baseline,0.0,2,0,1974,31.72,13.818,34.938,52.902,64.588,61,761,6.74998,0.1687,0.4227,0.8032
BAS01417,chip_mong_to_stung_meanchey,commuter,baseline,0.0,15,0,1974,105.37,13.818,19.005,31.81,40.732,118,311,4.31203,0.6338,0.4236,0.8116
BAS01418,chip_mong_to_stung_meanchey,commuter,baseline,0.0,7,1,1985,96.23,13.895,17.594,27.484,35.268,99,249,2.39503,0.5596,0.414,0.7945
BAS01419,chip_mong_to_stung_meanchey,commuter,baseline,0.0,12,0,1974,92.44,13.818,19.227,31.826,40.514,106,282,3.7005,0.5787,0.4185,0.8097
BAS01420,chip_mong_to_stung_meanchey,commuter,baseline,0.0,6,0,1974,95.23,13.818,21.948,36.774,46.09,155,460,6.45826,0.6538,0.4211,0.8047
BAS01421,chip_mong_to_stung_meanchey,commuter,baseline,0.0,19,1,1985,96.44,13.895,17.471,27.501,35.682,95,216,2.43185,0.5664,0.4155,0.8035
BAS01422,chip_mong_to_stung_meanchey,long_haul,baseline,0.0,8,1,1985,38.64,13.895,27.188,39.425,51.778,36,436,3.1364,0.1446,0.4159,0.801
BAS01423,chip_mong_to_stung_meanchey,commuter,baseline,0.0,7,1,1985,100.0,13.895,17.387,27.489,36.602,107,258,2.37225,0.5874,0.4201,0.811
BAS01424,chip_mong_to_stung_meanchey,delivery_rider,baseline,0.0,11,0,1974,53.01,13.818,26.922,42.812,56.268,159,765,5.97619,0.3733,0.421,0.8082
BAS01425,chip_mong_to_stung_meanchey,delivery_rider,baseline,0.0,18,1,1985,53.42,13.895,24.35,36.855,48.985,112,646,4.55238,0.3335,0.4176,0.8029
BAS01426,chip_mong_to_stung_meanchey,commuter,baseline,0.0,5,0,1974,87.7,13.818,22.362,37.052,46.304,142,469,5.48809,0.6191,0.4197,0.816
BAS01427,chip_mong_to_stung_meanchey,long_haul,baseline,0.0,18,1,1985,37.74,13.895,27.247,40.122,50.141,30,490,2.68639,0.1237,0.4161,0.8012
BAS01428,chip_mong_to_stung_meanchey,commuter,baseline,0.0,11,0,1974,93.99,13.818,19.2,31.793,40.138,107,312,4.16498,0.5829,0.4228,0.8024
BAS01429,chip_mong_to_stung_meanchey,commuter,baseline,0.0,9,1,1985,101.43,13.895,17.279,27.33,35.423,107,246,2.70835,0.5917,0.4149,0.8191
BAS01430,chip_mong_to_stung_meanchey,commuter,baseline,0.0,12,0,1974,95.81,13.818,19.248,32.187,39.996,96,293,3.7485,0.5926,0.4221,0.8019
BAS01431,chip_mong_to_stung_meanchey,long_haul,baseline,0.0,5,0,1974,29.79,13.818,35.088,53.504,63.514,55,748,5.26928,0.1149,0.4217,0.8056
BAS01432,chip_mong_to_stung_meanchey,delivery_rider,baseline,0.0,20,0,1974,51.61,13.818,30.953,49.864,63.227,216,942,10.19522,0.4547,0.4227,0.8106
BAS01433,chip_mong_to_stung_meanchey,commuter,baseline,0.0,18,1,1985,98.58,13.895,17.638,27.922,35.529,100,246,2.45894,0.5793,0.4136,0.8267
BAS01434,chip_mong_to_stung_meanchey,delivery_rider,baseline,0.0,17,1,1985,54.69,13.895,24.281,37.036,49.674,115,681,4.11585,0.3413,0.4141,0.8121
BAS01435,chip_mong_to_stung_meanchey,commuter,baseline,0.0,7,1,1985,95.24,13.895,17.712,27.616,34.944,92,227,2.24053,0.5593,0.4127,0.8052
BAS01436,chip_mong_to_stung_meanchey,delivery_rider,baseline,0.0,19,1,1985,52.38,13.895,24.453,37.218,50.408,124,681,3.89058,0.3192,0.4172,0.8206
BAS01437,chip_mong_to_stung_meanchey,commuter,baseline,0.0,7,1,1985,102.3,13.895,17.339,27.498,36.145,97,243,2.48559,0.5965,0.4124,0.8021
BAS01438,chip_mong_to_stung_meanchey,commuter,baseline,0.0,17,1,1985,96.94,13.895,17.493,27.258,35.934,100,253,2.584,0.5683,0.411,0.8025
BAS01439,chip_mong_to_stung_meanchey,long_haul,baseline,0.0,16,0,1974,34.08,13.818,29.991,46.259,56.014,38,547,3.74501,0.0904,0.4218,0.8082
BAS01440,chip_mong_to_stung_meanchey,delivery_rider,baseline,0.0,17,1,1985,53.24,13.895,24.261,37.05,49.606,103,617,4.31991,0.329,0.416,0.8057
BAS01441,chip_mong_to_stung_meanchey,commuter,baseline,0.0,18,1,1985,102.15,13.895,17.378,27.355,35.697,99,252,2.48346,0.5953,0.4173,0.8008
BAS01442,chip_mong_to_stung_meanchey,commuter,baseline,0.0,13,0,1974,93.09,13.818,19.159,32.179,39.661,97,301,3.52109,0.5844,0.4201,0.8128
BAS01443,chip_mong_to_stung_meanchey,commuter,baseline,0.0,9,1,1985,103.04,13.895,17.335,27.406,34.954,110,256,2.67652,0.5988,0.414,0.8179
BAS01444,chip_mong_to_stung_meanchey,long_haul,baseline,0.0,10,0,1974,37.47,13.818,29.805,46.202,57.205,60,608,5.43642,0.1804,0.4215,0.8154
BAS01445,chip_mong_to_stung_meanchey,delivery_rider,baseline,0.0,17,1,1985,57.8,13.895,24.105,37.108,50.109,118,626,4.2683,0.3894,0.4159,0.8078
BAS01446,chip_mong_to_stung_meanchey,commuter,baseline,0.0,19,1,1985,97.86,13.895,17.459,27.342,35.042,102,237,2.34612,0.5749,0.413,0.7965
BAS01447,chip_mong_to_stung_meanchey,long_haul,baseline,0.0,18,1,1985,38.8,13.895,27.207,39.349,50.303,31,483,3.24904,0.1472,0.4154,0.8096
BAS01448,chip_mong_to_stung_meanchey,delivery_rider,baseline,0.0,13,0,1974,56.87,13.818,26.526,42.539,57.426,161,723,6.26285,0.4192,0.4236,0.8062
BAS01449,chip_mong_to_stung_meanchey,long_haul,baseline,0.0,13,0,1974,34.65,13.818,29.996,46.058,55.826,45,624,3.92789,0.1095,0.4236,0.8032
BAS01450,chip_mong_to_stung_meanchey,commuter,baseline,0.0,16,0,1974,99.12,13.818,18.755,31.764,40.497,129,340,4.08143,0.6104,0.4244,0.7986
BAS01451,central_market_to_airport,commuter,baseline,0.0,7,1,1318,69.33,9.226,16.862,22.181,24.834,106,205,1.57858,0.6115,0.3214,0.4996
BAS01452,central_market_to_airport,commuter,baseline,0.0,7,1,1318,68.42,9.226,16.862,22.207,25.199,107,205,1.54668,0.6026,0.3267,0.5
BAS01453,central_market_to_airport,commuter,baseline,0.0,19,1,1318,62.21,9.226,17.343,22.153,25.539,87,161,1.41096,0.5528,0.3239,0.4996
BAS01454,central_market_to_airport,commuter,baseline,0.0,18,1,1318,69.26,9.226,16.744,22.023,25.957,121,231,1.61113,0.6102,0.3242,0.4989
BAS01455,central_market_to_airport,commuter,baseline,0.0,17,1,1318,73.93,9.226,16.584,22.028,25.188,117,226,1.55483,0.6388,0.3214,0.4998
BAS01456,central_market_to_airport,commuter,baseline,0.0,10,0,1318,66.41,9.226,15.835,20.846,23.729,87,181,1.24594,0.5623,0.327,0.4999
BAS01457,central_market_to_airport,delivery_rider,baseline,0.0,8,1,1318,37.43,9.226,23.635,29.907,35.208,67,450,3.04945,0.3718,0.3264,0.4999
BAS01458,central_market_to_airport,long_haul,baseline,0.0,7,1,1318,25.06,9.226,26.584,31.337,35.875,10,302,1.91438,0.1187,0.3238,0.4997
BAS01459,central_market_to_airport,commuter,baseline,0.0,11,0,1318,72.36,9.226,15.696,20.649,23.996,98,195,1.28657,0.6,0.3196,0.4997
BAS01460,central_market_to_airport,commuter,baseline,0.0,6,0,1318,66.8,9.226,17.596,22.859,26.614,106,208,1.69302,0.6029,0.3204,0.4999
BAS01461,central_market_to_airport,commuter,baseline,0.0,7,1,1318,69.55,9.226,16.843,22.122,25.283,105,213,1.56061,0.6082,0.3228,0.4998
BAS01462,central_market_to_airport,delivery_rider,baseline,0.0,13,0,1318,40.36,9.226,21.971,28.126,35.479,62,371,2.46303,0.377,0.3217,0.4999
BAS01463,central_market_to_airport,long_haul,baseline,0.0,7,1,1318,26.11,9.226,26.427,31.367,34.936,19,337,2.28123,0.1551,0.3232,0.4998
BAS01464,central_market_to_airport,delivery_rider,baseline,0.0,18,1,1318,39.35,9.226,23.458,29.765,36.596,67,461,2.82176,0.4121,0.3225,0.4999
BAS01465,central_market_to_airport,commuter,baseline,0.0,11,0,1318,73.74,9.226,15.565,20.776,23.233,102,198,1.31033,0.6116,0.3226,0.4998
BAS01466,central_market_to_airport,commuter,baseline,0.0,17,1,1318,72.3,9.226,16.71,22.063,24.886,112,219,1.52497,0.626,0.3192,0.5
BAS01467,central_market_to_airport,long_haul,baseline,0.0,18,1,1318,26.12,9.226,26.366,31.305,34.822,20,317,2.22269,0.1494,0.3234,0.4995
BAS01468,central_market_to_airport,delivery_rider,baseline,0.0,10,0,1318,41.84,9.226,21.937,27.915,35.853,65,354,2.51391,0.405,0.3252,0.5
BAS01469,central_market_to_airport,delivery_rider,baseline,0.0,14,0,1318,43.86,9.226,21.599,27.968,35.056,70,394,2.50108,0.4339,0.3212,0.4999
BAS01470,central_market_to_airport,delivery_rider,baseline,0.0,14,0,1318,40.56,9.226,21.874,28.321,35.484,65,377,2.59221,0.3745,0.3223,0.4999
BAS01471,central_market_to_airport,delivery_rider,baseline,0.0,16,0,1318,36.7,9.226,22.099,28.231,34.465,59,397,2.37076,0.3034,0.3228,0.4998
BAS01472,central_market_to_airport,delivery_rider,baseline,0.0,21,0,1318,39.27,9.226,24.32,30.905,36.933,76,494,3.13273,0.4266,0.324,0.4994
BAS01473,central_market_to_airport,commuter,baseline,0.0,7,1,1318,68.02,9.226,16.899,22.165,24.219,120,232,1.6169,0.5962,0.3228,0.4996
BAS01474,central_market_to_airport,delivery_rider,baseline,0.0,13,0,1318,41.61,9.226,21.989,28.185,33.398,56,363,2.40352,0.4007,0.3227,0.4995
BAS01475,central_market_to_airport,delivery_rider,baseline,0.0,17,1,1318,35.24,9.226,23.605,29.72,37.232,62,433,2.92344,0.3359,0.3258,0.499
BAS01476,central_market_to_airport,delivery_rider,baseline,0.0,21,0,1318,39.81,9.226,24.322,30.921,37.267,79,471,3.24555,0.4299,0.3236,0.5
BAS01477,central_market_to_airport,delivery_rider,baseline,0.0,8,1,1318,34.55,9.226,23.727,30.009,38.002,65,460,2.984,0.3212,0.3201,0.4999
BAS01478,central_market_to_airport,commuter,baseline,0.0,17,1,1318,67.22,9.226,16.984,22.081,25.14,108,203,1.55,0.5903,0.3204,0.5
BAS01479,central_market_to_airport,commuter,baseline,0.0,10,0,1318,70.97,9.226,15.653,20.676,23.6,110,226,1.34411,0.5973,0.3247,0.4999
BAS01480,central_market_to_airport,commuter,baseline,0.0,9,1,1318,62.09,9.226,17.12,22.183,24.739,94,176,1.49466,0.5458,0.3225,0.4999
BAS01481,central_market_to_airport,commuter,baseline,0.0,17,1,1318,66.58,9.226,16.879,22.194,25.49,114,220,1.58863,0.5882,0.3211,0.4992
BAS01482,central_market_to_airport,delivery_rider,baseline,0.0,7,1,1318,38.05,9.226,23.427,29.949,35.694,67,430,3.0199,0.3975,0.324,0.4994
BAS01483,central_market_to_airport,long_haul,baseline,0.0,17,1,1318,25.42,9.226,26.471,31.227,35.231,12,300,2.11392,0.1266,0.3262,0.4995
BAS01484,central_market_to_airport,delivery_rider,baseline,0.0,18,1,1318,36.01,9.226,23.651,30.002,35.356,58,437,2.83437,0.3427,0.3231,0.4995
BAS01485,central_market_to_airport,long_haul,baseline,0.0,21,0,1318,23.74,9.226,27.476,32.347,37.963,14,328,2.29004,0.1026,0.326,0.4996
BAS01486,central_market_to_airport,delivery_rider,baseline,0.0,7,1,1318,37.49,9.226,23.838,30.059,36.693,63,453,2.86648,0.3757,0.3259,0.4996
BAS01487,central_market_to_airport,long_haul,baseline,0.0,5,0,1318,25.08,9.226,27.43,32.374,36.597,17,325,2.229,0.1407,0.3217,0.5
BAS01488,central_market_to_airport,delivery_rider,baseline,0.0,19,1,1318,38.41,9.226,23.334,29.711,39.786,66,429,2.87323,0.3893,0.3244,0.4996
BAS01489,central_market_to_airport,commuter,baseline,0.0,19,1,1318,69.57,9.226,17.006,22.201,25.109,116,225,1.63522,0.613,0.324,0.5
BAS01490,central_market_to_airport,commuter,baseline,0.0,5,0,1318,60.79,9.226,17.674,22.823,26.395,107,212,1.67313,0.5625,0.3237,0.4996
BAS01491,central_market_to_airport,delivery_rider,baseline,0.0,7,1,1318,39.87,9.226,23.4,29.709,36.686,69,439,3.01813,0.4147,0.3199,0.4999
BAS01492,central_market_to_airport,delivery_rider,baseline,0.0,7,1,1318,38.74,9.226,23.499,29.963,36.937,80,494,3.05545,0.4055,0.3247,0.5
BAS01493,central_market_to_airport,commuter,baseline,0.0,12,0,1318,67.4,9.226,16.002,20.74,23.435,78,167,1.2307,0.5627,0.3224,0.4991
BAS01494,central_market_to_airport,delivery_rider,baseline,0.0,13,0,1318,41.33,9.226,21.924,28.404,34.982,68,403,2.65028,0.3962,0.3199,0.4994
BAS01495,central_market_to_airport,commuter,baseline,0.0,21,0,1318,65.38,9.226,17.412,22.793,25.495,108,213,1.68622,0.5982,0.325,0.5
BAS01496,central_market_to_airport,long_haul,baseline,0.0,7,1,1318,25.64,9.226,26.444,31.199,36.034,16,302,2.05635,0.1424,0.321,0.4999
BAS01497,central_market_to_airport,commuter,baseline,0.0,18,1,1318,66.36,9.226,17.105,22.102,25.398,97,192,1.54317,0.5894,0.3212,0.4998
BAS01498,central_market_to_airport,commuter,baseline,0.0,19,1,1318,66.71,9.226,17.056,22.258,25.92,101,196,1.54429,0.5871,0.3208,0.4999
BAS01499,central_market_to_airport,commuter,baseline,0.0,8,1,1318,67.83,9.226,16.82,22.144,25.381,116,222,1.64545,0.6073,0.3187,0.4998
BAS01500,central_market_to_airport,commuter,baseline,0.0,18,1,1318,63.76,9.226,17.036,22.096,26.122,109,212,1.54266,0.5696,0.3227,0.4999
