trip_id,route_name,ping_seq,timestamp,GPS_Lat,GPS_Lon,speed_kmh,acceleration_m_s2,jerk_m_s3,vibration_intensity,dt_s
T0001,independence_to_aeon_mall,0,2026-04-21T08:00:00.000,11.56105,104.92813,9.06,0.0,0.0,0.0934,2.7815
T0001,independence_to_aeon_mall,1,2026-04-21T08:00:02.781,11.5610783,104.9281933,7.043,-0.15659,-0.04376,0.1766,3.5781
T0001,independence_to_aeon_mall,2,2026-04-21T08:00:06.359,11.5611067,104.9282567,9.729,0.288,0.17164,0.1559,2.5903
T0001,independence_to_aeon_mall,3,2026-04-21T08:00:08.949,11.561135,104.92832,10.014,0.03148,-0.10194,0.0686,2.5165
T0001,independence_to_aeon_mall,4,2026-04-21T08:00:11.466,11.5611633,104.9283833,5.676,-0.27139,-0.06822,0.1116,4.4395
T0001,independence_to_aeon_mall,5,2026-04-21T08:00:15.905,11.5611917,104.9284467,6.65,0.07134,0.09044,0.0881,3.7897
T0001,independence_to_aeon_mall,6,2026-04-21T08:00:19.695,11.56122,104.92851,8.795,0.20795,0.04767,0.1659,2.8654
T0001,independence_to_aeon_mall,7,2026-04-21T08:00:22.560,11.56126,104.92859,8.129,-0.05968,-0.08633,0.2048,3.1002
T0001,independence_to_aeon_mall,8,2026-04-21T08:00:25.661,11.5612875,104.9286488,8.578,0.04247,0.03477,0.1614,2.9379
T0001,independence_to_aeon_mall,9,2026-04-21T08:00:28.598,11.561315,104.9287075,7.323,-0.10126,-0.04177,0.2419,3.4411
T0001,independence_to_aeon_mall,10,2026-04-21T08:00:32.040,11.5613425,104.9287662,9.922,0.28421,0.15177,0.1499,2.5398
T0001,independence_to_aeon_mall,11,2026-04-21T08:00:34.579,11.56137,104.928825,9.77,-0.01641,-0.11655,0.213,2.5794
T0001,independence_to_aeon_mall,12,2026-04-21T08:00:37.159,11.5613975,104.9288838,8.702,-0.10241,-0.0297,0.1222,2.8959
T0001,independence_to_aeon_mall,13,2026-04-21T08:00:40.055,11.561425,104.9289425,10.294,0.18062,0.11561,0.2219,2.4481
T0001,independence_to_aeon_mall,14,2026-04-21T08:00:42.503,11.5614525,104.9290012,9.304,-0.10149,-0.10416,0.1906,2.7085
T0001,independence_to_aeon_mall,15,2026-04-21T08:00:45.211,11.56148,104.92906,7.314,-0.16045,-0.01711,0.2351,3.4455
T0001,independence_to_aeon_mall,16,2026-04-21T08:00:48.657,11.56148,104.92906,13.574,0.93659,0.59091,0.0725,1.8565
T0001,independence_to_aeon_mall,17,2026-04-21T08:00:50.513,11.5615414,104.9290336,11.582,-0.25425,-0.54732,0.116,2.1757
T0001,independence_to_aeon_mall,18,2026-04-21T08:00:52.689,11.5616029,104.9290071,14.338,0.43558,0.3925,0.2261,1.7575
T0001,independence_to_aeon_mall,19,2026-04-21T08:00:54.447,11.5616643,104.9289807,12.946,-0.19872,-0.32585,0.1716,1.9466
T0001,independence_to_aeon_mall,20,2026-04-21T08:00:56.393,11.5617257,104.9289543,12.743,-0.02843,0.08611,0.2022,1.9775
T0001,independence_to_aeon_mall,21,2026-04-21T08:00:58.371,11.5617871,104.9289279,11.999,-0.09842,-0.03333,0.1471,2.1001
T0001,independence_to_aeon_mall,22,2026-04-21T08:01:00.471,11.5618486,104.9289014,14.854,0.46751,0.33359,0.2195,1.6965
T0001,independence_to_aeon_mall,23,2026-04-21T08:01:02.167,11.56191,104.928875,12.789,-0.29119,-0.38503,0.2047,1.9705
T0001,independence_to_aeon_mall,24,2026-04-21T08:01:04.138,11.5619714,104.9288486,12.378,-0.05604,0.1155,0.1184,2.0359
T0001,independence_to_aeon_mall,25,2026-04-21T08:01:06.174,11.5620329,104.9288221,12.492,0.01574,0.03558,0.0832,2.0172
T0001,independence_to_aeon_mall,26,2026-04-21T08:01:08.191,11.5620943,104.9287957,13.819,0.20209,0.10219,0.1517,1.8236
T0001,independence_to_aeon_mall,27,2026-04-21T08:01:10.014,11.5621557,104.9287693,13.569,-0.03744,-0.12897,0.2295,1.8572
T0001,independence_to_aeon_mall,28,2026-04-21T08:01:11.872,11.5622171,104.9287429,13.64,0.01066,0.02603,0.1615,1.8476
T0001,independence_to_aeon_mall,29,2026-04-21T08:01:13.719,11.5622786,104.9287164,13.667,0.00409,-0.00357,0.1556,1.8439
T0001,independence_to_aeon_mall,30,2026-04-21T08:01:15.563,11.56234,104.92869,16.233,0.45919,0.29316,0.1649,1.5524
T0001,independence_to_aeon_mall,31,2026-04-21T08:01:17.116,11.562399,104.928665,12.411,-0.52288,-0.48367,0.1572,2.0305
T0001,independence_to_aeon_mall,32,2026-04-21T08:01:19.146,11.562458,104.92864,12.252,-0.02144,0.2438,0.1296,2.0568
T0001,independence_to_aeon_mall,33,2026-04-21T08:01:21.203,11.562517,104.928615,11.8,-0.05883,-0.01751,0.0813,2.1356
T0001,independence_to_aeon_mall,34,2026-04-21T08:01:23.338,11.562576,104.92859,13.945,0.32965,0.21497,0.1579,1.8072
T0001,independence_to_aeon_mall,35,2026-04-21T08:01:25.146,11.562635,104.928565,14.714,0.1248,-0.11961,0.2262,1.7127
T0001,independence_to_aeon_mall,36,2026-04-21T08:01:26.858,11.562694,104.92854,12.85,-0.26407,-0.19829,0.0689,1.9611
T0001,independence_to_aeon_mall,37,2026-04-21T08:01:28.819,11.562753,104.928515,11.76,-0.14121,0.05734,0.2158,2.1428
T0001,independence_to_aeon_mall,38,2026-04-21T08:01:30.962,11.562812,104.92849,11.784,0.00305,0.06746,0.0703,2.1385
T0001,independence_to_aeon_mall,39,2026-04-21T08:01:33.101,11.562871,104.928465,13.996,0.34137,0.1879,0.1456,1.8005
T0001,independence_to_aeon_mall,40,2026-04-21T08:01:34.901,11.56293,104.92844,14.135,0.02166,-0.17933,0.1061,1.7828
T0001,independence_to_aeon_mall,41,2026-04-21T08:01:36.684,11.5629881,104.9284148,13.835,-0.04577,-0.03702,0.1572,1.8214
T0001,independence_to_aeon_mall,42,2026-04-21T08:01:38.505,11.5630462,104.9283895,12.022,-0.24026,-0.09278,0.1521,2.0961
T0001,independence_to_aeon_mall,43,2026-04-21T08:01:40.601,11.5631043,104.9283643,13.369,0.19843,0.23273,0.072,1.885
T0001,independence_to_aeon_mall,44,2026-04-21T08:01:42.486,11.5631624,104.928339,13.196,-0.02519,-0.11709,0.1074,1.9097
T0001,independence_to_aeon_mall,45,2026-04-21T08:01:44.396,11.5632205,104.9283138,13.349,0.02251,0.02527,0.2287,1.8878
T0001,independence_to_aeon_mall,46,2026-04-21T08:01:46.284,11.5632786,104.9282886,14.328,0.15463,0.07512,0.2302,1.7588
T0001,independence_to_aeon_mall,47,2026-04-21T08:01:48.043,11.5633367,104.9282633,13.356,-0.14306,-0.15778,0.2242,1.8868
T0001,independence_to_aeon_mall,48,2026-04-21T08:01:49.930,11.5633948,104.9282381,14.039,0.10569,0.13858,0.0962,1.795
T0001,independence_to_aeon_mall,49,2026-04-21T08:01:51.725,11.5634529,104.9282129,13.122,-0.13264,-0.1241,0.1231,1.9205
T0001,independence_to_aeon_mall,50,2026-04-21T08:01:53.645,11.563511,104.9281876,13.454,0.04928,0.09713,0.2067,1.873
T0001,independence_to_aeon_mall,51,2026-04-21T08:01:55.518,11.563569,104.9281624,13.967,0.07902,0.01648,0.1523,1.8042
T0001,independence_to_aeon_mall,52,2026-04-21T08:01:57.322,11.5636271,104.9281371,10.835,-0.37414,-0.19484,0.096,2.3258
T0001,independence_to_aeon_mall,53,2026-04-21T08:01:59.648,11.5636852,104.9281119,12.541,0.23587,0.30358,0.2102,2.0094
T0001,independence_to_aeon_mall,54,2026-04-21T08:02:01.658,11.5637433,104.9280867,12.315,-0.03069,-0.13026,0.2042,2.0463
T0001,independence_to_aeon_mall,55,2026-04-21T08:02:03.704,11.5638014,104.9280614,12.062,-0.03361,-0.0014,0.1301,2.0892
T0001,independence_to_aeon_mall,56,2026-04-21T08:02:05.793,11.5638595,104.9280362,12.608,0.07583,0.05475,0.1998,1.9988
T0001,independence_to_aeon_mall,57,2026-04-21T08:02:07.792,11.5639176,104.928011,15.263,0.4467,0.22463,0.082,1.6511
T0001,independence_to_aeon_mall,58,2026-04-21T08:02:09.443,11.5639757,104.9279857,11.722,-0.45755,-0.42061,0.0707,2.1498
T0001,independence_to_aeon_mall,59,2026-04-21T08:02:11.593,11.5640338,104.9279605,14.473,0.43891,0.51485,0.0711,1.7412
T0001,independence_to_aeon_mall,60,2026-04-21T08:02:13.334,11.5640919,104.9279352,10.496,-0.4601,-0.37445,0.208,2.4009
T0001,independence_to_aeon_mall,61,2026-04-21T08:02:15.735,11.56415,104.92791,12.518,0.27901,0.36716,0.141,2.0131
T0001,independence_to_aeon_mall,62,2026-04-21T08:02:17.748,11.56421,104.9278831,13.265,0.10914,-0.08941,0.1139,1.8998
T0001,independence_to_aeon_mall,63,2026-04-21T08:02:19.648,11.56427,104.9278562,13.9,0.09732,-0.00652,0.2418,1.813
T0001,independence_to_aeon_mall,64,2026-04-21T08:02:21.461,11.56433,104.9278292,14.087,0.02912,-0.03813,0.1766,1.7888
T0001,independence_to_aeon_mall,65,2026-04-21T08:02:23.249,11.56439,104.9278023,14.211,0.0193,-0.00554,0.0942,1.7733
T0001,independence_to_aeon_mall,66,2026-04-21T08:02:25.023,11.56445,104.9277754,12.497,-0.236,-0.12661,0.2398,2.0164
T0001,independence_to_aeon_mall,67,2026-04-21T08:02:27.039,11.56451,104.9277485,12.327,-0.02316,0.10411,0.203,2.0443
T0001,independence_to_aeon_mall,68,2026-04-21T08:02:29.083,11.56457,104.9277215,14.308,0.31234,0.19048,0.1456,1.7613
T0001,independence_to_aeon_mall,69,2026-04-21T08:02:30.845,11.56463,104.9276946,12.734,-0.22092,-0.26946,0.1538,1.979
T0001,independence_to_aeon_mall,70,2026-04-21T08:02:32.824,11.56469,104.9276677,11.107,-0.19914,0.0096,0.0764,2.2688
T0001,independence_to_aeon_mall,71,2026-04-21T08:02:35.093,11.56475,104.9276408,11.321,0.02665,0.10144,0.2579,2.226
T0001,independence_to_aeon_mall,72,2026-04-21T08:02:37.319,11.56481,104.9276138,11.641,0.04116,0.0067,0.2453,2.1647
T0001,independence_to_aeon_mall,73,2026-04-21T08:02:39.483,11.56487,104.9275869,13.766,0.32245,0.15366,0.1436,1.8306
T0001,independence_to_aeon_mall,74,2026-04-21T08:02:41.314,11.56493,104.92756,13.234,-0.07762,-0.2101,0.1147,1.9042
T0001,independence_to_aeon_mall,75,2026-04-21T08:02:43.218,11.5649917,104.9275367,14.056,0.12738,0.11435,0.077,1.7928
T0001,independence_to_aeon_mall,76,2026-04-21T08:02:45.011,11.5650533,104.9275133,12.38,-0.22879,-0.17497,0.1217,2.0356
T0001,independence_to_aeon_mall,77,2026-04-21T08:02:47.046,11.565115,104.92749,13.258,0.12842,0.18794,0.1473,1.9007
T0001,independence_to_aeon_mall,78,2026-04-21T08:02:48.947,11.5651767,104.9274667,13.959,0.1078,-0.01142,0.1614,1.8053
T0001,independence_to_aeon_mall,79,2026-04-21T08:02:50.752,11.5652383,104.9274433,12.557,-0.19411,-0.15043,0.2535,2.0069
T0001,independence_to_aeon_mall,80,2026-04-21T08:02:52.759,11.5653,104.92742,13.706,0.17362,0.2,0.1725,1.8387
T0001,independence_to_aeon_mall,81,2026-04-21T08:02:54.598,11.565375,104.927385,12.028,-0.22248,-0.18905,0.0877,2.0952
T0001,independence_to_aeon_mall,82,2026-04-21T08:02:56.693,11.56545,104.92735,12.476,0.06165,0.14067,0.1076,2.0199
T0001,independence_to_aeon_mall,83,2026-04-21T08:02:58.713,11.56553,104.92729,12.448,-0.00385,-0.03235,0.1112,2.0244
T0001,independence_to_aeon_mall,84,2026-04-21T08:03:00.737,11.565593,104.927266,11.227,-0.15112,-0.06561,0.1745,2.2446
T0001,independence_to_aeon_mall,85,2026-04-21T08:03:02.982,11.565656,104.927242,13.751,0.38261,0.29124,0.233,1.8326
T0001,independence_to_aeon_mall,86,2026-04-21T08:03:04.815,11.565719,104.927218,12.316,-0.19476,-0.28219,0.2197,2.046
T0001,independence_to_aeon_mall,87,2026-04-21T08:03:06.861,11.565782,104.927194,13.039,0.1039,0.15453,0.1773,1.9326
T0001,independence_to_aeon_mall,88,2026-04-21T08:03:08.793,11.565845,104.92717,13.742,0.10639,0.00136,0.2448,1.8338
T0001,independence_to_aeon_mall,89,2026-04-21T08:03:10.627,11.565908,104.927146,13.69,-0.00775,-0.06201,0.0763,1.8407
T0001,independence_to_aeon_mall,90,2026-04-21T08:03:12.468,11.565971,104.927122,14.019,0.05073,0.03253,0.0716,1.7976
T0001,independence_to_aeon_mall,91,2026-04-21T08:03:14.266,11.566034,104.927098,12.873,-0.16259,-0.10897,0.1798,1.9576
T0001,independence_to_aeon_mall,92,2026-04-21T08:03:16.223,11.566097,104.927074,12.386,-0.06652,0.04722,0.2194,2.0346
T0001,independence_to_aeon_mall,93,2026-04-21T08:03:18.258,11.56616,104.92705,12.901,0.07329,0.07157,0.2118,1.9533
T0001,independence_to_aeon_mall,94,2026-04-21T08:03:20.211,11.5662186,104.9270243,10.49,-0.27882,-0.14657,0.1607,2.4024
T0001,independence_to_aeon_mall,95,2026-04-21T08:03:22.613,11.5662771,104.9269986,10.85,0.04309,0.1386,0.1515,2.3226
T0001,independence_to_aeon_mall,96,2026-04-21T08:03:24.936,11.5663357,104.9269729,11.036,0.0227,-0.00893,0.122,2.2833
T0001,independence_to_aeon_mall,97,2026-04-21T08:03:27.219,11.5663943,104.9269471,11.525,0.06202,0.01798,0.1912,2.1866
T0001,independence_to_aeon_mall,98,2026-04-21T08:03:29.406,11.5664529,104.9269214,13.62,0.31461,0.13652,0.037,1.8502
T0001,independence_to_aeon_mall,99,2026-04-21T08:03:31.256,11.5665114,104.9268957,11.662,-0.25169,-0.26208,0.224,2.1608
T0001,independence_to_aeon_mall,100,2026-04-21T08:03:33.417,11.56657,104.92687,12.453,0.10858,0.17804,0.1951,2.0236
T0001,independence_to_aeon_mall,101,2026-04-21T08:03:35.441,11.56668,104.92682,14.969,0.41517,0.18212,0.2664,1.6834
T0001,independence_to_aeon_mall,102,2026-04-21T08:03:37.124,11.5667395,104.9267955,12.486,-0.34178,-0.37505,0.1961,2.0182
T0001,independence_to_aeon_mall,103,2026-04-21T08:03:39.142,11.5667991,104.9267709,14.127,0.25548,0.33482,0.1739,1.7838
T0001,independence_to_aeon_mall,104,2026-04-21T08:03:40.926,11.5668586,104.9267464,11.62,-0.32108,-0.26586,0.1537,2.1687
T0001,independence_to_aeon_mall,105,2026-04-21T08:03:43.095,11.5669182,104.9267218,12.712,0.15306,0.23918,0.133,1.9823
T0001,independence_to_aeon_mall,106,2026-04-21T08:03:45.077,11.5669777,104.9266973,11.596,-0.14276,-0.13611,0.1123,2.1733
T0001,independence_to_aeon_mall,107,2026-04-21T08:03:47.250,11.5670373,104.9266727,12.512,0.1264,0.13364,0.1381,2.0141
T0001,independence_to_aeon_mall,108,2026-04-21T08:03:49.264,11.5670968,104.9266482,14.281,0.27848,0.08618,0.0784,1.7646
T0001,independence_to_aeon_mall,109,2026-04-21T08:03:51.029,11.5671564,104.9266236,10.43,-0.44278,-0.29851,0.1924,2.4162
T0001,independence_to_aeon_mall,110,2026-04-21T08:03:53.445,11.5672159,104.9265991,13.672,0.48869,0.50536,0.0354,1.8432
T0001,independence_to_aeon_mall,111,2026-04-21T08:03:55.288,11.5672755,104.9265745,13.377,-0.0435,-0.28251,0.0821,1.8838
T0001,independence_to_aeon_mall,112,2026-04-21T08:03:57.172,11.567335,104.92655,12.129,-0.16684,-0.05936,0.2065,2.0776
T0001,independence_to_aeon_mall,113,2026-04-21T08:03:59.250,11.5673945,104.9265255,10.851,-0.15285,0.00602,0.1844,2.3223
T0001,independence_to_aeon_mall,114,2026-04-21T08:04:01.572,11.5674541,104.9265009,13.129,0.32956,0.25133,0.1,1.9195
T0001,independence_to_aeon_mall,115,2026-04-21T08:04:03.492,11.5675136,104.9264764,12.226,-0.12162,-0.2189,0.1118,2.0611
T0001,independence_to_aeon_mall,116,2026-04-21T08:04:05.553,11.5675732,104.9264518,13.37,0.16848,0.15391,0.2382,1.8849
T0001,independence_to_aeon_mall,117,2026-04-21T08:04:07.438,11.5676327,104.9264273,13.053,-0.0455,-0.11084,0.1268,1.9305
T0001,independence_to_aeon_mall,118,2026-04-21T08:04:09.368,11.5676923,104.9264027,15.423,0.4029,0.27444,0.2079,1.6339
T0001,independence_to_aeon_mall,119,2026-04-21T08:04:11.002,11.5677518,104.9263782,12.662,-0.38544,-0.3961,0.101,1.9903
T0001,independence_to_aeon_mall,120,2026-04-21T08:04:12.992,11.5678114,104.9263536,11.485,-0.14891,0.1078,0.1319,2.1941
T0001,independence_to_aeon_mall,121,2026-04-21T08:04:15.186,11.5678709,104.9263291,13.289,0.26429,0.2179,0.1224,1.8962
T0001,independence_to_aeon_mall,122,2026-04-21T08:04:17.083,11.5679305,104.9263045,13.351,0.00899,-0.13525,0.0467,1.8876
T0001,independence_to_aeon_mall,123,2026-04-21T08:04:18.970,11.56799,104.92628,15.059,0.28365,0.16414,0.2398,1.6734
T0001,independence_to_aeon_mall,124,2026-04-21T08:04:20.644,11.5680511,104.9262567,14.273,-0.12368,-0.23071,0.1509,1.7655
T0001,independence_to_aeon_mall,125,2026-04-21T08:04:22.409,11.5681122,104.9262333,13.556,-0.10719,0.00887,0.2065,1.859
T0001,independence_to_aeon_mall,126,2026-04-21T08:04:24.268,11.5681733,104.92621,15.215,0.27835,0.23279,0.1694,1.6562
T0001,independence_to_aeon_mall,127,2026-04-21T08:04:25.924,11.5682344,104.9261867,11.237,-0.49276,-0.34386,0.165,2.2425
T0001,independence_to_aeon_mall,128,2026-04-21T08:04:28.167,11.5682956,104.9261633,12.061,0.10948,0.28824,0.0908,2.0894
T0001,independence_to_aeon_mall,129,2026-04-21T08:04:30.256,11.5683567,104.92614,11.631,-0.05516,-0.07599,0.2204,2.1667
T0001,independence_to_aeon_mall,130,2026-04-21T08:04:32.423,11.5684178,104.9261167,12.436,0.11037,0.08169,0.227,2.0264
T0001,independence_to_aeon_mall,131,2026-04-21T08:04:34.449,11.5684789,104.9260933,10.956,-0.17877,-0.1257,0.2046,2.3002
T0001,independence_to_aeon_mall,132,2026-04-21T08:04:36.750,11.56854,104.92607,13.973,0.46481,0.35686,0.1255,1.8034
T0001,independence_to_aeon_mall,133,2026-04-21T08:04:38.553,11.5686033,104.9260475,12.687,-0.17986,-0.32457,0.1003,1.9863
T0001,independence_to_aeon_mall,134,2026-04-21T08:04:40.539,11.5686667,104.926025,10.814,-0.22326,-0.01863,0.1096,2.3302
T0001,independence_to_aeon_mall,135,2026-04-21T08:04:42.869,11.56873,104.9260025,11.497,0.08654,0.14134,0.1649,2.1918
T0001,independence_to_aeon_mall,136,2026-04-21T08:04:45.061,11.5687933,104.92598,13.491,0.29647,0.11239,0.0869,1.8679
T0001,independence_to_aeon_mall,137,2026-04-21T08:04:46.929,11.5688567,104.9259575,14.278,0.12385,-0.0978,0.2124,1.765
T0001,independence_to_aeon_mall,138,2026-04-21T08:04:48.694,11.56892,104.925935,16.016,0.30681,0.11628,0.0354,1.5735
T0001,independence_to_aeon_mall,139,2026-04-21T08:04:50.268,11.5689833,104.9259125,17.391,0.26373,-0.02973,0.2312,1.449
T0001,independence_to_aeon_mall,140,2026-04-21T08:04:51.717,11.5690467,104.92589,13.642,-0.56379,-0.44798,0.0747,1.8472
T0001,independence_to_aeon_mall,141,2026-04-21T08:04:53.564,11.56911,104.9258675,11.536,-0.2678,0.1355,0.0697,2.1844
T0001,independence_to_aeon_mall,142,2026-04-21T08:04:55.748,11.5691733,104.925845,9.822,-0.18555,0.03206,0.236,2.5655
T0001,independence_to_aeon_mall,143,2026-04-21T08:04:58.314,11.5692367,104.9258225,13.422,0.53257,0.38249,0.1006,1.8775
T0001,independence_to_aeon_mall,144,2026-04-21T08:05:00.191,11.5693,104.9258,11.801,-0.21086,-0.34815,0.1651,2.1354
T0001,independence_to_aeon_mall,145,2026-04-21T08:05:02.327,11.56936,104.92578,12.398,0.0815,0.14383,0.2498,2.0327
T0001,independence_to_aeon_mall,146,2026-04-21T08:05:04.359,11.56942,104.92576,12.102,-0.03937,-0.05805,0.0841,2.0822
T0001,independence_to_aeon_mall,147,2026-04-21T08:05:06.442,11.56948,104.92574,12.809,0.09982,0.07075,0.1058,1.9673
T0001,independence_to_aeon_mall,148,2026-04-21T08:05:08.409,11.56954,104.92572,14.62,0.29171,0.11132,0.1617,1.7237
T0001,independence_to_aeon_mall,149,2026-04-21T08:05:10.133,11.5696,104.9257,13.256,-0.19922,-0.25825,0.2263,1.901
T0001,independence_to_aeon_mall,150,2026-04-21T08:05:12.034,11.56966,104.92568,12.783,-0.06672,0.06721,0.1258,1.9714
T0001,independence_to_aeon_mall,151,2026-04-21T08:05:14.005,11.56972,104.92566,11.467,-0.16628,-0.04531,0.1621,2.1976
T0001,independence_to_aeon_mall,152,2026-04-21T08:05:16.203,11.56978,104.92564,10.509,-0.11103,0.02304,0.1707,2.3981
T0001,independence_to_aeon_mall,153,2026-04-21T08:05:18.601,11.56984,104.92562,12.291,0.24151,0.17195,0.2489,2.0503
T0001,independence_to_aeon_mall,154,2026-04-21T08:05:20.651,11.5699,104.9256,12.94,0.09254,-0.07649,0.0765,1.9475
T0001,independence_to_aeon_mall,155,2026-04-21T08:05:22.599,11.56996,104.92558,15.672,0.47207,0.23604,0.264,1.6079
T0001,independence_to_aeon_mall,156,2026-04-21T08:05:24.206,11.57003,104.9255567,13.216,-0.35786,-0.43525,0.1515,1.9068
T0001,independence_to_aeon_mall,157,2026-04-21T08:05:26.113,11.5701,104.9255333,14.495,0.2043,0.32334,0.0681,1.7386
T0001,independence_to_aeon_mall,158,2026-04-21T08:05:27.852,11.57017,104.92551,12.272,-0.30071,-0.24592,0.1312,2.0535
T0001,independence_to_aeon_mall,159,2026-04-21T08:05:29.905,11.570235,104.92549,11.243,-0.12746,0.0773,0.2045,2.2414
T0001,independence_to_aeon_mall,160,2026-04-21T08:05:32.147,11.5703,104.92547,11.573,0.04206,0.07785,0.1459,2.1775
T0001,independence_to_aeon_mall,161,2026-04-21T08:05:34.324,11.570365,104.92545,11.933,0.04733,0.00249,0.1957,2.1118
T0001,independence_to_aeon_mall,162,2026-04-21T08:05:36.436,11.57043,104.92543,16.213,0.76501,0.46174,0.1446,1.5543
T0001,independence_to_aeon_mall,163,2026-04-21T08:05:37.990,11.5704975,104.9254075,11.788,-0.57497,-0.62684,0.08,2.1377
T0001,independence_to_aeon_mall,164,2026-04-21T08:05:40.128,11.570565,104.925385,14.278,0.39187,0.54781,0.0638,1.7649
T0001,independence_to_aeon_mall,165,2026-04-21T08:05:41.893,11.5706325,104.9253625,11.666,-0.33591,-0.33692,0.1419,2.1601
T0001,independence_to_aeon_mall,166,2026-04-21T08:05:44.053,11.5707,104.92534,14.418,0.43733,0.4424,0.0606,1.7478
T0001,independence_to_aeon_mall,167,2026-04-21T08:05:45.801,11.5707633,104.9253193,13.598,-0.1229,-0.3023,0.1337,1.8532
T0001,independence_to_aeon_mall,168,2026-04-21T08:05:47.654,11.5708267,104.9252987,12.786,-0.11449,0.00427,0.0529,1.971
T0001,independence_to_aeon_mall,169,2026-04-21T08:05:49.625,11.57089,104.925278,12.959,0.02483,0.07165,0.2131,1.9445
T0001,independence_to_aeon_mall,170,2026-04-21T08:05:51.570,11.5709533,104.9252573,12.038,-0.12222,-0.07025,0.0479,2.0933
T0001,independence_to_aeon_mall,171,2026-04-21T08:05:53.663,11.5710167,104.9252367,13.69,0.24918,0.20176,0.2107,1.8408
T0001,independence_to_aeon_mall,172,2026-04-21T08:05:55.504,11.57108,104.925216,12.338,-0.18382,-0.212,0.2346,2.0425
T0001,independence_to_aeon_mall,173,2026-04-21T08:05:57.546,11.5711433,104.9251953,11.182,-0.14248,0.01834,0.1482,2.2536
T0001,independence_to_aeon_mall,174,2026-04-21T08:05:59.800,11.5712067,104.9251747,11.104,-0.00961,0.05855,0.102,2.2695
T0001,independence_to_aeon_mall,175,2026-04-21T08:06:02.069,11.57127,104.925154,13.279,0.31849,0.17289,0.1509,1.8977
T0001,independence_to_aeon_mall,176,2026-04-21T08:06:03.967,11.5713333,104.9251333,15.389,0.35789,0.02406,0.1081,1.6375
T0001,independence_to_aeon_mall,177,2026-04-21T08:06:05.604,11.5713967,104.9251127,13.261,-0.31114,-0.35205,0.0857,1.9004
T0001,independence_to_aeon_mall,178,2026-04-21T08:06:07.505,11.57146,104.925092,12.843,-0.05917,0.12842,0.2106,1.9622
T0001,independence_to_aeon_mall,179,2026-04-21T08:06:09.467,11.5715233,104.9250713,13.449,0.08994,0.07958,0.0614,1.8737
T0001,independence_to_aeon_mall,180,2026-04-21T08:06:11.341,11.5715867,104.9250507,14.98,0.25267,0.09673,0.1005,1.6823
T0001,independence_to_aeon_mall,181,2026-04-21T08:06:13.023,11.57165,104.92503,13.35,-0.23985,-0.26091,0.1441,1.8877
T0001,independence_to_aeon_mall,182,2026-04-21T08:06:14.911,11.5717125,104.9250069,12.404,-0.12927,0.05443,0.069,2.0316
T0001,independence_to_aeon_mall,183,2026-04-21T08:06:16.942,11.571775,104.9249838,14.68,0.36827,0.28984,0.1414,1.7166
T0001,independence_to_aeon_mall,184,2026-04-21T08:06:18.659,11.5718375,104.9249606,13.664,-0.15307,-0.28267,0.2471,1.8443
T0001,independence_to_aeon_mall,185,2026-04-21T08:06:20.503,11.5719,104.9249375,15.324,0.28049,0.26365,0.2033,1.6445
T0001,independence_to_aeon_mall,186,2026-04-21T08:06:22.148,11.5719625,104.9249144,13.295,-0.29733,-0.30485,0.0887,1.8954
T0001,independence_to_aeon_mall,187,2026-04-21T08:06:24.043,11.572025,104.9248913,11.184,-0.26031,0.01643,0.0852,2.2533
T0001,independence_to_aeon_mall,188,2026-04-21T08:06:26.296,11.5720875,104.9248681,10.968,-0.02606,0.10196,0.1504,2.2975
T0001,independence_to_aeon_mall,189,2026-04-21T08:06:28.594,11.57215,104.924845,15.497,0.77359,0.49175,0.2427,1.6261
T0001,independence_to_aeon_mall,190,2026-04-21T08:06:30.220,11.5722125,104.9248219,15.606,0.01877,-0.46745,0.0499,1.6148
T0001,independence_to_aeon_mall,191,2026-04-21T08:06:31.835,11.572275,104.9247988,12.751,-0.40126,-0.21253,0.1417,1.9763
T0001,independence_to_aeon_mall,192,2026-04-21T08:06:33.811,11.5723375,104.9247756,12.446,-0.04191,0.17747,0.0871,2.0248
T0001,independence_to_aeon_mall,193,2026-04-21T08:06:35.836,11.5724,104.9247525,15.213,0.46399,0.3054,0.1776,1.6565
T0001,independence_to_aeon_mall,194,2026-04-21T08:06:37.492,11.5724625,104.9247294,11.36,-0.48244,-0.42664,0.1645,2.2183
T0001,independence_to_aeon_mall,195,2026-04-21T08:06:39.711,11.572525,104.9247062,11.678,0.041,0.24258,0.1104,2.1578
T0001,independence_to_aeon_mall,196,2026-04-21T08:06:41.869,11.5725875,104.9246831,13.986,0.35566,0.17463,0.1258,1.8019
T0001,independence_to_aeon_mall,197,2026-04-21T08:06:43.670,11.57265,104.92466,12.429,-0.21329,-0.28061,0.1948,2.0276
T0001,independence_to_aeon_mall,198,2026-04-21T08:06:45.698,11.5727143,104.9246514,13.013,0.0838,0.15342,0.0296,1.9365
T0001,independence_to_aeon_mall,199,2026-04-21T08:06:47.634,11.5727786,104.9246429,12.775,-0.03344,-0.05944,0.2344,1.9725
T0001,independence_to_aeon_mall,200,2026-04-21T08:06:49.607,11.5728429,104.9246343,13.527,0.11206,0.0781,0.0823,1.863
T0001,independence_to_aeon_mall,201,2026-04-21T08:06:51.470,11.5729071,104.9246257,15.132,0.26768,0.09345,0.1591,1.6654
T0001,independence_to_aeon_mall,202,2026-04-21T08:06:53.135,11.5729714,104.9246171,13.156,-0.28647,-0.28931,0.2484,1.9154
T0001,independence_to_aeon_mall,203,2026-04-21T08:06:55.051,11.5730357,104.9246086,13.986,0.12797,0.23002,0.1224,1.8017
T0001,independence_to_aeon_mall,204,2026-04-21T08:06:56.853,11.5731,104.9246,9.945,-0.44302,-0.22534,0.0752,2.5339
T0001,independence_to_aeon_mall,205,2026-04-21T08:06:59.386,11.573165,104.9245925,12.947,0.42847,0.44776,0.0769,1.9463
T0001,independence_to_aeon_mall,206,2026-04-21T08:07:01.333,11.57323,104.924585,11.756,-0.15443,-0.27192,0.0841,2.1436
T0001,independence_to_aeon_mall,207,2026-04-21T08:07:03.476,11.573295,104.9245775,11.192,-0.0695,0.03772,0.0837,2.2515
T0001,independence_to_aeon_mall,208,2026-04-21T08:07:05.728,11.57336,104.92457,11.703,0.06592,0.06289,0.2119,2.1532
T0001,independence_to_aeon_mall,209,2026-04-21T08:07:07.881,11.57339,104.92457,12.519,0.11261,0.0232,0.109,2.0129
T0001,independence_to_aeon_mall,210,2026-04-21T08:07:09.894,11.5734533,104.92456,14.394,0.29751,0.10561,0.1259,1.7507
T0001,independence_to_aeon_mall,211,2026-04-21T08:07:11.645,11.5735167,104.92455,11.031,-0.40897,-0.30925,0.1648,2.2845
T0001,independence_to_aeon_mall,212,2026-04-21T08:07:13.929,11.57358,104.92454,13.066,0.29318,0.36407,0.217,1.9286
T0001,independence_to_aeon_mall,213,2026-04-21T08:07:15.858,11.5736433,104.92453,12.294,-0.10465,-0.19409,0.0493,2.0497
T0001,independence_to_aeon_mall,214,2026-04-21T08:07:17.908,11.5737067,104.92452,12.529,0.03242,0.06815,0.0393,2.0113
T0001,independence_to_aeon_mall,215,2026-04-21T08:07:19.919,11.57377,104.92451,14.525,0.31951,0.16547,0.0943,1.735
T0001,independence_to_aeon_mall,216,2026-04-21T08:07:21.654,11.5738333,104.9245,13.828,-0.10623,-0.23361,0.2202,1.8224
T0001,independence_to_aeon_mall,217,2026-04-21T08:07:23.476,11.5738967,104.92449,15.027,0.19859,0.18176,0.167,1.677
T0001,independence_to_aeon_mall,218,2026-04-21T08:07:25.153,11.57396,104.92448,12.789,-0.31547,-0.26088,0.0667,1.9705
T0001,independence_to_aeon_mall,219,2026-04-21T08:07:27.124,11.57396,104.92448,11.112,-0.20535,0.04856,0.1061,2.2677
T0001,independence_to_aeon_mall,220,2026-04-21T08:07:29.392,11.57395,104.9244131,11.82,0.09227,0.1396,0.1739,2.1319
T0001,independence_to_aeon_mall,221,2026-04-21T08:07:31.523,11.57394,104.9243462,12.52,0.09654,0.00212,0.0672,2.0128
T0001,independence_to_aeon_mall,222,2026-04-21T08:07:33.536,11.57393,104.9242794,12.421,-0.01354,-0.05426,0.151,2.0288
T0001,independence_to_aeon_mall,223,2026-04-21T08:07:35.565,11.57392,104.9242125,10.53,-0.21954,-0.08607,0.1176,2.3932
T0001,independence_to_aeon_mall,224,2026-04-21T08:07:37.958,11.57391,104.9241456,12.292,0.23878,0.22356,0.0842,2.0501
T0001,independence_to_aeon_mall,225,2026-04-21T08:07:40.008,11.5739,104.9240788,12.499,0.02846,-0.10431,0.1119,2.0162
T0001,independence_to_aeon_mall,226,2026-04-21T08:07:42.025,11.57389,104.9240119,15.932,0.60306,0.36329,0.2082,1.5817
T0001,independence_to_aeon_mall,227,2026-04-21T08:07:43.606,11.57388,104.923945,14.972,-0.15858,-0.4525,0.1138,1.6832
T0001,independence_to_aeon_mall,228,2026-04-21T08:07:45.289,11.57387,104.9238781,10.876,-0.49096,-0.14346,0.1373,2.3169
T0001,independence_to_aeon_mall,229,2026-04-21T08:07:47.606,11.57386,104.9238112,11.725,0.1097,0.27948,0.2082,2.1492
T0001,independence_to_aeon_mall,230,2026-04-21T08:07:49.756,11.57385,104.9237444,9.961,-0.1937,-0.11993,0.1049,2.5298
T0001,independence_to_aeon_mall,231,2026-04-21T08:07:52.285,11.57384,104.9236775,11.27,0.16263,0.15936,0.163,2.236
T0001,independence_to_aeon_mall,232,2026-04-21T08:07:54.521,11.57383,104.9236106,12.63,0.18926,0.01335,0.1469,1.9953
T0001,independence_to_aeon_mall,233,2026-04-21T08:07:56.517,11.57382,104.9235438,13.965,0.20556,0.00903,0.1515,1.8045
T0001,independence_to_aeon_mall,234,2026-04-21T08:07:58.321,11.57381,104.9234769,11.063,-0.35393,-0.24561,0.1186,2.2779
T0001,independence_to_aeon_mall,235,2026-04-21T08:08:00.599,11.5738,104.92341,11.175,0.01385,0.16309,0.0617,2.255
T0001,independence_to_aeon_mall,236,2026-04-21T08:08:02.854,11.5737867,104.9233367,8.935,-0.2206,-0.08313,0.1961,2.8203
T0001,independence_to_aeon_mall,237,2026-04-21T08:08:05.674,11.5737733,104.9232633,11.912,0.3909,0.28906,0.0862,2.1155
T0001,independence_to_aeon_mall,238,2026-04-21T08:08:07.790,11.57376,104.92319,10.563,-0.15714,-0.22971,0.1994,2.3858
T0001,independence_to_aeon_mall,239,2026-04-21T08:08:10.176,11.5737515,104.9231246,11.362,0.10013,0.116,0.2253,2.2179
T0001,independence_to_aeon_mall,240,2026-04-21T08:08:12.394,11.5737431,104.9230592,10.841,-0.06227,-0.06986,0.1784,2.3245
T0001,independence_to_aeon_mall,241,2026-04-21T08:08:14.718,11.5737346,104.9229938,12.015,0.15547,0.10382,0.0823,2.0974
T0001,independence_to_aeon_mall,242,2026-04-21T08:08:16.816,11.5737262,104.9229285,9.52,-0.26183,-0.15764,0.1341,2.6472
T0001,independence_to_aeon_mall,243,2026-04-21T08:08:19.463,11.5737177,104.9228631,9.956,0.04785,0.12235,0.1661,2.5312
T0001,independence_to_aeon_mall,244,2026-04-21T08:08:21.994,11.5737092,104.9227977,15.35,0.91276,0.52684,0.082,1.6417
T0001,independence_to_aeon_mall,245,2026-04-21T08:08:23.636,11.5737008,104.9227323,10.225,-0.57764,-0.60474,0.1593,2.4645
T0001,independence_to_aeon_mall,246,2026-04-21T08:08:26.100,11.5736923,104.9226669,10.511,0.03313,0.25476,0.1661,2.3975
T0001,independence_to_aeon_mall,247,2026-04-21T08:08:28.498,11.5736838,104.9226015,14.912,0.72332,0.4084,0.1612,1.69
T0001,independence_to_aeon_mall,248,2026-04-21T08:08:30.188,11.5736754,104.9225362,16.514,0.29166,-0.28287,0.0549,1.526
T0001,independence_to_aeon_mall,249,2026-04-21T08:08:31.714,11.5736669,104.9224708,10.399,-0.70093,-0.4096,0.1158,2.4233
T0001,independence_to_aeon_mall,250,2026-04-21T08:08:34.137,11.5736585,104.9224054,11.604,0.15413,0.39373,0.137,2.1717
T0001,independence_to_aeon_mall,251,2026-04-21T08:08:36.309,11.57365,104.92234,12.669,0.14868,-0.00274,0.0975,1.9892
T0001,independence_to_aeon_mall,252,2026-04-21T08:08:38.298,11.57364,104.922265,14.749,0.33828,0.11097,0.173,1.7086
T0001,independence_to_aeon_mall,253,2026-04-21T08:08:40.006,11.57363,104.92219,10.676,-0.47935,-0.34639,0.17,2.3604
T0001,independence_to_aeon_mall,254,2026-04-21T08:08:42.367,11.57362,104.9221225,11.788,0.14454,0.29185,0.2328,2.1377
T0001,independence_to_aeon_mall,255,2026-04-21T08:08:44.504,11.57361,104.922055,13.322,0.22526,0.04267,0.073,1.8916
T0001,independence_to_aeon_mall,256,2026-04-21T08:08:46.396,11.5736,104.9219875,12.808,-0.07255,-0.15137,0.1944,1.9675
T0001,independence_to_aeon_mall,257,2026-04-21T08:08:48.363,11.57359,104.92192,11.592,-0.15543,-0.03812,0.2235,2.1739
T0001,independence_to_aeon_mall,258,2026-04-21T08:08:50.537,11.57358,104.9218525,11.956,0.0479,0.09647,0.1257,2.1078
T0001,independence_to_aeon_mall,259,2026-04-21T08:08:52.645,11.57357,104.921785,10.094,-0.20713,-0.10215,0.1899,2.4966
T0001,independence_to_aeon_mall,260,2026-04-21T08:08:55.142,11.57356,104.9217175,11.799,0.22176,0.20081,0.1188,2.1358
T0001,independence_to_aeon_mall,261,2026-04-21T08:08:57.278,11.57355,104.92165,11.757,-0.00548,-0.10602,0.0857,2.1435
T0001,independence_to_aeon_mall,262,2026-04-21T08:08:59.421,11.57354,104.9215813,12.505,0.10308,0.05387,0.2236,2.0153
T0001,independence_to_aeon_mall,263,2026-04-21T08:09:01.436,11.57353,104.9215125,11.323,-0.14744,-0.11257,0.1383,2.2255
T0001,independence_to_aeon_mall,264,2026-04-21T08:09:03.662,11.57352,104.9214437,12.864,0.21841,0.18675,0.0604,1.959
T0001,independence_to_aeon_mall,265,2026-04-21T08:09:05.621,11.57351,104.921375,13.675,0.12237,-0.05212,0.1606,1.8427
T0001,independence_to_aeon_mall,266,2026-04-21T08:09:07.464,11.5735,104.9213063,12.389,-0.17562,-0.1465,0.0743,2.034
T0001,independence_to_aeon_mall,267,2026-04-21T08:09:09.498,11.57349,104.9212375,12.684,0.04117,0.10912,0.1019,1.9868
T0001,independence_to_aeon_mall,268,2026-04-21T08:09:11.484,11.57348,104.9211687,12.236,-0.06041,-0.04933,0.0725,2.0595
T0001,independence_to_aeon_mall,269,2026-04-21T08:09:13.544,11.57347,104.9211,12.156,-0.01067,0.024,0.1306,2.073
T0001,independence_to_aeon_mall,270,2026-04-21T08:09:15.617,11.5734614,104.9210357,11.074,-0.13213,-0.05338,0.0891,2.2756
T0001,independence_to_aeon_mall,271,2026-04-21T08:09:17.892,11.5734529,104.9209714,12.631,0.21679,0.17489,0.1027,1.9951
T0001,independence_to_aeon_mall,272,2026-04-21T08:09:19.887,11.5734443,104.9209071,12.01,-0.08217,-0.14249,0.2435,2.0982
T0001,independence_to_aeon_mall,273,2026-04-21T08:09:21.986,11.5734357,104.9208429,15.296,0.55399,0.38614,0.2397,1.6475
T0001,independence_to_aeon_mall,274,2026-04-21T08:09:23.633,11.5734271,104.9207786,14.516,-0.12476,-0.39099,0.076,1.736
T0001,independence_to_aeon_mall,275,2026-04-21T08:09:25.369,11.5734186,104.9207143,12.735,-0.25005,-0.06331,0.2211,1.9788
T0001,independence_to_aeon_mall,276,2026-04-21T08:09:27.348,11.57341,104.92065,11.012,-0.20918,0.01786,0.1422,2.2885
T0001,independence_to_aeon_mall,277,2026-04-21T08:09:29.636,11.5734,104.9205833,10.488,-0.06058,0.06184,0.0493,2.4028
T0001,independence_to_aeon_mall,278,2026-04-21T08:09:32.039,11.57339,104.9205167,13.943,0.53106,0.32735,0.2834,1.8074
T0001,independence_to_aeon_mall,279,2026-04-21T08:09:33.847,11.57338,104.92045,12.55,-0.19265,-0.36043,0.0471,2.0079
T0001,independence_to_aeon_mall,280,2026-04-21T08:09:35.855,11.5733708,104.9203825,12.876,0.04628,0.12209,0.1087,1.9571
T0001,independence_to_aeon_mall,281,2026-04-21T08:09:37.812,11.5733617,104.920315,9.539,-0.3509,-0.15035,0.0675,2.6417
T0001,independence_to_aeon_mall,282,2026-04-21T08:09:40.453,11.5733525,104.9202475,13.547,0.59853,0.51041,0.2228,1.8601
T0001,independence_to_aeon_mall,283,2026-04-21T08:09:42.313,11.5733433,104.92018,12.838,-0.10041,-0.35607,0.2239,1.9629
T0001,independence_to_aeon_mall,284,2026-04-21T08:09:44.276,11.5733342,104.9201125,10.491,-0.27143,-0.0712,0.1494,2.4021
T0001,independence_to_aeon_mall,285,2026-04-21T08:09:46.678,11.573325,104.920045,11.449,0.12095,0.17827,0.1597,2.2011
T0001,independence_to_aeon_mall,286,2026-04-21T08:09:48.880,11.5733158,104.9199775,12.552,0.15259,0.01576,0.1527,2.0077
T0001,independence_to_aeon_mall,287,2026-04-21T08:09:50.887,11.5733067,104.91991,12.235,-0.04274,-0.09483,0.2567,2.0597
T0001,independence_to_aeon_mall,288,2026-04-21T08:09:52.947,11.5732975,104.9198425,11.718,-0.06677,-0.01118,0.0935,2.1505
T0001,independence_to_aeon_mall,289,2026-04-21T08:09:55.097,11.5732883,104.919775,12.001,0.03744,0.04963,0.2628,2.0998
T0001,independence_to_aeon_mall,290,2026-04-21T08:09:57.197,11.5732792,104.9197075,11.778,-0.02892,-0.03102,0.2379,2.1395
T0001,independence_to_aeon_mall,291,2026-04-21T08:09:59.337,11.57327,104.91964,12.385,0.08284,0.05493,0.2284,2.0347
T0001,independence_to_aeon_mall,292,2026-04-21T08:10:01.371,11.57326,104.9196,14.363,0.31323,0.13132,0.1944,1.7544
T0001,independence_to_aeon_mall,293,2026-04-21T08:10:03.126,11.57325,104.9195311,8.306,-0.5546,-0.28605,0.0809,3.0339
T0001,independence_to_aeon_mall,294,2026-04-21T08:10:06.160,11.57324,104.9194622,11.801,0.4546,0.4726,0.1618,2.1354
T0001,independence_to_aeon_mall,295,2026-04-21T08:10:08.295,11.57323,104.9193933,12.421,0.08489,-0.18223,0.2519,2.0288
T0001,independence_to_aeon_mall,296,2026-04-21T08:10:10.324,11.57322,104.9193244,12.6,0.02489,-0.03,0.148,2.0
T0001,independence_to_aeon_mall,297,2026-04-21T08:10:12.324,11.57321,104.9192556,11.598,-0.12809,-0.07041,0.1388,2.1727
T0001,independence_to_aeon_mall,298,2026-04-21T08:10:14.497,11.5732,104.9191867,9.521,-0.21801,-0.03397,0.1237,2.6467
T0001,independence_to_aeon_mall,299,2026-04-21T08:10:17.143,11.57319,104.9191178,12.648,0.43598,0.32824,0.0517,1.9924
T0001,independence_to_aeon_mall,300,2026-04-21T08:10:19.136,11.57318,104.9190489,14.747,0.34121,-0.05546,0.1922,1.7088
T0001,independence_to_aeon_mall,301,2026-04-21T08:10:20.845,11.57317,104.91898,9.855,-0.53143,-0.34128,0.2583,2.557
T0001,independence_to_aeon_mall,302,2026-04-21T08:10:23.402,11.57316,104.918915,13.452,0.5333,0.56836,0.064,1.8733
T0001,independence_to_aeon_mall,303,2026-04-21T08:10:25.275,11.57315,104.91885,11.663,-0.22994,-0.35325,0.1191,2.1606
T0001,independence_to_aeon_mall,304,2026-04-21T08:10:27.435,11.5731414,104.9187814,12.064,0.0533,0.1356,0.091,2.0888
T0001,independence_to_aeon_mall,305,2026-04-21T08:10:29.524,11.5731329,104.9187129,10.577,-0.17341,-0.09515,0.2161,2.3825
T0001,independence_to_aeon_mall,306,2026-04-21T08:10:31.907,11.5731243,104.9186443,11.655,0.13844,0.14423,0.0924,2.1622
T0001,independence_to_aeon_mall,307,2026-04-21T08:10:34.069,11.5731157,104.9185757,14.106,0.38123,0.13591,0.0733,1.7864
T0001,independence_to_aeon_mall,308,2026-04-21T08:10:35.856,11.5731071,104.9185071,13.03,-0.15456,-0.27704,0.0994,1.934
T0001,independence_to_aeon_mall,309,2026-04-21T08:10:37.789,11.5730986,104.9184386,14.755,0.28047,0.25471,0.2423,1.7079
T0001,independence_to_aeon_mall,310,2026-04-21T08:10:39.497,11.57309,104.91837,13.922,-0.12774,-0.22552,0.1829,1.81
T0001,independence_to_aeon_mall,311,2026-04-21T08:10:41.307,11.5730825,104.918305,12.815,-0.15644,-0.0146,0.2436,1.9665
T0001,independence_to_aeon_mall,312,2026-04-21T08:10:43.274,11.573075,104.91824,14.772,0.31871,0.27853,0.2417,1.7059
T0001,independence_to_aeon_mall,313,2026-04-21T08:10:44.980,11.5730675,104.918175,12.815,-0.2765,-0.30267,0.1068,1.9665
T0001,independence_to_aeon_mall,314,2026-04-21T08:10:46.946,11.57306,104.91811,13.398,0.08617,0.19282,0.1101,1.8808
T0001,independence_to_aeon_mall,315,2026-04-21T08:10:48.827,11.57305,104.91799,11.711,-0.21776,-0.14125,0.2396,2.1518
T0001,independence_to_aeon_mall,316,2026-04-21T08:10:50.979,11.573037,104.917921,12.256,0.07358,0.1417,0.201,2.0561
T0001,independence_to_aeon_mall,317,2026-04-21T08:10:53.035,11.573024,104.917852,11.11,-0.14034,-0.09431,0.1076,2.2682
T0001,independence_to_aeon_mall,318,2026-04-21T08:10:55.303,11.573011,104.917783,13.641,0.38049,0.28192,0.167,1.8474
T0001,independence_to_aeon_mall,319,2026-04-21T08:10:57.151,11.572998,104.917714,10.389,-0.37238,-0.31037,0.1508,2.4257
T0001,independence_to_aeon_mall,320,2026-04-21T08:10:59.576,11.572985,104.917645,13.33,0.43213,0.42555,0.2056,1.8905
T0001,independence_to_aeon_mall,321,2026-04-21T08:11:01.467,11.572972,104.917576,11.87,-0.19097,-0.29351,0.2234,2.1229
T0001,independence_to_aeon_mall,322,2026-04-21T08:11:03.590,11.572959,104.917507,13.913,0.3133,0.27841,0.0469,1.8112
T0001,independence_to_aeon_mall,323,2026-04-21T08:11:05.401,11.572946,104.917438,13.283,-0.09232,-0.2138,0.1527,1.8972
T0001,independence_to_aeon_mall,324,2026-04-21T08:11:07.298,11.572933,104.917369,14.887,0.26333,0.2101,0.093,1.6927
T0001,independence_to_aeon_mall,325,2026-04-21T08:11:08.991,11.57292,104.9173,13.252,-0.23881,-0.26407,0.1641,1.9015
T0001,independence_to_aeon_mall,326,2026-04-21T08:11:10.893,11.57291,104.917235,9.798,-0.37307,-0.0522,0.1398,2.5719
T0001,independence_to_aeon_mall,327,2026-04-21T08:11:13.464,11.5729,104.91717,12.056,0.30002,0.32201,0.1902,2.0903
T0001,independence_to_aeon_mall,328,2026-04-21T08:11:15.555,11.57289,104.917105,10.398,-0.18999,-0.20219,0.1819,2.4235
T0001,independence_to_aeon_mall,329,2026-04-21T08:11:17.978,11.57288,104.91704,11.379,0.12299,0.14133,0.269,2.2146
T0001,independence_to_aeon_mall,330,2026-04-21T08:11:20.193,11.57288,104.91704,16.093,0.83623,0.45548,0.2205,1.5659
T0001,independence_to_aeon_mall,331,2026-04-21T08:11:21.759,11.57298,104.917,14.782,-0.21355,-0.6158,0.0697,1.7047
T0001,independence_to_aeon_mall,332,2026-04-21T08:11:23.463,11.57303,104.91698,12.778,-0.28236,-0.03489,0.1737,1.9722
T0001,independence_to_aeon_mall,333,2026-04-21T08:11:25.436,11.57303,104.91698,20.174,1.64477,1.54277,0.1339,1.2491
T0001,independence_to_aeon_mall,334,2026-04-21T08:11:26.685,11.5731,104.91692,21.744,0.37624,-1.09455,0.2226,1.159
T0001,independence_to_aeon_mall,335,2026-04-21T08:11:27.844,11.57313,104.91686,19.87,-0.41045,-0.62029,0.1249,1.2683
T0001,independence_to_aeon_mall,336,2026-04-21T08:11:29.112,11.57318,104.91676,20.688,0.18657,0.49012,0.1735,1.2181
T0001,independence_to_aeon_mall,337,2026-04-21T08:11:30.330,11.57322,104.91664,22.163,0.36027,0.15277,0.1311,1.1371
T0001,independence_to_aeon_mall,338,2026-04-21T08:11:31.467,11.57324,104.91656,23.428,0.32666,-0.03124,0.213,1.0757
T0001,independence_to_aeon_mall,339,2026-04-21T08:11:32.543,11.57326,104.91649,22.608,-0.2043,-0.47635,0.1769,1.1147
T0001,independence_to_aeon_mall,340,2026-04-21T08:11:33.657,11.57327,104.91642,18.258,-0.87546,-0.48626,0.0666,1.3802
T0001,independence_to_aeon_mall,341,2026-04-21T08:11:35.038,11.57327,104.91632,22.151,0.95067,1.6052,0.0931,1.1376
T0001,independence_to_aeon_mall,342,2026-04-21T08:11:36.175,11.573262,104.916248,21.803,-0.08375,-0.89497,0.1415,1.1558
T0001,independence_to_aeon_mall,343,2026-04-21T08:11:37.331,11.573254,104.916176,22.315,0.12614,0.18586,0.2265,1.1293
T0001,independence_to_aeon_mall,344,2026-04-21T08:11:38.460,11.573246,104.916104,24.119,0.47947,0.33818,0.0503,1.0448
T0001,independence_to_aeon_mall,345,2026-04-21T08:11:39.505,11.573238,104.916032,18.6,-1.13156,-1.18908,0.1065,1.3549
T0001,independence_to_aeon_mall,346,2026-04-21T08:11:40.860,11.57323,104.91596,20.808,0.50648,1.35255,0.1167,1.2111
T0001,independence_to_aeon_mall,347,2026-04-21T08:11:42.071,11.57323,104.91595,22.581,0.44132,-0.05839,0.2315,1.116
T0001,independence_to_aeon_mall,348,2026-04-21T08:11:43.187,11.5732233,104.9158817,19.322,-0.69407,-0.87056,0.1795,1.3042
T0001,independence_to_aeon_mall,349,2026-04-21T08:11:44.491,11.5732167,104.9158133,23.908,1.20868,1.80524,0.1009,1.054
T0001,independence_to_aeon_mall,350,2026-04-21T08:11:45.545,11.57321,104.915745,22.247,-0.40742,-1.42673,0.0822,1.1327
T0001,independence_to_aeon_mall,351,2026-04-21T08:11:46.678,11.5732033,104.9156767,22.964,0.18158,0.53675,0.1113,1.0973
T0001,independence_to_aeon_mall,352,2026-04-21T08:11:47.776,11.5731967,104.9156083,20.838,-0.4884,-0.55402,0.144,1.2093
T0001,independence_to_aeon_mall,353,2026-04-21T08:11:48.985,11.57319,104.91554,22.915,0.52465,0.9212,0.0474,1.0997
T0001,independence_to_aeon_mall,354,2026-04-21T08:11:50.085,11.573184,104.915476,23.297,0.09812,-0.39433,0.1892,1.0817
T0001,independence_to_aeon_mall,355,2026-04-21T08:11:51.166,11.573178,104.915412,22.044,-0.30456,-0.35224,0.1953,1.1432
T0001,independence_to_aeon_mall,356,2026-04-21T08:11:52.309,11.573172,104.915348,22.046,0.00056,0.26693,0.2047,1.1431
T0001,independence_to_aeon_mall,357,2026-04-21T08:11:53.452,11.573166,104.915284,22.1,0.01313,0.01103,0.1271,1.1403
T0001,independence_to_aeon_mall,358,2026-04-21T08:11:54.593,11.57316,104.91522,20.4,-0.38239,-0.32018,0.151,1.2353
T0001,independence_to_aeon_mall,359,2026-04-21T08:11:55.828,11.573155,104.915135,21.473,0.25415,0.5424,0.0975,1.1736
T0001,independence_to_aeon_mall,360,2026-04-21T08:11:57.002,11.57315,104.91505,21.466,-0.00177,-0.218,0.1148,1.174
T0001,independence_to_aeon_mall,361,2026-04-21T08:11:58.176,11.5731433,104.9149783,22.27,0.19733,0.17595,0.0844,1.1316
T0001,independence_to_aeon_mall,362,2026-04-21T08:11:59.307,11.5731367,104.9149067,23.194,0.2364,0.03596,0.0806,1.0865
T0001,independence_to_aeon_mall,363,2026-04-21T08:12:00.394,11.57313,104.914835,20.107,-0.68431,-0.73462,0.1004,1.2533
T0001,independence_to_aeon_mall,364,2026-04-21T08:12:01.647,11.5731233,104.9147633,21.507,0.33197,0.86734,0.2557,1.1717
T0001,independence_to_aeon_mall,365,2026-04-21T08:12:02.819,11.5731167,104.9146917,23.917,0.63527,0.28786,0.1496,1.0537
T0001,independence_to_aeon_mall,366,2026-04-21T08:12:03.872,11.57311,104.91462,20.579,-0.7571,-1.13706,0.2085,1.2245
T0001,independence_to_aeon_mall,367,2026-04-21T08:12:05.097,11.57312,104.91456,20.461,-0.02661,0.59312,0.2251,1.2316
T0001,independence_to_aeon_mall,368,2026-04-21T08:12:06.328,11.57314,104.91451,21.998,0.37266,0.34854,0.2245,1.1456
T0001,independence_to_aeon_mall,369,2026-04-21T08:12:07.474,11.57315,104.91448,22.961,0.24376,-0.11744,0.0637,1.0975
T0001,independence_to_aeon_mall,370,2026-04-21T08:12:08.571,11.57317,104.91443,21.712,-0.29902,-0.46765,0.1547,1.1607
T0001,independence_to_aeon_mall,371,2026-04-21T08:12:09.732,11.57321,104.91438,23.688,0.51603,0.76615,0.1361,1.0638
T0001,independence_to_aeon_mall,372,2026-04-21T08:12:10.796,11.57325,104.91433,22.98,-0.1794,-0.63417,0.143,1.0966
T0001,independence_to_aeon_mall,373,2026-04-21T08:12:11.893,11.573305,104.91426,22.957,-0.00568,0.15826,0.0573,1.0977
T0001,independence_to_aeon_mall,374,2026-04-21T08:12:12.990,11.57336,104.91419,22.526,-0.10716,-0.0907,0.1833,1.1187
T0001,independence_to_aeon_mall,375,2026-04-21T08:12:14.109,11.573395,104.914135,25.186,0.73856,0.84525,0.2717,1.0006
T0001,independence_to_aeon_mall,376,2026-04-21T08:12:15.110,11.57343,104.91408,21.387,-0.89565,-1.38693,0.2406,1.1783
T0001,independence_to_aeon_mall,377,2026-04-21T08:12:16.288,11.57346,104.91402,18.689,-0.55572,0.2521,0.1288,1.3484
T0001,independence_to_aeon_mall,378,2026-04-21T08:12:17.636,11.57347,104.91398,24.101,1.43768,1.90646,0.1677,1.0456
T0001,independence_to_aeon_mall,379,2026-04-21T08:12:18.682,11.57348,104.91393,21.008,-0.71623,-1.79561,0.1069,1.1995
T0001,independence_to_aeon_mall,380,2026-04-21T08:12:19.881,11.57348,104.91387,21.856,0.20439,0.79847,0.1152,1.153
T0001,independence_to_aeon_mall,381,2026-04-21T08:12:21.034,11.57348,104.91385,23.659,0.47008,0.24944,0.0782,1.0651
T0001,independence_to_aeon_mall,382,2026-04-21T08:12:22.099,11.573474,104.913782,19.291,-0.92877,-1.07085,0.2344,1.3063
T0001,independence_to_aeon_mall,383,2026-04-21T08:12:23.406,11.573468,104.913714,19.817,0.11488,0.82072,0.2074,1.2716
T0001,independence_to_aeon_mall,384,2026-04-21T08:12:24.677,11.573462,104.913646,19.293,-0.11153,-0.17334,0.1,1.3062
T0001,independence_to_aeon_mall,385,2026-04-21T08:12:25.984,11.573456,104.913578,20.503,0.27363,0.31338,0.2102,1.2291
T0001,independence_to_aeon_mall,386,2026-04-21T08:12:27.213,11.57345,104.91351,22.354,0.45601,0.16179,0.2348,1.1273
T0001,independence_to_aeon_mall,387,2026-04-21T08:12:28.340,11.573444,104.913442,22.481,0.03143,-0.37877,0.1683,1.121
T0001,independence_to_aeon_mall,388,2026-04-21T08:12:29.461,11.573438,104.913374,22.109,-0.09063,-0.10708,0.0875,1.1398
T0001,independence_to_aeon_mall,389,2026-04-21T08:12:30.601,11.573432,104.913306,19.575,-0.54669,-0.35427,0.2453,1.2873
T0001,independence_to_aeon_mall,390,2026-04-21T08:12:31.888,11.573426,104.913238,18.229,-0.27047,0.19981,0.1122,1.3824
T0001,independence_to_aeon_mall,391,2026-04-21T08:12:33.270,11.57342,104.91317,21.776,0.85133,0.96938,0.0973,1.1572
T0001,independence_to_aeon_mall,392,2026-04-21T08:12:34.428,11.573415,104.9131033,20.987,-0.18257,-0.86105,0.2042,1.2007
T0001,independence_to_aeon_mall,393,2026-04-21T08:12:35.628,11.57341,104.9130367,22.384,0.34462,0.46827,0.1981,1.1258
T0001,independence_to_aeon_mall,394,2026-04-21T08:12:36.754,11.573405,104.91297,22.747,0.09123,-0.22873,0.0663,1.1078
T0001,independence_to_aeon_mall,395,2026-04-21T08:12:37.862,11.5734,104.9129033,21.902,-0.20414,-0.25672,0.254,1.1506
T0001,independence_to_aeon_mall,396,2026-04-21T08:12:39.013,11.573395,104.9128367,22.835,0.2348,0.39774,0.0893,1.1036
T0001,independence_to_aeon_mall,397,2026-04-21T08:12:40.116,11.57339,104.91277,22.038,-0.19346,-0.37453,0.2014,1.1435
T0001,independence_to_aeon_mall,398,2026-04-21T08:12:41.260,11.573385,104.9127033,22.49,0.11187,0.2725,0.1047,1.1205
T0001,independence_to_aeon_mall,399,2026-04-21T08:12:42.380,11.57338,104.9126367,20.638,-0.42133,-0.43667,0.1385,1.2211
T0001,independence_to_aeon_mall,400,2026-04-21T08:12:43.601,11.573375,104.91257,21.425,0.186,0.51636,0.0823,1.1762
T0001,independence_to_aeon_mall,401,2026-04-21T08:12:44.777,11.57337,104.9125033,21.99,0.13685,-0.04289,0.1247,1.146
T0001,independence_to_aeon_mall,402,2026-04-21T08:12:45.923,11.573365,104.9124367,22.925,0.23644,0.0906,0.1675,1.0992
T0001,independence_to_aeon_mall,403,2026-04-21T08:12:47.023,11.57336,104.91237,21.104,-0.42371,-0.55284,0.2534,1.1941
T0001,independence_to_aeon_mall,404,2026-04-21T08:12:48.217,11.573355,104.912305,22.476,0.34001,0.68117,0.1342,1.1212
T0001,independence_to_aeon_mall,405,2026-04-21T08:12:49.338,11.57335,104.91224,21.296,-0.27712,-0.52151,0.0832,1.1833
T0001,independence_to_aeon_mall,406,2026-04-21T08:12:50.521,11.573345,104.912175,21.518,0.05276,0.28168,0.2179,1.1711
T0001,independence_to_aeon_mall,407,2026-04-21T08:12:51.692,11.57334,104.91211,22.939,0.3592,0.27894,0.1223,1.0986
T0001,independence_to_aeon_mall,408,2026-04-21T08:12:52.791,11.573335,104.912045,18.705,-0.87295,-0.91458,0.1074,1.3472
T0001,independence_to_aeon_mall,409,2026-04-21T08:12:54.138,11.57333,104.91198,19.75,0.22747,0.86243,0.1108,1.276
T0001,independence_to_aeon_mall,410,2026-04-21T08:12:55.414,11.573325,104.911915,19.471,-0.05979,-0.22196,0.2258,1.2942
T0001,independence_to_aeon_mall,411,2026-04-21T08:12:56.708,11.57332,104.91185,18.194,-0.25614,-0.14176,0.0994,1.3851
T0001,independence_to_aeon_mall,412,2026-04-21T08:12:58.093,11.57332,104.91185,21.081,0.67075,0.77537,0.1021,1.1954
T0001,independence_to_aeon_mall,413,2026-04-21T08:12:59.289,11.5734,104.911855,23.222,0.54819,-0.11294,0.2467,1.0852
T0001,independence_to_aeon_mall,414,2026-04-21T08:13:00.374,11.57348,104.91186,21.671,-0.37061,-0.79012,0.0683,1.1629
T0001,independence_to_aeon_mall,415,2026-04-21T08:13:01.537,11.5735517,104.911855,22.395,0.17873,0.48818,0.1184,1.1253
T0001,independence_to_aeon_mall,416,2026-04-21T08:13:02.662,11.5736233,104.91185,23.732,0.34979,0.1611,0.0831,1.0619
T0001,independence_to_aeon_mall,417,2026-04-21T08:13:03.724,11.573695,104.911845,24.09,0.09498,-0.24358,0.2242,1.0461
T0001,independence_to_aeon_mall,418,2026-04-21T08:13:04.770,11.5737667,104.91184,21.994,-0.50797,-0.52626,0.2505,1.1457
T0001,independence_to_aeon_mall,419,2026-04-21T08:13:05.916,11.5738383,104.911835,24.128,0.56759,1.02983,0.2435,1.0444
T0001,independence_to_aeon_mall,420,2026-04-21T08:13:06.960,11.57391,104.91183,22.236,-0.46379,-0.91009,0.0763,1.1333
T0001,independence_to_aeon_mall,421,2026-04-21T08:13:08.094,11.5739778,104.9118267,20.842,-0.32032,0.11866,0.0987,1.2091
T0001,independence_to_aeon_mall,422,2026-04-21T08:13:09.303,11.5740456,104.9118233,21.206,0.0852,0.34126,0.2017,1.1883
T0001,independence_to_aeon_mall,423,2026-04-21T08:13:10.491,11.5741133,104.91182,19.877,-0.29124,-0.29693,0.2224,1.2678
T0001,independence_to_aeon_mall,424,2026-04-21T08:13:11.759,11.5741811,104.9118167,20.766,0.2034,0.4076,0.2103,1.2135
T0001,independence_to_aeon_mall,425,2026-04-21T08:13:12.972,11.5742489,104.9118133,21.561,0.18899,-0.01233,0.2223,1.1688
T0001,independence_to_aeon_mall,426,2026-04-21T08:13:14.141,11.5743167,104.91181,23.303,0.44757,0.23913,0.2065,1.0814
T0001,independence_to_aeon_mall,427,2026-04-21T08:13:15.222,11.5743844,104.9118067,24.679,0.37426,-0.0718,0.193,1.0211
T0001,independence_to_aeon_mall,428,2026-04-21T08:13:16.244,11.5744522,104.9118033,20.025,-1.02738,-1.11379,0.0512,1.2584
T0001,independence_to_aeon_mall,429,2026-04-21T08:13:17.502,11.57452,104.9118,22.687,0.66584,1.52439,0.1488,1.1108
T0001,independence_to_aeon_mall,430,2026-04-21T08:13:18.613,11.5745888,104.9117912,20.537,-0.48673,-0.93931,0.1638,1.227
T0001,independence_to_aeon_mall,431,2026-04-21T08:13:19.840,11.5746575,104.9117825,22.81,0.57148,0.95785,0.1998,1.1048
T0001,independence_to_aeon_mall,432,2026-04-21T08:13:20.945,11.5747262,104.9117738,21.901,-0.21937,-0.68733,0.1074,1.1506
T0001,independence_to_aeon_mall,433,2026-04-21T08:13:22.095,11.574795,104.911765,19.352,-0.54389,-0.24921,0.182,1.3022
T0001,independence_to_aeon_mall,434,2026-04-21T08:13:23.397,11.5748638,104.9117562,23.491,1.07168,1.50597,0.0935,1.0728
T0001,independence_to_aeon_mall,435,2026-04-21T08:13:24.470,11.5749325,104.9117475,21.191,-0.53723,-1.35292,0.2534,1.1892
T0001,independence_to_aeon_mall,436,2026-04-21T08:13:25.659,11.5750012,104.9117388,21.297,0.02504,0.47518,0.2694,1.1833
T0001,independence_to_aeon_mall,437,2026-04-21T08:13:26.843,11.57507,104.91173,20.493,-0.18157,-0.16802,0.1189,1.2297
T0001,independence_to_aeon_mall,438,2026-04-21T08:13:28.072,11.5751367,104.9117233,21.117,0.14506,0.27371,0.1627,1.1934
T0001,independence_to_aeon_mall,439,2026-04-21T08:13:29.266,11.5752033,104.9117167,22.74,0.40689,0.23627,0.0721,1.1082
T0001,independence_to_aeon_mall,440,2026-04-21T08:13:30.374,11.57527,104.91171,21.814,-0.22259,-0.5449,0.2293,1.1552
T0001,independence_to_aeon_mall,441,2026-04-21T08:13:31.529,11.5753367,104.9117033,22.591,0.19345,0.37297,0.2062,1.1155
T0001,independence_to_aeon_mall,442,2026-04-21T08:13:32.644,11.5754033,104.9116967,22.641,0.01245,-0.16262,0.248,1.113
T0001,independence_to_aeon_mall,443,2026-04-21T08:13:33.758,11.57547,104.91169,24.079,0.38171,0.35283,0.1069,1.0466
T0001,independence_to_aeon_mall,444,2026-04-21T08:13:34.804,11.5755367,104.9116833,21.584,-0.59365,-0.83539,0.1322,1.1675
T0001,independence_to_aeon_mall,445,2026-04-21T08:13:35.972,11.5756033,104.9116767,19.883,-0.37283,0.17423,0.1708,1.2674
T0001,independence_to_aeon_mall,446,2026-04-21T08:13:37.239,11.57567,104.91167,23.699,0.99689,1.28813,0.0324,1.0633
T0001,independence_to_aeon_mall,447,2026-04-21T08:13:38.302,11.5757367,104.9116633,21.601,-0.49956,-1.28272,0.1843,1.1666
T0001,independence_to_aeon_mall,448,2026-04-21T08:13:39.469,11.5758033,104.9116567,23.77,0.56834,1.0073,0.1395,1.0602
T0001,independence_to_aeon_mall,449,2026-04-21T08:13:40.529,11.57587,104.91165,22.673,-0.27412,-0.75799,0.1116,1.1114
T0001,independence_to_aeon_mall,450,2026-04-21T08:13:41.641,11.5759329,104.9116457,21.901,-0.18632,0.07631,0.0541,1.1506
T0001,independence_to_aeon_mall,451,2026-04-21T08:13:42.791,11.5759957,104.9116414,22.621,0.1795,0.32839,0.231,1.114
T0001,independence_to_aeon_mall,452,2026-04-21T08:13:43.905,11.5760586,104.9116371,25.025,0.66295,0.48009,0.1976,1.007
T0001,independence_to_aeon_mall,453,2026-04-21T08:13:44.912,11.5761214,104.9116329,25.214,0.05251,-0.61076,0.2153,0.9995
T0001,independence_to_aeon_mall,454,2026-04-21T08:13:45.912,11.5761843,104.9116286,22.202,-0.73699,-0.69558,0.0993,1.135
T0001,independence_to_aeon_mall,455,2026-04-21T08:13:47.047,11.5762471,104.9116243,22.338,0.03354,0.68303,0.2415,1.1281
T0001,independence_to_aeon_mall,456,2026-04-21T08:13:48.175,11.57631,104.91162,23.712,0.35916,0.30639,0.0992,1.0627
T0001,independence_to_aeon_mall,457,2026-04-21T08:13:49.238,11.5763743,104.9116114,20.83,-0.66191,-0.84398,0.2343,1.2098
T0001,independence_to_aeon_mall,458,2026-04-21T08:13:50.447,11.5764386,104.9116029,22.598,0.44042,0.9885,0.1422,1.1152
T0001,independence_to_aeon_mall,459,2026-04-21T08:13:51.563,11.5765029,104.9115943,22.059,-0.13092,-0.50013,0.1849,1.1424
T0001,independence_to_aeon_mall,460,2026-04-21T08:13:52.705,11.5765671,104.9115857,22.569,0.12679,0.2308,0.1438,1.1166
T0001,independence_to_aeon_mall,461,2026-04-21T08:13:53.821,11.5766314,104.9115771,20.848,-0.39548,-0.43207,0.0878,1.2087
T0001,independence_to_aeon_mall,462,2026-04-21T08:13:55.030,11.5766957,104.9115686,19.714,-0.24649,0.11655,0.1782,1.2783
T0001,independence_to_aeon_mall,463,2026-04-21T08:13:56.309,11.57676,104.91156,18.989,-0.15178,0.07137,0.164,1.3271
T0001,independence_to_aeon_mall,464,2026-04-21T08:13:57.636,11.5768317,104.9115533,20.422,0.32267,0.38449,0.2464,1.234
T0001,independence_to_aeon_mall,465,2026-04-21T08:13:58.870,11.5769033,104.9115467,21.41,0.23318,-0.07603,0.2265,1.177
T0001,independence_to_aeon_mall,466,2026-04-21T08:14:00.047,11.576975,104.91154,21.658,0.05926,-0.14948,0.0638,1.1635
T0001,independence_to_aeon_mall,467,2026-04-21T08:14:01.210,11.5770467,104.9115333,25.004,0.92211,0.85614,0.047,1.0078
T0001,independence_to_aeon_mall,468,2026-04-21T08:14:02.218,11.5771183,104.9115267,23.757,-0.32652,-1.17713,0.0931,1.0607
T0001,independence_to_aeon_mall,469,2026-04-21T08:14:03.279,11.57719,104.91152,20.655,-0.70629,-0.31127,0.0663,1.22
T0001,independence_to_aeon_mall,470,2026-04-21T08:14:04.499,11.5772544,104.9115139,22.62,0.48987,1.07367,0.2075,1.1141
T0001,independence_to_aeon_mall,471,2026-04-21T08:14:05.613,11.5773189,104.9115078,21.487,-0.26816,-0.64635,0.2054,1.1728
T0001,independence_to_aeon_mall,472,2026-04-21T08:14:06.786,11.5773833,104.9115017,21.672,0.04397,0.26843,0.226,1.1628
T0001,independence_to_aeon_mall,473,2026-04-21T08:14:07.948,11.5774478,104.9114956,22.376,0.17377,0.11526,0.1328,1.1262
T0001,independence_to_aeon_mall,474,2026-04-21T08:14:09.075,11.5775122,104.9114894,23.027,0.16518,-0.00785,0.1532,1.0944
T0001,independence_to_aeon_mall,475,2026-04-21T08:14:10.169,11.5775767,104.9114833,21.589,-0.34212,-0.43462,0.1407,1.1673
T0001,independence_to_aeon_mall,476,2026-04-21T08:14:11.336,11.5776411,104.9114772,23.694,0.54969,0.83851,0.211,1.0636
T0001,independence_to_aeon_mall,477,2026-04-21T08:14:12.400,11.5777056,104.9114711,20.385,-0.74348,-1.04608,0.1029,1.2362
T0001,independence_to_aeon_mall,478,2026-04-21T08:14:13.636,11.57777,104.911465,22.108,0.41974,1.02047,0.1987,1.1399
T0001,independence_to_aeon_mall,479,2026-04-21T08:14:14.776,11.5778344,104.9114589,25.995,1.11377,0.71592,0.1756,0.9694
T0001,independence_to_aeon_mall,480,2026-04-21T08:14:15.745,11.5778989,104.9114528,22.433,-0.88076,-1.7755,0.0703,1.1234
T0001,independence_to_aeon_mall,481,2026-04-21T08:14:16.869,11.5779633,104.9114467,24.248,0.48517,1.31433,0.1249,1.0393
T0001,independence_to_aeon_mall,482,2026-04-21T08:14:17.908,11.5780278,104.9114406,22.235,-0.49327,-0.86333,0.1785,1.1333
T0001,independence_to_aeon_mall,483,2026-04-21T08:14:19.041,11.5780922,104.9114344,22.969,0.18581,0.61897,0.1005,1.0971
T0001,independence_to_aeon_mall,484,2026-04-21T08:14:20.138,11.5781567,104.9114283,22.013,-0.23205,-0.36502,0.1174,1.1448
T0001,independence_to_aeon_mall,485,2026-04-21T08:14:21.283,11.5782211,104.9114222,21.842,-0.04104,0.16557,0.2084,1.1537
T0001,independence_to_aeon_mall,486,2026-04-21T08:14:22.437,11.5782856,104.9114161,20.929,-0.21077,-0.14096,0.1758,1.2041
T0001,independence_to_aeon_mall,487,2026-04-21T08:14:23.641,11.57835,104.91141,22.744,0.45494,0.60081,0.177,1.108
T0001,independence_to_aeon_mall,488,2026-04-21T08:14:24.749,11.57835,104.91141,19.411,-0.71312,-0.89971,0.1707,1.2983
T0001,independence_to_aeon_mall,489,2026-04-21T08:14:26.047,11.578342,104.911334,21.686,0.54399,1.08183,0.1372,1.162
T0001,independence_to_aeon_mall,490,2026-04-21T08:14:27.209,11.578334,104.911258,22.316,0.15486,-0.3446,0.08,1.1292
T0001,independence_to_aeon_mall,491,2026-04-21T08:14:28.339,11.578326,104.911182,21.238,-0.25239,-0.34322,0.1803,1.1866
T0001,independence_to_aeon_mall,492,2026-04-21T08:14:29.525,11.578318,104.911106,20.259,-0.21866,0.02712,0.0927,1.2439
T0001,independence_to_aeon_mall,493,2026-04-21T08:14:30.769,11.57831,104.91103,21.369,0.26153,0.40719,0.1602,1.1793
T0001,independence_to_aeon_mall,494,2026-04-21T08:14:31.948,11.578305,104.9109637,20.225,-0.25503,-0.41458,0.1701,1.246
T0001,independence_to_aeon_mall,495,2026-04-21T08:14:33.194,11.5783,104.9108975,22.091,0.45447,0.62197,0.1784,1.1407
T0001,independence_to_aeon_mall,496,2026-04-21T08:14:34.335,11.578295,104.9108313,17.941,-0.82079,-0.9079,0.1515,1.4046
T0001,independence_to_aeon_mall,497,2026-04-21T08:14:35.740,11.57829,104.910765,20.184,0.49921,1.05728,0.1923,1.2485
T0001,independence_to_aeon_mall,498,2026-04-21T08:14:36.988,11.578285,104.9106987,17.702,-0.48446,-0.69097,0.0658,1.4236
T0001,independence_to_aeon_mall,499,2026-04-21T08:14:38.412,11.57828,104.9106325,18.445,0.1512,0.46527,0.1316,1.3662
T0001,independence_to_aeon_mall,500,2026-04-21T08:14:39.778,11.578275,104.9105663,22.734,1.07463,0.83306,0.1669,1.1085
T0001,independence_to_aeon_mall,501,2026-04-21T08:14:40.886,11.57827,104.9105,22.031,-0.17072,-1.08873,0.2186,1.1439
T0001,independence_to_aeon_mall,502,2026-04-21T08:14:42.030,11.578262,104.910424,19.609,-0.5235,-0.27451,0.1014,1.2851
T0001,independence_to_aeon_mall,503,2026-04-21T08:14:43.315,11.578254,104.910348,18.434,-0.23866,0.20836,0.0689,1.367
T0001,independence_to_aeon_mall,504,2026-04-21T08:14:44.682,11.578246,104.910272,16.241,-0.39261,-0.09922,0.1319,1.5516
T0001,independence_to_aeon_mall,505,2026-04-21T08:14:46.234,11.578238,104.910196,19.873,0.79551,0.93694,0.1918,1.2681
T0001,independence_to_aeon_mall,506,2026-04-21T08:14:47.502,11.57823,104.91012,24.319,1.19176,0.3824,0.1618,1.0362
T0001,independence_to_aeon_mall,507,2026-04-21T08:14:48.538,11.57822,104.91001,21.34,-0.70059,-1.60251,0.2316,1.1809
T0001,independence_to_aeon_mall,508,2026-04-21T08:14:49.719,11.5782136,104.9099409,19.849,-0.32636,0.29476,0.388,1.2696
T0001,independence_to_aeon_mall,509,2026-04-21T08:14:50.989,11.5782073,104.9098718,21.386,0.36231,0.58443,0.2979,1.1784
T0001,independence_to_aeon_mall,510,2026-04-21T08:14:52.167,11.5782009,104.9098027,18.346,-0.61459,-0.71122,0.3925,1.3736
T0001,independence_to_aeon_mall,511,2026-04-21T08:14:53.541,11.5781945,104.9097336,20.242,0.42292,0.83339,0.3237,1.2449
T0001,independence_to_aeon_mall,512,2026-04-21T08:14:54.786,11.5781882,104.9096645,20.837,0.13671,-0.23666,0.4279,1.2094
T0001,independence_to_aeon_mall,513,2026-04-21T08:14:55.995,11.5781818,104.9095955,20.559,-0.06308,-0.163,0.2692,1.2258
T0001,independence_to_aeon_mall,514,2026-04-21T08:14:57.221,11.5781755,104.9095264,21.874,0.31716,0.33005,0.4717,1.152
T0001,independence_to_aeon_mall,515,2026-04-21T08:14:58.373,11.5781691,104.9094573,21.205,-0.15643,-0.3985,0.3501,1.1884
T0001,independence_to_aeon_mall,516,2026-04-21T08:14:59.561,11.5781627,104.9093882,21.69,0.11608,0.23456,0.4268,1.1618
T0001,independence_to_aeon_mall,517,2026-04-21T08:15:00.723,11.5781564,104.9093191,19.655,-0.44091,-0.43444,0.4549,1.2821
T0001,independence_to_aeon_mall,518,2026-04-21T08:15:02.005,11.57815,104.90925,22.035,0.57789,0.89083,0.4996,1.1437
T0001,independence_to_aeon_mall,519,2026-04-21T08:15:03.149,11.57814,104.90915,23.131,0.27963,-0.27378,0.2672,1.0894
T0001,independence_to_aeon_mall,520,2026-04-21T08:15:04.238,11.5781344,104.9090833,19.233,-0.82651,-0.84421,0.2861,1.3103
T0001,independence_to_aeon_mall,521,2026-04-21T08:15:05.549,11.5781289,104.9090167,19.356,0.02639,0.65512,0.2751,1.3019
T0001,independence_to_aeon_mall,522,2026-04-21T08:15:06.851,11.5781233,104.90895,22.692,0.83423,0.72743,0.2789,1.1105
T0001,independence_to_aeon_mall,523,2026-04-21T08:15:07.961,11.5781178,104.9088833,20.401,-0.51512,-1.09238,0.3747,1.2352
T0001,independence_to_aeon_mall,524,2026-04-21T08:15:09.196,11.5781122,104.9088167,22.794,0.60118,1.00971,0.4981,1.1056
T0001,independence_to_aeon_mall,525,2026-04-21T08:15:10.302,11.5781067,104.90875,20.024,-0.6113,-0.96345,0.4971,1.2585
T0001,independence_to_aeon_mall,526,2026-04-21T08:15:11.560,11.5781011,104.9086833,22.87,0.71757,1.20603,0.358,1.1019
T0001,independence_to_aeon_mall,527,2026-04-21T08:15:12.662,11.5780956,104.9086167,20.885,-0.45706,-0.9735,0.3917,1.2066
T0001,independence_to_aeon_mall,528,2026-04-21T08:15:13.869,11.57809,104.90855,21.075,0.04417,0.41918,0.458,1.1957
T0001,independence_to_aeon_mall,529,2026-04-21T08:15:15.065,11.5780863,104.9084848,23.035,0.4976,0.41448,0.4799,1.094
T0001,independence_to_aeon_mall,530,2026-04-21T08:15:16.159,11.5780826,104.9084196,20.145,-0.64169,-0.91077,0.2612,1.2509
T0001,independence_to_aeon_mall,531,2026-04-21T08:15:17.409,11.5780789,104.9083544,19.276,-0.18465,0.3496,0.3586,1.3073
T0001,independence_to_aeon_mall,532,2026-04-21T08:15:18.717,11.5780752,104.9082893,20.015,0.16301,0.27613,0.4499,1.2591
T0001,independence_to_aeon_mall,533,2026-04-21T08:15:19.976,11.5780715,104.9082241,21.366,0.31827,0.13164,0.291,1.1794
T0001,independence_to_aeon_mall,534,2026-04-21T08:15:21.155,11.5780678,104.9081589,18.339,-0.61194,-0.67696,0.3319,1.3741
T0001,independence_to_aeon_mall,535,2026-04-21T08:15:22.529,11.5780641,104.9080937,21.644,0.78847,1.20281,0.4957,1.1643
T0001,independence_to_aeon_mall,536,2026-04-21T08:15:23.694,11.5780604,104.9080285,19.88,-0.38663,-0.92701,0.4955,1.2676
T0001,independence_to_aeon_mall,537,2026-04-21T08:15:24.961,11.5780567,104.9079633,22.41,0.62493,0.89955,0.4718,1.1245
T0001,independence_to_aeon_mall,538,2026-04-21T08:15:26.086,11.578053,104.9078981,17.097,-1.00127,-1.10327,0.4395,1.474
T0001,independence_to_aeon_mall,539,2026-04-21T08:15:27.560,11.5780493,104.907833,19.508,0.51857,1.17655,0.2807,1.2918
T0001,independence_to_aeon_mall,540,2026-04-21T08:15:28.852,11.5780456,104.9077678,18.158,-0.27018,-0.56834,0.2963,1.3878
T0001,independence_to_aeon_mall,541,2026-04-21T08:15:30.239,11.5780419,104.9077026,19.449,0.27663,0.42201,0.3642,1.2957
T0001,independence_to_aeon_mall,542,2026-04-21T08:15:31.535,11.5780381,104.9076374,21.059,0.37393,0.08132,0.3682,1.1966
T0001,independence_to_aeon_mall,543,2026-04-21T08:15:32.732,11.5780344,104.9075722,20.419,-0.14413,-0.41977,0.3517,1.2341
T0001,independence_to_aeon_mall,544,2026-04-21T08:15:33.966,11.5780307,104.907507,20.308,-0.0249,0.09608,0.391,1.2409
T0001,independence_to_aeon_mall,545,2026-04-21T08:15:35.207,11.578027,104.9074419,20.449,0.03185,0.04605,0.3225,1.2323
T0001,independence_to_aeon_mall,546,2026-04-21T08:15:36.439,11.5780233,104.9073767,20.993,0.12585,0.07831,0.4248,1.2004
T0001,independence_to_aeon_mall,547,2026-04-21T08:15:37.639,11.5780196,104.9073115,19.175,-0.38424,-0.38814,0.3001,1.3142
T0001,independence_to_aeon_mall,548,2026-04-21T08:15:38.954,11.5780159,104.9072463,21.748,0.61684,0.86395,0.2992,1.1587
T0001,independence_to_aeon_mall,549,2026-04-21T08:15:40.112,11.5780122,104.9071811,21.682,-0.01584,-0.54435,0.2382,1.1623
T0001,independence_to_aeon_mall,550,2026-04-21T08:15:41.275,11.5780085,104.9071159,21.265,-0.09762,-0.06901,0.2566,1.185
T0001,independence_to_aeon_mall,551,2026-04-21T08:15:42.460,11.5780048,104.9070507,21.523,0.06103,0.1355,0.4552,1.1709
T0001,independence_to_aeon_mall,552,2026-04-21T08:15:43.630,11.5780011,104.9069856,21.133,-0.09089,-0.1274,0.3339,1.1925
T0001,independence_to_aeon_mall,553,2026-04-21T08:15:44.823,11.5779974,104.9069204,23.741,0.68248,0.72858,0.2684,1.0615
T0001,independence_to_aeon_mall,554,2026-04-21T08:15:45.884,11.5779937,104.9068552,20.557,-0.72133,-1.14518,0.4278,1.2258
T0001,independence_to_aeon_mall,555,2026-04-21T08:15:47.110,11.57799,104.90679,20.227,-0.07357,0.51993,0.3662,1.2458
T0001,independence_to_aeon_mall,556,2026-04-21T08:15:48.356,11.57799,104.90679,19.654,-0.1242,-0.03948,0.2063,1.2822
T0001,independence_to_aeon_mall,557,2026-04-21T08:15:49.638,11.5780569,104.9067846,19.236,-0.08865,0.02713,0.2949,1.3101
T0001,independence_to_aeon_mall,558,2026-04-21T08:15:50.948,11.5781238,104.9067792,18.918,-0.06638,0.01672,0.2531,1.3321
T0001,independence_to_aeon_mall,559,2026-04-21T08:15:52.280,11.5781908,104.9067738,19.451,0.11439,0.13953,0.3968,1.2956
T0001,independence_to_aeon_mall,560,2026-04-21T08:15:53.576,11.5782577,104.9067685,20.678,0.27972,0.13566,0.2825,1.2187
T0001,independence_to_aeon_mall,561,2026-04-21T08:15:54.795,11.5783246,104.9067631,21.286,0.14253,-0.11588,0.2195,1.1839
T0001,independence_to_aeon_mall,562,2026-04-21T08:15:55.979,11.5783915,104.9067577,20.861,-0.09767,-0.19884,0.2165,1.208
T0001,independence_to_aeon_mall,563,2026-04-21T08:15:57.187,11.5784585,104.9067523,19.636,-0.26515,-0.1305,0.3745,1.2834
T0001,independence_to_aeon_mall,564,2026-04-21T08:15:58.470,11.5785254,104.9067469,22.135,0.60962,0.76836,0.2065,1.1385
T0001,independence_to_aeon_mall,565,2026-04-21T08:15:59.608,11.5785923,104.9067415,21.893,-0.0582,-0.58019,0.4546,1.151
T0001,independence_to_aeon_mall,566,2026-04-21T08:16:00.759,11.5786592,104.9067362,20.545,-0.30541,-0.20154,0.2466,1.2266
T0001,independence_to_aeon_mall,567,2026-04-21T08:16:01.986,11.5787262,104.9067308,19.805,-0.16153,0.11308,0.382,1.2724
T0001,independence_to_aeon_mall,568,2026-04-21T08:16:03.258,11.5787931,104.9067254,21.607,0.42919,0.50649,0.3334,1.1663
T0001,independence_to_aeon_mall,569,2026-04-21T08:16:04.425,11.57886,104.90672,21.066,-0.12555,-0.46374,0.3329,1.1962
T0001,independence_to_aeon_mall,570,2026-04-21T08:16:05.621,11.578935,104.906715,18.612,-0.50349,-0.27914,0.2215,1.354
T0001,independence_to_aeon_mall,571,2026-04-21T08:16:06.975,11.57901,104.90671,20.682,0.47197,0.80059,0.4408,1.2184
T0001,independence_to_aeon_mall,572,2026-04-21T08:16:08.193,11.57901,104.90671,19.779,-0.19698,-0.52504,0.4679,1.2741
T0001,independence_to_aeon_mall,573,2026-04-21T08:16:09.467,11.579,104.90662,18.036,-0.34645,-0.10698,0.2033,1.3972
T0001,independence_to_aeon_mall,574,2026-04-21T08:16:10.865,11.578995,104.906535,19.671,0.35436,0.54704,0.2536,1.2811
T0001,independence_to_aeon_mall,575,2026-04-21T08:16:12.146,11.57899,104.90645,17.204,-0.46782,-0.56129,0.4712,1.4648
T0001,independence_to_aeon_mall,576,2026-04-21T08:16:13.611,11.578983,104.906386,21.39,0.9871,1.23496,0.3648,1.1781
T0001,independence_to_aeon_mall,577,2026-04-21T08:16:14.789,11.578976,104.906322,21.258,-0.03101,-0.85884,0.245,1.1855
T0001,independence_to_aeon_mall,578,2026-04-21T08:16:15.974,11.578969,104.906258,19.007,-0.47155,-0.33227,0.2608,1.3258
T0001,independence_to_aeon_mall,579,2026-04-21T08:16:17.300,11.578962,104.906194,19.931,0.20299,0.5335,0.398,1.2644
T0001,independence_to_aeon_mall,580,2026-04-21T08:16:18.564,11.578955,104.90613,15.771,-0.72319,-0.57963,0.4174,1.5979
T0001,independence_to_aeon_mall,581,2026-04-21T08:16:20.162,11.578948,104.906066,17.651,0.36586,0.76282,0.3798,1.4277
T0001,independence_to_aeon_mall,582,2026-04-21T08:16:21.590,11.578941,104.906002,18.945,0.2702,-0.07192,0.4859,1.3302
T0001,independence_to_aeon_mall,583,2026-04-21T08:16:22.920,11.578934,104.905938,17.778,-0.22879,-0.35201,0.3482,1.4175
T0001,independence_to_aeon_mall,584,2026-04-21T08:16:24.338,11.578927,104.905874,20.457,0.60429,0.6763,0.2901,1.2318
T0001,independence_to_aeon_mall,585,2026-04-21T08:16:25.569,11.57892,104.90581,22.382,0.47476,-0.11505,0.3432,1.1259
T0001,independence_to_aeon_mall,586,2026-04-21T08:16:26.695,11.578915,104.90573,17.621,-0.92472,-0.97857,0.3079,1.4301
T0001,independence_to_aeon_mall,587,2026-04-21T08:16:28.125,11.57891,104.90565,18.13,0.10166,0.73841,0.2673,1.39
T0001,independence_to_aeon_mall,588,2026-04-21T08:16:29.515,11.578905,104.90557,19.739,0.35017,0.19465,0.2138,1.2767
T0001,independence_to_aeon_mall,589,2026-04-21T08:16:30.792,11.5789,104.90549,21.802,0.49591,0.1261,0.3057,1.1558
T0001,independence_to_aeon_mall,590,2026-04-21T08:16:31.948,11.578905,104.905415,17.552,-0.82232,-0.91817,0.4134,1.4357
T0001,independence_to_aeon_mall,591,2026-04-21T08:16:33.384,11.57891,104.90534,19.759,0.48072,1.02172,0.2055,1.2753
T0001,independence_to_aeon_mall,592,2026-04-21T08:16:34.659,11.57894,104.905265,22.118,0.57498,0.08273,0.3318,1.1394
T0001,independence_to_aeon_mall,593,2026-04-21T08:16:35.798,11.57897,104.90519,16.908,-0.97095,-1.03725,0.3932,1.4904
T0001,independence_to_aeon_mall,594,2026-04-21T08:16:37.289,11.579,104.90513,17.464,0.10704,0.74707,0.3831,1.443
T0001,independence_to_aeon_mall,595,2026-04-21T08:16:38.732,11.57903,104.90507,18.75,0.26584,0.11815,0.433,1.344
T0001,independence_to_aeon_mall,596,2026-04-21T08:16:40.076,11.57906,104.90501,18.605,-0.02983,-0.21829,0.4432,1.3545
T0001,independence_to_aeon_mall,597,2026-04-21T08:16:41.430,11.57912,104.90492,20.605,0.4542,0.39577,0.4135,1.223
T0001,independence_to_aeon_mall,598,2026-04-21T08:16:42.653,11.57914,104.90489,19.748,-0.18643,-0.50203,0.2308,1.2761
T0001,independence_to_aeon_mall,599,2026-04-21T08:16:43.929,11.57917,104.90486,16.723,-0.55762,-0.24633,0.3425,1.5069
T0001,independence_to_aeon_mall,600,2026-04-21T08:16:45.436,11.57922,104.9048,20.159,0.76341,1.05677,0.381,1.2501
T0001,independence_to_aeon_mall,601,2026-04-21T08:16:46.686,11.57927,104.90476,18.519,-0.33467,-0.80698,0.2737,1.3607
T0001,independence_to_aeon_mall,602,2026-04-21T08:16:48.047,11.57933,104.9047,21.297,0.65216,0.834,0.2128,1.1832
T0001,independence_to_aeon_mall,603,2026-04-21T08:16:49.230,11.5794,104.90464,18.444,-0.58006,-0.90188,0.2671,1.3663
T0001,independence_to_aeon_mall,604,2026-04-21T08:16:50.596,11.57941,104.90464,18.431,-0.00275,0.42223,0.3365,1.3673
T0001,independence_to_aeon_mall,605,2026-04-21T08:16:51.964,11.579485,104.9046,20.197,0.39331,0.31744,0.3242,1.2477
T0001,independence_to_aeon_mall,606,2026-04-21T08:16:53.211,11.57956,104.90456,20.53,0.07529,-0.25909,0.253,1.2275
T0001,independence_to_aeon_mall,607,2026-04-21T08:16:54.439,11.57956,104.90456,18.357,-0.43974,-0.37517,0.4473,1.3728
T0001,independence_to_aeon_mall,608,2026-04-21T08:16:55.812,11.579615,104.9045283,15.156,-0.53471,-0.05712,0.4777,1.6627
T0001,independence_to_aeon_mall,609,2026-04-21T08:16:57.474,11.57967,104.9044967,18.492,0.67988,0.89127,0.2604,1.3628
T0001,independence_to_aeon_mall,610,2026-04-21T08:16:58.837,11.579725,104.904465,16.133,-0.41943,-0.70379,0.4789,1.562
T0001,independence_to_aeon_mall,611,2026-04-21T08:17:00.399,11.57978,104.9044333,18.038,0.37864,0.57125,0.2054,1.3971
T0001,independence_to_aeon_mall,612,2026-04-21T08:17:01.796,11.579835,104.9044017,15.549,-0.42653,-0.49681,0.4775,1.6207
T0001,independence_to_aeon_mall,613,2026-04-21T08:17:03.417,11.57989,104.90437,18.354,0.56752,0.72401,0.4856,1.373
T0001,independence_to_aeon_mall,614,2026-04-21T08:17:04.790,11.579945,104.9043383,16.475,-0.3413,-0.59415,0.2036,1.5296
T0001,independence_to_aeon_mall,615,2026-04-21T08:17:06.319,11.58,104.9043067,15.761,-0.12405,0.13587,0.4289,1.5989
T0001,independence_to_aeon_mall,616,2026-04-21T08:17:07.918,11.580055,104.904275,18.756,0.61912,0.55312,0.4911,1.3436
T0001,independence_to_aeon_mall,617,2026-04-21T08:17:09.262,11.58011,104.9042433,18.047,-0.1409,-0.5443,0.4718,1.3963
T0001,independence_to_aeon_mall,618,2026-04-21T08:17:10.658,11.580165,104.9042117,16.764,-0.23716,-0.06404,0.4912,1.5032
T0001,independence_to_aeon_mall,619,2026-04-21T08:17:12.161,11.58022,104.90418,19.862,0.67819,0.72144,0.3651,1.2688
T0001,independence_to_aeon_mall,620,2026-04-21T08:17:13.430,11.5802817,104.9041433,17.024,-0.53251,-0.81789,0.2234,1.4803
T0001,independence_to_aeon_mall,621,2026-04-21T08:17:14.911,11.5803433,104.9041067,17.733,0.13861,0.47226,0.4549,1.4211
T0001,independence_to_aeon_mall,622,2026-04-21T08:17:16.332,11.580405,104.90407,18.088,0.07082,-0.04866,0.3841,1.3932
T0001,independence_to_aeon_mall,623,2026-04-21T08:17:17.725,11.5804667,104.9040333,16.755,-0.24617,-0.21077,0.3844,1.504
T0001,independence_to_aeon_mall,624,2026-04-21T08:17:19.229,11.5805283,104.9039967,18.391,0.3317,0.42175,0.3252,1.3702
T0001,independence_to_aeon_mall,625,2026-04-21T08:17:20.599,11.58059,104.90396,16.885,-0.28046,-0.41016,0.3716,1.4925
T0001,independence_to_aeon_mall,626,2026-04-21T08:17:22.091,11.58065,104.90391,17.067,0.03438,0.21323,0.2461,1.4765
T0001,independence_to_aeon_mall,627,2026-04-21T08:17:23.568,11.580725,104.90386,19.729,0.57878,0.4262,0.4219,1.2773
T0001,independence_to_aeon_mall,628,2026-04-21T08:17:24.845,11.5808,104.90381,16.124,-0.6407,-0.78027,0.2225,1.5629
T0001,independence_to_aeon_mall,629,2026-04-21T08:17:26.408,11.580855,104.903771,14.066,-0.31913,0.17949,0.4189,1.7916
T0001,independence_to_aeon_mall,630,2026-04-21T08:17:28.200,11.58091,104.903732,20.101,1.33733,1.3213,0.4547,1.2537
T0001,independence_to_aeon_mall,631,2026-04-21T08:17:29.453,11.580965,104.903693,21.509,0.33372,-0.8566,0.3417,1.1716
T0001,independence_to_aeon_mall,632,2026-04-21T08:17:30.625,11.58102,104.903654,17.077,-0.83425,-0.79148,0.3529,1.4757
T0001,independence_to_aeon_mall,633,2026-04-21T08:17:32.101,11.581075,104.903615,14.78,-0.37427,0.26977,0.2937,1.7051
T0001,independence_to_aeon_mall,634,2026-04-21T08:17:33.806,11.58113,104.903576,17.219,0.46303,0.57213,0.4908,1.4635
T0001,independence_to_aeon_mall,635,2026-04-21T08:17:35.269,11.581185,104.903537,17.255,0.00692,-0.31232,0.4199,1.4604
T0001,independence_to_aeon_mall,636,2026-04-21T08:17:36.730,11.58124,104.903498,17.4,0.0277,0.01435,0.3107,1.4483
T0001,independence_to_aeon_mall,637,2026-04-21T08:17:38.178,11.581295,104.903459,16.015,-0.24453,-0.173,0.2524,1.5736
T0001,independence_to_aeon_mall,638,2026-04-21T08:17:39.752,11.58135,104.90342,18.554,0.51937,0.56243,0.2659,1.3582
T0001,independence_to_aeon_mall,639,2026-04-21T08:17:41.110,11.5814036,104.9033836,18.472,-0.01681,-0.39302,0.3392,1.3643
T0001,independence_to_aeon_mall,640,2026-04-21T08:17:42.474,11.5814571,104.9033471,15.443,-0.51552,-0.30562,0.4828,1.6318
T0001,independence_to_aeon_mall,641,2026-04-21T08:17:44.106,11.5815107,104.9033107,18.734,0.67946,0.88834,0.4202,1.3452
T0001,independence_to_aeon_mall,642,2026-04-21T08:17:45.451,11.5815643,104.9032743,20.764,0.46468,-0.17698,0.2646,1.2136
T0001,independence_to_aeon_mall,643,2026-04-21T08:17:46.665,11.5816179,104.9032379,17.943,-0.55796,-0.72813,0.4579,1.4045
T0001,independence_to_aeon_mall,644,2026-04-21T08:17:48.069,11.5816714,104.9032014,17.179,-0.14466,0.28175,0.3135,1.4669
T0001,independence_to_aeon_mall,645,2026-04-21T08:17:49.536,11.581725,104.903165,17.472,0.05643,0.13942,0.4555,1.4423
T0001,independence_to_aeon_mall,646,2026-04-21T08:17:50.978,11.5817786,104.9031286,18.608,0.23298,0.13037,0.2725,1.3543
T0001,independence_to_aeon_mall,647,2026-04-21T08:17:52.333,11.5818321,104.9030921,15.089,-0.58527,-0.48994,0.3856,1.6701
T0001,independence_to_aeon_mall,648,2026-04-21T08:17:54.003,11.5818857,104.9030557,17.931,0.56186,0.81625,0.478,1.4054
T0001,independence_to_aeon_mall,649,2026-04-21T08:17:55.408,11.5819393,104.9030193,17.099,-0.15687,-0.48768,0.2774,1.4738
T0001,independence_to_aeon_mall,650,2026-04-21T08:17:56.882,11.5819929,104.9029829,20.457,0.75707,0.74191,0.4079,1.2319
T0001,independence_to_aeon_mall,651,2026-04-21T08:17:58.114,11.5820464,104.9029464,17.424,-0.58251,-0.9262,0.4962,1.4463
T0001,independence_to_aeon_mall,652,2026-04-21T08:17:59.560,11.5821,104.90291,20.187,0.61483,0.95914,0.2452,1.2484
T0001,independence_to_aeon_mall,653,2026-04-21T08:18:00.808,11.582175,104.90286,16.029,-0.73457,-0.85833,0.2265,1.5721
T0001,independence_to_aeon_mall,654,2026-04-21T08:18:02.381,11.58225,104.90281,18.566,0.51909,0.92361,0.4023,1.3573
T0001,independence_to_aeon_mall,655,2026-04-21T08:18:03.738,11.582306,104.902772,18.164,-0.08045,-0.43214,0.3019,1.3874
T0001,independence_to_aeon_mall,656,2026-04-21T08:18:05.125,11.582362,104.902734,16.381,-0.3219,-0.15695,0.2214,1.5383
T0001,independence_to_aeon_mall,657,2026-04-21T08:18:06.664,11.582418,104.902696,17.951,0.31059,0.45054,0.3426,1.4038
T0001,independence_to_aeon_mall,658,2026-04-21T08:18:08.067,11.582474,104.902658,19.504,0.33381,0.01797,0.4261,1.2921
T0001,independence_to_aeon_mall,659,2026-04-21T08:18:09.359,11.58253,104.90262,17.199,-0.43689,-0.526,0.2855,1.4652
T0001,independence_to_aeon_mall,660,2026-04-21T08:18:10.825,11.5825869,104.9025838,15.147,-0.34265,0.05664,0.3005,1.6637
T0001,independence_to_aeon_mall,661,2026-04-21T08:18:12.488,11.5826438,104.9025477,17.658,0.48888,0.58268,0.4537,1.4271
T0001,independence_to_aeon_mall,662,2026-04-21T08:18:13.915,11.5827008,104.9025115,16.331,-0.23893,-0.47167,0.356,1.5431
T0001,independence_to_aeon_mall,663,2026-04-21T08:18:15.459,11.5827577,104.9024754,17.171,0.15902,0.27116,0.4528,1.4676
T0001,independence_to_aeon_mall,664,2026-04-21T08:18:16.926,11.5828146,104.9024392,17.562,0.07572,-0.05805,0.3339,1.4349
T0001,independence_to_aeon_mall,665,2026-04-21T08:18:18.361,11.5828715,104.9024031,15.126,-0.40619,-0.28926,0.4859,1.666
T0001,independence_to_aeon_mall,666,2026-04-21T08:18:20.027,11.5829285,104.9023669,15.261,0.02271,0.25974,0.3952,1.6512
T0001,independence_to_aeon_mall,667,2026-04-21T08:18:21.678,11.5829854,104.9023308,18.408,0.63847,0.4498,0.2348,1.369
T0001,independence_to_aeon_mall,668,2026-04-21T08:18:23.047,11.5830423,104.9022946,16.901,-0.28078,-0.61651,0.4655,1.4911
T0001,independence_to_aeon_mall,669,2026-04-21T08:18:24.538,11.5830992,104.9022585,13.838,-0.46721,-0.10237,0.3468,1.8211
T0001,independence_to_aeon_mall,670,2026-04-21T08:18:26.359,11.5831562,104.9022223,18.862,1.04464,1.13161,0.2425,1.336
T0001,independence_to_aeon_mall,671,2026-04-21T08:18:27.695,11.5832131,104.9021862,18.093,-0.15331,-0.86012,0.2458,1.3928
T0001,independence_to_aeon_mall,672,2026-04-21T08:18:29.088,11.58327,104.90215,16.614,-0.27092,-0.07754,0.4063,1.5168
T0001,independence_to_aeon_mall,673,2026-04-21T08:18:30.605,11.5833375,104.902115,15.71,-0.15662,0.07126,0.2142,1.6041
T0001,independence_to_aeon_mall,674,2026-04-21T08:18:32.209,11.583405,104.90208,18.938,0.67407,0.62428,0.286,1.3306
T0001,independence_to_aeon_mall,675,2026-04-21T08:18:33.540,11.5834725,104.902045,18.209,-0.14646,-0.59289,0.2419,1.3839
T0001,independence_to_aeon_mall,676,2026-04-21T08:18:34.924,11.58354,104.90201,21.259,0.71469,0.72646,0.3323,1.1854
T0001,independence_to_aeon_mall,677,2026-04-21T08:18:36.109,11.5836067,104.90197,18.315,-0.59427,-0.95134,0.3243,1.3759
T0001,independence_to_aeon_mall,678,2026-04-21T08:18:37.485,11.5836733,104.90193,18.266,-0.00981,0.42365,0.3566,1.3796
T0001,independence_to_aeon_mall,679,2026-04-21T08:18:38.865,11.58374,104.90189,17.434,-0.15988,-0.10382,0.2839,1.4454
T0001,independence_to_aeon_mall,680,2026-04-21T08:18:40.310,11.5838,104.90184,18.91,0.30757,0.35077,0.2096,1.3326
T0001,independence_to_aeon_mall,681,2026-04-21T08:18:41.643,11.58383,104.90182,18.622,-0.05902,-0.27091,0.3843,1.3532
T0001,independence_to_aeon_mall,682,2026-04-21T08:18:42.996,11.58389,104.90175,19.562,0.20269,0.20316,0.3121,1.2882
T0001,independence_to_aeon_mall,683,2026-04-21T08:18:44.284,11.583932,104.901702,16.903,-0.49553,-0.46832,0.3954,1.4909
T0001,independence_to_aeon_mall,684,2026-04-21T08:18:45.775,11.583974,104.901654,17.032,0.02419,0.35126,0.2326,1.4796
T0001,independence_to_aeon_mall,685,2026-04-21T08:18:47.254,11.584016,104.901606,16.966,-0.01226,-0.02454,0.2041,1.4853
T0001,independence_to_aeon_mall,686,2026-04-21T08:18:48.740,11.584058,104.901558,18.871,0.39624,0.3059,0.2745,1.3354
T0001,independence_to_aeon_mall,687,2026-04-21T08:18:50.075,11.5841,104.90151,19.932,0.23319,-0.12896,0.337,1.2643
T0001,independence_to_aeon_mall,688,2026-04-21T08:18:51.339,11.58416,104.90144,16.997,-0.55003,-0.52826,0.3182,1.4827
T0001,independence_to_aeon_mall,689,2026-04-21T08:18:52.822,11.584195,104.90138,17.048,0.0096,0.37859,0.4431,1.4782
T0001,independence_to_aeon_mall,690,2026-04-21T08:18:54.300,11.58423,104.90132,18.156,0.2218,0.15288,0.3134,1.388
T0001,independence_to_aeon_mall,691,2026-04-21T08:18:55.688,11.584265,104.901235,17.316,-0.16029,-0.26255,0.3591,1.4553
T0001,independence_to_aeon_mall,692,2026-04-21T08:18:57.144,11.5843,104.90115,19.113,0.37853,0.40867,0.3781,1.3185
T0001,independence_to_aeon_mall,693,2026-04-21T08:18:58.462,11.58434,104.90104,14.307,-0.7579,-0.6452,0.2065,1.7614
T0001,independence_to_aeon_mall,694,2026-04-21T08:19:00.223,11.58437,104.90099,16.445,0.38748,0.74744,0.3545,1.5324
T0001,independence_to_aeon_mall,695,2026-04-21T08:19:01.756,11.58438,104.90096,16.511,0.01209,-0.24596,0.3034,1.5262
T0001,independence_to_aeon_mall,696,2026-04-21T08:19:03.282,11.5844,104.90088,14.204,-0.3612,-0.21041,0.3264,1.7741
T0001,independence_to_aeon_mall,697,2026-04-21T08:19:05.056,11.58441,104.9008,16.239,0.36429,0.46752,0.2301,1.5518
T0001,independence_to_aeon_mall,698,2026-04-21T08:19:06.608,11.58442,104.90072,16.312,0.01308,-0.22734,0.4348,1.5449
T0001,independence_to_aeon_mall,699,2026-04-21T08:19:08.153,11.5844275,104.90065,17.383,0.20523,0.13255,0.4827,1.4497
T0001,independence_to_aeon_mall,700,2026-04-21T08:19:09.602,11.584435,104.90058,19.354,0.42052,0.16534,0.2067,1.302
T0001,independence_to_aeon_mall,701,2026-04-21T08:19:10.905,11.5844425,104.90051,17.317,-0.38884,-0.55618,0.3804,1.4552
T0001,independence_to_aeon_mall,702,2026-04-21T08:19:12.360,11.58445,104.90044,16.139,-0.20967,0.11474,0.4292,1.5615
T0001,independence_to_aeon_mall,703,2026-04-21T08:19:13.921,11.58445,104.90044,10.126,-0.67111,-0.18542,0.2854,2.4886
T0001,independence_to_aeon_mall,704,2026-04-21T08:19:16.410,11.5845267,104.90045,11.785,0.21554,0.41466,0.4363,2.1383
T0001,independence_to_aeon_mall,705,2026-04-21T08:19:18.548,11.5846033,104.90046,8.747,-0.2929,-0.17649,0.3897,2.8808
T0001,independence_to_aeon_mall,706,2026-04-21T08:19:21.429,11.58468,104.90047,8.846,0.00956,0.10617,0.4787,2.8489
T0001,independence_to_aeon_mall,707,2026-04-21T08:19:24.278,11.5847633,104.90048,11.049,0.2684,0.11349,0.4943,2.2807
T0001,independence_to_aeon_mall,708,2026-04-21T08:19:26.559,11.5848467,104.90049,9.879,-0.12742,-0.15517,0.2127,2.5508
T0001,independence_to_aeon_mall,709,2026-04-21T08:19:29.109,11.58493,104.9005,11.183,0.16068,0.12785,0.3335,2.2535
T0001,independence_to_aeon_mall,710,2026-04-21T08:19:31.363,11.5850025,104.9005075,10.191,-0.1114,-0.11003,0.3641,2.4728
T0001,independence_to_aeon_mall,711,2026-04-21T08:19:33.836,11.585075,104.900515,11.264,0.13322,0.10934,0.244,2.2372
T0001,independence_to_aeon_mall,712,2026-04-21T08:19:36.073,11.5851475,104.9005225,8.659,-0.24865,-0.13121,0.3009,2.9103
T0001,independence_to_aeon_mall,713,2026-04-21T08:19:38.983,11.58522,104.90053,10.193,0.17242,0.17032,0.4963,2.4722
T0001,independence_to_aeon_mall,714,2026-04-21T08:19:41.455,11.5852967,104.9005467,9.895,-0.03249,-0.08046,0.2049,2.5466
T0001,independence_to_aeon_mall,715,2026-04-21T08:19:44.002,11.5853733,104.9005633,8.388,-0.1394,-0.03558,0.3358,3.0044
T0001,independence_to_aeon_mall,716,2026-04-21T08:19:47.007,11.58545,104.90058,7.866,-0.04521,0.0294,0.4528,3.2036
T0001,independence_to_aeon_mall,717,2026-04-21T08:19:50.210,11.58545,104.90058,13.666,0.87374,0.49836,0.2972,1.844
T0001,independence_to_aeon_mall,718,2026-04-21T08:19:52.054,11.58554,104.90058,12.111,-0.2076,-0.5197,0.3439,2.0807
T0001,independence_to_aeon_mall,719,2026-04-21T08:19:54.135,11.58557,104.90046,11.104,-0.12326,0.03717,0.4934,2.2694
T0001,independence_to_aeon_mall,720,2026-04-21T08:19:56.404,11.58559,104.90044,12.493,0.19131,0.15595,0.3425,2.0171
T0001,independence_to_aeon_mall,721,2026-04-21T08:19:58.421,11.58562,104.90042,14.33,0.29005,0.05615,0.2393,1.7586
T0001,independence_to_aeon_mall,722,2026-04-21T08:20:00.180,11.58567,104.9004,9.217,-0.51946,-0.29607,0.2155,2.7342
T0001,independence_to_aeon_mall,723,2026-04-21T08:20:02.914,11.58569,104.90039,10.393,0.13474,0.2698,0.4836,2.4248
T0001,independence_to_aeon_mall,724,2026-04-21T08:20:05.339,11.58572,104.90039,11.253,0.10676,-0.0125,0.2797,2.2393
T0001,independence_to_aeon_mall,725,2026-04-21T08:20:07.578,11.585795,104.900395,14.829,0.58456,0.28117,0.3512,1.6993
T0001,independence_to_aeon_mall,726,2026-04-21T08:20:09.278,11.58587,104.9004,13.062,-0.25453,-0.43492,0.2272,1.9293
T0001,independence_to_aeon_mall,727,2026-04-21T08:20:11.207,11.58597,104.9004,13.789,0.11051,0.19974,0.3271,1.8276
T0001,independence_to_aeon_mall,728,2026-04-21T08:20:13.034,11.58607,104.90039,10.927,-0.34464,-0.19737,0.479,2.3061
T0001,independence_to_aeon_mall,729,2026-04-21T08:20:15.341,11.58618,104.90036,10.958,0.00374,0.15149,0.3507,2.2996
T0001,independence_to_aeon_mall,730,2026-04-21T08:20:17.640,11.58629,104.90032,13.309,0.34491,0.18019,0.4913,1.8934
T0001,independence_to_aeon_mall,731,2026-04-21T08:20:19.534,11.58635,104.90028,12.725,-0.08196,-0.21556,0.2777,1.9803
T0001,independence_to_aeon_mall,732,2026-04-21T08:20:21.514,11.58641,104.90024,13.461,0.10916,0.10209,0.3514,1.8721
T0001,independence_to_aeon_mall,733,2026-04-21T08:20:23.386,11.58649,104.90019,12.356,-0.15045,-0.12729,0.4579,2.0395
T0001,independence_to_aeon_mall,734,2026-04-21T08:20:25.425,11.58655,104.9001433,13.055,0.10055,0.13003,0.3345,1.9303
T0001,independence_to_aeon_mall,735,2026-04-21T08:20:27.356,11.58661,104.9000967,12.875,-0.02555,-0.06442,0.2838,1.9573
T0001,independence_to_aeon_mall,736,2026-04-21T08:20:29.313,11.58667,104.90005,13.804,0.14143,0.09147,0.4566,1.8255
T0001,independence_to_aeon_mall,737,2026-04-21T08:20:31.139,11.5867233,104.9000083,13.848,0.0067,-0.07404,0.317,1.8197
T0001,independence_to_aeon_mall,738,2026-04-21T08:20:32.958,11.5867767,104.8999667,10.208,-0.40961,-0.16863,0.3592,2.4687
T0001,independence_to_aeon_mall,739,2026-04-21T08:20:35.427,11.58683,104.899925,9.267,-0.09613,0.11528,0.493,2.7194
T0001,independence_to_aeon_mall,740,2026-04-21T08:20:38.146,11.5868833,104.8998833,14.14,0.75962,0.48018,0.2559,1.7821
T0001,independence_to_aeon_mall,741,2026-04-21T08:20:39.929,11.5869367,104.8998417,14.419,0.04434,-0.40928,0.2904,1.7477
T0001,independence_to_aeon_mall,742,2026-04-21T08:20:41.676,11.58699,104.8998,11.107,-0.40555,-0.19828,0.2093,2.2689
T0001,independence_to_aeon_mall,743,2026-04-21T08:20:43.945,11.58704,104.89976,9.848,-0.13665,0.10508,0.3176,2.5589
T0001,independence_to_aeon_mall,744,2026-04-21T08:20:46.504,11.58709,104.89972,12.786,0.41413,0.27946,0.2601,1.9709
T0001,independence_to_aeon_mall,745,2026-04-21T08:20:48.475,11.58709,104.89972,15.222,0.40877,-0.00324,0.404,1.6555
T0001,independence_to_aeon_mall,746,2026-04-21T08:20:50.130,11.58712,104.89973,16.522,0.23679,-0.11276,0.2544,1.5252
T0001,independence_to_aeon_mall,747,2026-04-21T08:20:51.656,11.58713,104.89973,14.601,-0.30932,-0.31641,0.4024,1.726
T0001,independence_to_aeon_mall,748,2026-04-21T08:20:53.382,11.58714,104.89973,13.268,-0.19482,0.06029,0.279,1.8992
T0001,independence_to_aeon_mall,749,2026-04-21T08:20:55.281,11.58715,104.89973,12.486,-0.10765,0.04319,0.3066,2.0182
T0001,independence_to_aeon_mall,750,2026-04-21T08:20:57.299,11.58722,104.89973,13.843,0.20705,0.17287,0.3047,1.8204
T0001,independence_to_aeon_mall,751,2026-04-21T08:20:59.119,11.58731,104.89971,13.377,-0.06873,-0.14639,0.415,1.8838
T0001,independence_to_aeon_mall,752,2026-04-21T08:21:01.003,11.58738,104.8997033,12.303,-0.14562,-0.03754,0.34,2.0482
T0001,independence_to_aeon_mall,753,2026-04-21T08:21:03.051,11.58745,104.8996967,16.899,0.85609,0.67175,0.3084,1.4912
T0001,independence_to_aeon_mall,754,2026-04-21T08:21:04.543,11.58752,104.89969,16.504,-0.07193,-0.60777,0.4558,1.5269
T0001,independence_to_aeon_mall,755,2026-04-21T08:21:06.069,11.58758,104.89969,15.53,-0.16668,-0.05839,0.3716,1.6227
T0001,independence_to_aeon_mall,756,2026-04-21T08:21:07.692,11.58765,104.89968,12.445,-0.42324,-0.1267,0.2641,2.0249
T0001,independence_to_aeon_mall,757,2026-04-21T08:21:09.717,11.58772,104.89967,15.109,0.44363,0.51973,0.47,1.6679
T0001,independence_to_aeon_mall,758,2026-04-21T08:21:11.385,11.58782,104.89968,14.786,-0.05266,-0.29119,0.3028,1.7044
T0001,independence_to_aeon_mall,759,2026-04-21T08:21:13.089,11.5879,104.89969,14.49,-0.04722,0.00313,0.2117,1.7391
T0001,independence_to_aeon_mall,760,2026-04-21T08:21:14.829,11.588,104.89971,15.701,0.20953,0.15996,0.3484,1.605
T0001,independence_to_aeon_mall,761,2026-04-21T08:21:16.434,11.58807,104.89973,14.779,-0.15011,-0.21092,0.2372,1.7051
T0001,independence_to_aeon_mall,762,2026-04-21T08:21:18.139,11.58814,104.89975,14.936,0.02584,0.10429,0.2715,1.6872
T0001,independence_to_aeon_mall,763,2026-04-21T08:21:19.826,11.58814,104.89975,16.072,0.20121,0.11185,0.4241,1.568
T0001,independence_to_aeon_mall,764,2026-04-21T08:21:21.394,11.58819,104.89977,15.628,-0.07651,-0.17223,0.2392,1.6125
T0001,independence_to_aeon_mall,765,2026-04-21T08:21:23.006,11.58822,104.89978,12.441,-0.437,-0.17797,0.4421,2.0255
T0001,independence_to_aeon_mall,766,2026-04-21T08:21:25.032,11.58827,104.8998,15.242,0.47057,0.54894,0.4811,1.6533
T0001,independence_to_aeon_mall,767,2026-04-21T08:21:26.685,11.588345,104.89982,14.282,-0.15109,-0.35233,0.382,1.7644
T0001,independence_to_aeon_mall,768,2026-04-21T08:21:28.450,11.58842,104.89984,13.197,-0.1579,-0.00357,0.4131,1.9096
T0001,independence_to_aeon_mall,769,2026-04-21T08:21:30.359,11.58848,104.89984,17.639,0.86378,0.71514,0.4141,1.4286
T0001,independence_to_aeon_mall,770,2026-04-21T08:21:31.788,11.5885,104.89984,17.71,0.01382,-0.59734,0.4978,1.4229
T0001,independence_to_aeon_mall,771,2026-04-21T08:21:33.211,11.5886,104.89983,17.155,-0.10489,-0.08081,0.3025,1.4689
T0001,independence_to_aeon_mall,772,2026-04-21T08:21:34.680,11.58862,104.89983,15.499,-0.28293,-0.1095,0.2489,1.6259
T0001,independence_to_aeon_mall,773,2026-04-21T08:21:36.306,11.58863,104.89983,17.142,0.31048,0.40367,0.3558,1.47
T0001,independence_to_aeon_mall,774,2026-04-21T08:21:37.776,11.58864,104.89984,15.135,-0.33497,-0.38764,0.36,1.6651
T0001,independence_to_aeon_mall,775,2026-04-21T08:21:39.441,11.58865,104.89984,15.421,0.04863,0.23474,0.2534,1.6342
T0001,independence_to_aeon_mall,776,2026-04-21T08:21:41.075,11.58866,104.89985,13.476,-0.28884,-0.18047,0.3839,1.87
T0001,independence_to_aeon_mall,777,2026-04-21T08:21:42.945,11.58867,104.89986,15.712,0.3872,0.42151,0.2042,1.6039
T0001,independence_to_aeon_mall,778,2026-04-21T08:21:44.549,11.58868,104.89988,15.207,-0.08464,-0.28473,0.4783,1.6571
T0001,independence_to_aeon_mall,779,2026-04-21T08:21:46.206,11.58869,104.89994,13.163,-0.29664,-0.11074,0.2794,1.9145
T0001,independence_to_aeon_mall,780,2026-04-21T08:21:48.120,11.5887,104.9,15.04,0.3112,0.36277,0.2119,1.6756
T0001,independence_to_aeon_mall,781,2026-04-21T08:21:49.796,11.58871,104.90001,14.997,-0.00708,-0.18941,0.2325,1.6803
T0001,independence_to_aeon_mall,782,2026-04-21T08:21:51.476,11.58873,104.90002,17.813,0.55291,0.39583,0.2721,1.4147
T0001,independence_to_aeon_mall,783,2026-04-21T08:21:52.891,11.58875,104.90003,16.458,-0.24582,-0.52164,0.2822,1.5312
T0001,independence_to_aeon_mall,784,2026-04-21T08:21:54.422,11.58877,104.90004,15.134,-0.22089,0.01497,0.2098,1.6652
T0001,independence_to_aeon_mall,785,2026-04-21T08:21:56.087,11.58885,104.90005,15.49,0.06079,0.17314,0.2838,1.6269
T0001,independence_to_aeon_mall,786,2026-04-21T08:21:57.714,11.58897,104.90006,15.183,-0.05136,-0.06757,0.2579,1.6598
T0001,independence_to_aeon_mall,787,2026-04-21T08:21:59.374,11.58902,104.90006,14.812,-0.06052,-0.00539,0.3136,1.7013
T0001,independence_to_aeon_mall,788,2026-04-21T08:22:01.075,11.58909,104.90006,13.493,-0.19622,-0.07265,0.3156,1.8677
T0002,olympic_stadium_to_russian_market,0,2026-04-21T08:45:00.000,11.55376,104.92277,9.772,0.0,0.0,0.2142,2.5788
T0002,olympic_stadium_to_russian_market,1,2026-04-21T08:45:02.578,11.55377,104.92284,11.633,0.23868,0.11018,0.4287,2.1662
T0002,olympic_stadium_to_russian_market,2,2026-04-21T08:45:04.745,11.55378,104.92291,13.617,0.29773,0.03191,0.4962,1.8507
T0002,olympic_stadium_to_russian_market,3,2026-04-21T08:45:06.595,11.55379,104.92298,13.586,-0.00454,-0.16297,0.2135,1.8548
T0002,olympic_stadium_to_russian_market,4,2026-04-21T08:45:08.450,11.5538,104.9230467,11.275,-0.28724,-0.12649,0.4244,2.235
T0002,olympic_stadium_to_russian_market,5,2026-04-21T08:45:10.685,11.55381,104.9231133,13.244,0.28732,0.30195,0.2216,1.9028
T0002,olympic_stadium_to_russian_market,6,2026-04-21T08:45:12.588,11.55382,104.92318,14.539,0.2077,-0.04594,0.3776,1.7332
T0002,olympic_stadium_to_russian_market,7,2026-04-21T08:45:14.321,11.55383,104.9232467,14.171,-0.05749,-0.14913,0.4268,1.7782
T0002,olympic_stadium_to_russian_market,8,2026-04-21T08:45:16.099,11.55384,104.9233133,12.863,-0.18553,-0.06536,0.3078,1.9591
T0002,olympic_stadium_to_russian_market,9,2026-04-21T08:45:18.058,11.55385,104.92338,12.304,-0.07582,0.05357,0.2033,2.0481
T0002,olympic_stadium_to_russian_market,10,2026-04-21T08:45:20.106,11.55385,104.92338,12.962,0.09403,0.08736,0.3786,1.9441
T0002,olympic_stadium_to_russian_market,11,2026-04-21T08:45:22.051,11.553786,104.92339,14.608,0.265,0.09911,0.4974,1.7251
T0002,olympic_stadium_to_russian_market,12,2026-04-21T08:45:23.776,11.553722,104.9234,14.199,-0.06402,-0.18538,0.2773,1.7748
T0002,olympic_stadium_to_russian_market,13,2026-04-21T08:45:25.551,11.553658,104.92341,14.85,0.10664,0.10057,0.2568,1.697
T0002,olympic_stadium_to_russian_market,14,2026-04-21T08:45:27.247,11.553594,104.92342,14.104,-0.11602,-0.12462,0.2372,1.7867
T0002,olympic_stadium_to_russian_market,15,2026-04-21T08:45:29.034,11.55353,104.92343,15.134,0.17188,0.17291,0.3666,1.6651
T0002,olympic_stadium_to_russian_market,16,2026-04-21T08:45:30.699,11.553466,104.92344,14.048,-0.16821,-0.18958,0.3789,1.7939
T0002,olympic_stadium_to_russian_market,17,2026-04-21T08:45:32.493,11.553402,104.92345,15.083,0.1721,0.20369,0.4377,1.6708
T0002,olympic_stadium_to_russian_market,18,2026-04-21T08:45:34.164,11.553338,104.92346,15.212,0.02166,-0.09081,0.4259,1.6566
T0002,olympic_stadium_to_russian_market,19,2026-04-21T08:45:35.820,11.553274,104.92347,12.699,-0.35178,-0.18819,0.4678,1.9844
T0002,olympic_stadium_to_russian_market,20,2026-04-21T08:45:37.805,11.55321,104.92348,11.194,-0.18575,0.07375,0.4417,2.2512
T0002,olympic_stadium_to_russian_market,21,2026-04-21T08:45:40.056,11.5531411,104.92349,16.221,0.89894,0.69822,0.2742,1.5535
T0002,olympic_stadium_to_russian_market,22,2026-04-21T08:45:41.610,11.5530722,104.9235,14.291,-0.30407,-0.68223,0.3668,1.7633
T0002,olympic_stadium_to_russian_market,23,2026-04-21T08:45:43.373,11.5530033,104.92351,11.334,-0.3694,-0.02939,0.2892,2.2233
T0002,olympic_stadium_to_russian_market,24,2026-04-21T08:45:45.596,11.5529344,104.92352,12.835,0.21236,0.29632,0.2989,1.9633
T0002,olympic_stadium_to_russian_market,25,2026-04-21T08:45:47.560,11.5528656,104.92353,15.064,0.37004,0.09426,0.4796,1.6729
T0002,olympic_stadium_to_russian_market,26,2026-04-21T08:45:49.233,11.5527967,104.92354,13.486,-0.23449,-0.32353,0.4046,1.8685
T0002,olympic_stadium_to_russian_market,27,2026-04-21T08:45:51.101,11.5527278,104.92355,13.138,-0.05048,0.09593,0.4924,1.9181
T0002,olympic_stadium_to_russian_market,28,2026-04-21T08:45:53.019,11.5526589,104.92356,16.007,0.5063,0.35367,0.3251,1.5743
T0002,olympic_stadium_to_russian_market,29,2026-04-21T08:45:54.593,11.55259,104.92357,12.335,-0.49931,-0.49223,0.3612,2.043
T0002,olympic_stadium_to_russian_market,30,2026-04-21T08:45:56.636,11.5525233,104.9235811,12.709,0.05235,0.27821,0.3461,1.9829
T0002,olympic_stadium_to_russian_market,31,2026-04-21T08:45:58.619,11.5524567,104.9235922,14.223,0.23741,0.10445,0.2322,1.7718
T0002,olympic_stadium_to_russian_market,32,2026-04-21T08:46:00.391,11.55239,104.9236033,14.492,0.04291,-0.11185,0.271,1.7389
T0002,olympic_stadium_to_russian_market,33,2026-04-21T08:46:02.130,11.5523233,104.9236144,14.651,0.02565,-0.01003,0.3583,1.7201
T0002,olympic_stadium_to_russian_market,34,2026-04-21T08:46:03.850,11.5522567,104.9236256,15.273,0.10477,0.04795,0.2202,1.65
T0002,olympic_stadium_to_russian_market,35,2026-04-21T08:46:05.500,11.55219,104.9236367,14.204,-0.16737,-0.15339,0.4794,1.7742
T0002,olympic_stadium_to_russian_market,36,2026-04-21T08:46:07.274,11.5521233,104.9236478,14.64,0.07039,0.13813,0.2372,1.7213
T0002,olympic_stadium_to_russian_market,37,2026-04-21T08:46:08.996,11.5520567,104.9236589,13.517,-0.16731,-0.1275,0.2594,1.8643
T0002,olympic_stadium_to_russian_market,38,2026-04-21T08:46:10.860,11.55199,104.92367,14.0,0.07452,0.13435,0.4296,1.8
T0002,olympic_stadium_to_russian_market,39,2026-04-21T08:46:12.660,11.5519233,104.92368,14.067,0.01043,-0.03578,0.2291,1.7914
T0002,olympic_stadium_to_russian_market,40,2026-04-21T08:46:14.451,11.5518567,104.92369,14.229,0.02531,0.0084,0.4701,1.7711
T0002,olympic_stadium_to_russian_market,41,2026-04-21T08:46:16.222,11.55179,104.9237,15.065,0.13885,0.06788,0.4177,1.6728
T0002,olympic_stadium_to_russian_market,42,2026-04-21T08:46:17.895,11.5517233,104.92371,14.739,-0.05298,-0.1122,0.2206,1.7098
T0002,olympic_stadium_to_russian_market,43,2026-04-21T08:46:19.605,11.5516567,104.92372,13.972,-0.11804,-0.03607,0.4076,1.8036
T0002,olympic_stadium_to_russian_market,44,2026-04-21T08:46:21.408,11.55159,104.92373,12.692,-0.17908,-0.03075,0.3895,1.9855
T0002,olympic_stadium_to_russian_market,45,2026-04-21T08:46:23.394,11.5515233,104.92374,14.008,0.20307,0.21242,0.4272,1.799
T0002,olympic_stadium_to_russian_market,46,2026-04-21T08:46:25.193,11.5514567,104.92375,13.864,-0.02194,-0.12379,0.4485,1.8177
T0002,olympic_stadium_to_russian_market,47,2026-04-21T08:46:27.011,11.55139,104.92376,14.196,0.05192,0.0416,0.4155,1.7752
T0002,olympic_stadium_to_russian_market,48,2026-04-21T08:46:28.786,11.55128,104.92377,17.216,0.5731,0.35606,0.3759,1.4638
T0002,olympic_stadium_to_russian_market,49,2026-04-21T08:46:30.249,11.55119,104.923785,13.12,-0.5923,-0.60677,0.2967,1.9207
T0002,olympic_stadium_to_russian_market,50,2026-04-21T08:46:32.170,11.5511,104.9238,14.539,0.22743,0.47296,0.4092,1.7332
T0002,olympic_stadium_to_russian_market,51,2026-04-21T08:46:33.903,11.5510371,104.9238086,15.509,0.1657,-0.038,0.4871,1.6249
T0002,olympic_stadium_to_russian_market,52,2026-04-21T08:46:35.528,11.5509743,104.9238171,14.053,-0.22549,-0.21815,0.3763,1.7932
T0002,olympic_stadium_to_russian_market,53,2026-04-21T08:46:37.321,11.5509114,104.9238257,17.413,0.64487,0.60141,0.3993,1.4472
T0002,olympic_stadium_to_russian_market,54,2026-04-21T08:46:38.769,11.5508486,104.9238343,13.339,-0.59899,-0.65841,0.3311,1.8892
T0002,olympic_stadium_to_russian_market,55,2026-04-21T08:46:40.658,11.5507857,104.9238429,14.392,0.16708,0.43752,0.4268,1.751
T0002,olympic_stadium_to_russian_market,56,2026-04-21T08:46:42.409,11.5507229,104.9238514,12.708,-0.23594,-0.20323,0.4993,1.983
T0002,olympic_stadium_to_russian_market,57,2026-04-21T08:46:44.392,11.55066,104.92386,13.379,0.09894,0.17779,0.2481,1.8836
T0002,olympic_stadium_to_russian_market,58,2026-04-21T08:46:46.275,11.5505973,104.9238673,14.279,0.14177,0.02427,0.2607,1.7648
T0002,olympic_stadium_to_russian_market,59,2026-04-21T08:46:48.040,11.5505345,104.9238745,15.175,0.14989,0.00489,0.3618,1.6606
T0002,olympic_stadium_to_russian_market,60,2026-04-21T08:46:49.701,11.5504718,104.9238818,14.385,-0.12539,-0.15714,0.3444,1.7519
T0002,olympic_stadium_to_russian_market,61,2026-04-21T08:46:51.453,11.5504091,104.9238891,15.795,0.24549,0.23246,0.3715,1.5955
T0002,olympic_stadium_to_russian_market,62,2026-04-21T08:46:53.048,11.5503464,104.9238964,13.764,-0.30815,-0.30238,0.2147,1.8309
T0002,olympic_stadium_to_russian_market,63,2026-04-21T08:46:54.879,11.5502836,104.9239036,13.408,-0.05259,0.13597,0.3213,1.8795
T0002,olympic_stadium_to_russian_market,64,2026-04-21T08:46:56.759,11.5502209,104.9239109,17.962,0.90171,0.6802,0.3749,1.403
T0002,olympic_stadium_to_russian_market,65,2026-04-21T08:46:58.162,11.5501582,104.9239182,14.497,-0.55366,-0.83726,0.3756,1.7382
T0002,olympic_stadium_to_russian_market,66,2026-04-21T08:46:59.900,11.5500955,104.9239255,12.827,-0.2362,0.16159,0.3972,1.9646
T0002,olympic_stadium_to_russian_market,67,2026-04-21T08:47:01.864,11.5500327,104.9239327,12.865,0.00536,0.12332,0.4161,1.9589
T0002,olympic_stadium_to_russian_market,68,2026-04-21T08:47:03.823,11.54997,104.92394,12.492,-0.05131,-0.02809,0.3925,2.0173
T0002,olympic_stadium_to_russian_market,69,2026-04-21T08:47:05.841,11.5499036,104.92395,15.311,0.47574,0.32022,0.4371,1.6459
T0002,olympic_stadium_to_russian_market,70,2026-04-21T08:47:07.486,11.5498373,104.92396,13.359,-0.28737,-0.40455,0.3874,1.8863
T0002,olympic_stadium_to_russian_market,71,2026-04-21T08:47:09.373,11.5497709,104.92397,14.097,0.11462,0.22487,0.3613,1.7876
T0002,olympic_stadium_to_russian_market,72,2026-04-21T08:47:11.160,11.5497045,104.92398,13.811,-0.04359,-0.0867,0.3819,1.8247
T0002,olympic_stadium_to_russian_market,73,2026-04-21T08:47:12.985,11.5496382,104.92399,15.003,0.19722,0.14337,0.2304,1.6796
T0002,olympic_stadium_to_russian_market,74,2026-04-21T08:47:14.665,11.5495718,104.924,12.636,-0.32974,-0.26423,0.2819,1.9943
T0002,olympic_stadium_to_russian_market,75,2026-04-21T08:47:16.659,11.5495055,104.92401,12.293,-0.04651,0.13816,0.3582,2.05
T0002,olympic_stadium_to_russian_market,76,2026-04-21T08:47:18.709,11.5494391,104.92402,14.242,0.30611,0.19929,0.4619,1.7694
T0002,olympic_stadium_to_russian_market,77,2026-04-21T08:47:20.478,11.5493727,104.92403,14.807,0.09222,-0.12568,0.4037,1.7018
T0002,olympic_stadium_to_russian_market,78,2026-04-21T08:47:22.180,11.5493064,104.92404,14.405,-0.06393,-0.08926,0.2271,1.7494
T0002,olympic_stadium_to_russian_market,79,2026-04-21T08:47:23.930,11.54924,104.92405,12.692,-0.23965,-0.0885,0.3777,1.9855
T0002,olympic_stadium_to_russian_market,80,2026-04-21T08:47:25.915,11.5491758,104.9240583,14.922,0.36687,0.35915,0.2665,1.6888
T0002,olympic_stadium_to_russian_market,81,2026-04-21T08:47:27.604,11.5491117,104.9240667,12.79,-0.30058,-0.33877,0.4202,1.9703
T0002,olympic_stadium_to_russian_market,82,2026-04-21T08:47:29.574,11.5490475,104.924075,13.124,0.04824,0.18166,0.4482,1.9202
T0002,olympic_stadium_to_russian_market,83,2026-04-21T08:47:31.494,11.5489833,104.9240833,12.49,-0.08724,-0.06715,0.378,2.0176
T0002,olympic_stadium_to_russian_market,84,2026-04-21T08:47:33.512,11.5489192,104.9240917,15.858,0.58866,0.42533,0.3774,1.5891
T0002,olympic_stadium_to_russian_market,85,2026-04-21T08:47:35.101,11.548855,104.9241,14.856,-0.16402,-0.44373,0.3016,1.6963
T0002,olympic_stadium_to_russian_market,86,2026-04-21T08:47:36.797,11.5487908,104.9241083,14.813,-0.00696,0.09232,0.3339,1.7012
T0002,olympic_stadium_to_russian_market,87,2026-04-21T08:47:38.499,11.5487267,104.9241167,15.777,0.16753,0.10924,0.4592,1.5973
T0002,olympic_stadium_to_russian_market,88,2026-04-21T08:47:40.096,11.5486625,104.924125,18.125,0.46914,0.21693,0.417,1.3903
T0002,olympic_stadium_to_russian_market,89,2026-04-21T08:47:41.486,11.5485983,104.9241333,11.342,-0.84801,-0.59283,0.3559,2.2218
T0002,olympic_stadium_to_russian_market,90,2026-04-21T08:47:43.708,11.5485342,104.9241417,12.798,0.20545,0.53503,0.3105,1.969
T0002,olympic_stadium_to_russian_market,91,2026-04-21T08:47:45.677,11.54847,104.92415,12.982,0.02623,-0.09232,0.2151,1.9412
T0002,olympic_stadium_to_russian_market,92,2026-04-21T08:47:47.618,11.548405,104.92416,12.63,-0.049,-0.0377,0.2429,1.9953
T0002,olympic_stadium_to_russian_market,93,2026-04-21T08:47:49.613,11.54834,104.92417,12.29,-0.04608,0.00142,0.2579,2.0505
T0002,olympic_stadium_to_russian_market,94,2026-04-21T08:47:51.664,11.548275,104.92418,13.457,0.17309,0.11703,0.312,1.8727
T0002,olympic_stadium_to_russian_market,95,2026-04-21T08:47:53.537,11.54821,104.92419,12.081,-0.18316,-0.17079,0.4832,2.0859
T0002,olympic_stadium_to_russian_market,96,2026-04-21T08:47:55.623,11.548145,104.9242,14.409,0.36966,0.31609,0.3515,1.749
T0002,olympic_stadium_to_russian_market,97,2026-04-21T08:47:57.371,11.54808,104.92421,13.984,-0.06551,-0.24148,0.2705,1.8021
T0002,olympic_stadium_to_russian_market,98,2026-04-21T08:47:59.174,11.548015,104.92422,14.628,0.10384,0.0983,0.2317,1.7228
T0002,olympic_stadium_to_russian_market,99,2026-04-21T08:48:00.896,11.54795,104.92423,14.668,0.00648,-0.05667,0.5265,1.7181
T0002,olympic_stadium_to_russian_market,100,2026-04-21T08:48:02.614,11.547885,104.92424,14.811,0.02333,0.00991,0.5544,1.7015
T0002,olympic_stadium_to_russian_market,101,2026-04-21T08:48:04.316,11.54782,104.92425,13.346,-0.21546,-0.12647,0.6942,1.8882
T0002,olympic_stadium_to_russian_market,102,2026-04-21T08:48:06.204,11.547755,104.92426,17.088,0.7048,0.62401,0.5797,1.4747
T0002,olympic_stadium_to_russian_market,103,2026-04-21T08:48:07.679,11.54769,104.92427,14.258,-0.44478,-0.65041,0.7534,1.7675
T0002,olympic_stadium_to_russian_market,104,2026-04-21T08:48:09.446,11.5476227,104.9242809,11.112,-0.38528,0.02624,0.5934,2.2678
T0002,olympic_stadium_to_russian_market,105,2026-04-21T08:48:11.714,11.5475555,104.9242918,12.402,0.17638,0.27643,0.5085,2.0319
T0002,olympic_stadium_to_russian_market,106,2026-04-21T08:48:13.746,11.5474882,104.9243027,11.295,-0.13785,-0.14085,0.5939,2.231
T0002,olympic_stadium_to_russian_market,107,2026-04-21T08:48:15.977,11.5474209,104.9243136,13.932,0.40493,0.30008,0.6774,1.8088
T0002,olympic_stadium_to_russian_market,108,2026-04-21T08:48:17.786,11.5473536,104.9243245,13.723,-0.03157,-0.23771,0.7105,1.8363
T0002,olympic_stadium_to_russian_market,109,2026-04-21T08:48:19.622,11.5472864,104.9243355,13.203,-0.07567,-0.02311,0.4473,1.9086
T0002,olympic_stadium_to_russian_market,110,2026-04-21T08:48:21.531,11.5472191,104.9243464,16.922,0.69373,0.51667,0.7512,1.4892
T0002,olympic_stadium_to_russian_market,111,2026-04-21T08:48:23.020,11.5471518,104.9243573,14.729,-0.35605,-0.6136,0.6662,1.7109
T0002,olympic_stadium_to_russian_market,112,2026-04-21T08:48:24.731,11.5470845,104.9243682,14.995,0.04391,0.23799,0.5435,1.6805
T0002,olympic_stadium_to_russian_market,113,2026-04-21T08:48:26.411,11.5470173,104.9243791,12.509,-0.34276,-0.19195,0.4359,2.0145
T0002,olympic_stadium_to_russian_market,114,2026-04-21T08:48:28.426,11.54695,104.92439,12.407,-0.01396,0.16188,0.7189,2.0311
T0002,olympic_stadium_to_russian_market,115,2026-04-21T08:48:30.457,11.5468833,104.9244,13.961,0.23914,0.14022,0.4911,1.805
T0002,olympic_stadium_to_russian_market,116,2026-04-21T08:48:32.262,11.5468167,104.92441,14.166,0.0319,-0.11649,0.4908,1.779
T0002,olympic_stadium_to_russian_market,117,2026-04-21T08:48:34.041,11.54675,104.92442,11.122,-0.37317,-0.17877,0.6327,2.2659
T0002,olympic_stadium_to_russian_market,118,2026-04-21T08:48:36.307,11.5466833,104.92443,13.636,0.37786,0.40638,0.6385,1.8481
T0002,olympic_stadium_to_russian_market,119,2026-04-21T08:48:38.155,11.5466167,104.92444,13.927,0.04476,-0.18409,0.4793,1.8094
T0002,olympic_stadium_to_russian_market,120,2026-04-21T08:48:39.964,11.54655,104.92445,13.583,-0.05148,-0.05188,0.7313,1.8552
T0002,olympic_stadium_to_russian_market,121,2026-04-21T08:48:41.819,11.5464833,104.92446,12.686,-0.12548,-0.03725,0.6168,1.9865
T0002,olympic_stadium_to_russian_market,122,2026-04-21T08:48:43.806,11.5464167,104.92447,13.097,0.0593,0.09604,0.6615,1.9241
T0002,olympic_stadium_to_russian_market,123,2026-04-21T08:48:45.730,11.54635,104.92448,13.641,0.0818,0.01218,0.4532,1.8474
T0002,olympic_stadium_to_russian_market,124,2026-04-21T08:48:47.577,11.5462833,104.92449,14.042,0.06214,-0.01095,0.6341,1.7946
T0002,olympic_stadium_to_russian_market,125,2026-04-21T08:48:49.372,11.5462167,104.9245,14.813,0.12589,0.03747,0.5543,1.7012
T0002,olympic_stadium_to_russian_market,126,2026-04-21T08:48:51.073,11.54615,104.92451,15.527,0.12222,-0.00226,0.6051,1.6229
T0002,olympic_stadium_to_russian_market,127,2026-04-21T08:48:52.696,11.5460811,104.92452,13.464,-0.30616,-0.22889,0.598,1.8716
T0002,olympic_stadium_to_russian_market,128,2026-04-21T08:48:54.568,11.5460122,104.92453,13.222,-0.03537,0.14207,0.5134,1.9059
T0002,olympic_stadium_to_russian_market,129,2026-04-21T08:48:56.474,11.5459433,104.92454,14.562,0.21521,0.14481,0.5673,1.7305
T0002,olympic_stadium_to_russian_market,130,2026-04-21T08:48:58.204,11.5458744,104.92455,14.822,0.04244,-0.10162,0.4937,1.7001
T0002,olympic_stadium_to_russian_market,131,2026-04-21T08:48:59.904,11.5458056,104.92456,13.255,-0.22903,-0.14279,0.5422,1.9012
T0002,olympic_stadium_to_russian_market,132,2026-04-21T08:49:01.805,11.5457367,104.92457,15.092,0.30557,0.32016,0.5979,1.6698
T0002,olympic_stadium_to_russian_market,133,2026-04-21T08:49:03.475,11.5456678,104.92458,15.375,0.0481,-0.1571,0.7538,1.639
T0002,olympic_stadium_to_russian_market,134,2026-04-21T08:49:05.114,11.5455989,104.92459,15.844,0.08176,0.02116,0.6777,1.5906
T0002,olympic_stadium_to_russian_market,135,2026-04-21T08:49:06.705,11.54553,104.9246,16.573,0.13335,0.03393,0.5296,1.5205
T0002,olympic_stadium_to_russian_market,136,2026-04-21T08:49:08.225,11.545467,104.924611,12.606,-0.55127,-0.34248,0.4494,1.999
T0002,olympic_stadium_to_russian_market,137,2026-04-21T08:49:10.224,11.545404,104.924622,13.927,0.20271,0.41669,0.687,1.8095
T0002,olympic_stadium_to_russian_market,138,2026-04-21T08:49:12.034,11.545341,104.924633,13.923,-0.0006,-0.11233,0.6195,1.81
T0002,olympic_stadium_to_russian_market,139,2026-04-21T08:49:13.844,11.545278,104.924644,13.759,-0.02488,-0.01325,0.5536,1.8315
T0002,olympic_stadium_to_russian_market,140,2026-04-21T08:49:15.675,11.545215,104.924655,12.932,-0.11786,-0.04772,0.4592,1.9486
T0002,olympic_stadium_to_russian_market,141,2026-04-21T08:49:17.624,11.545152,104.924666,11.678,-0.16148,-0.02021,0.7803,2.158
T0002,olympic_stadium_to_russian_market,142,2026-04-21T08:49:19.782,11.545089,104.924677,14.045,0.36651,0.29427,0.6209,1.7942
T0002,olympic_stadium_to_russian_market,143,2026-04-21T08:49:21.576,11.545026,104.924688,12.753,-0.18157,-0.27738,0.726,1.9759
T0002,olympic_stadium_to_russian_market,144,2026-04-21T08:49:23.552,11.544963,104.924699,14.035,0.19826,0.21154,0.6399,1.7955
T0002,olympic_stadium_to_russian_market,145,2026-04-21T08:49:25.348,11.5449,104.92471,12.715,-0.18501,-0.19339,0.726,1.9819
T0002,olympic_stadium_to_russian_market,146,2026-04-21T08:49:27.329,11.544833,104.92472,12.257,-0.06193,0.05986,0.7494,2.056
T0002,olympic_stadium_to_russian_market,147,2026-04-21T08:49:29.386,11.544766,104.92473,14.257,0.31446,0.21296,0.489,1.7675
T0002,olympic_stadium_to_russian_market,148,2026-04-21T08:49:31.153,11.544699,104.92474,14.132,-0.01948,-0.18728,0.5965,1.7831
T0002,olympic_stadium_to_russian_market,149,2026-04-21T08:49:32.936,11.544632,104.92475,14.775,0.10465,0.07278,0.497,1.7056
T0002,olympic_stadium_to_russian_market,150,2026-04-21T08:49:34.642,11.544565,104.92476,17.185,0.45649,0.23994,0.5685,1.4664
T0002,olympic_stadium_to_russian_market,151,2026-04-21T08:49:36.108,11.544498,104.92477,14.322,-0.45196,-0.5163,0.7389,1.7595
T0002,olympic_stadium_to_russian_market,152,2026-04-21T08:49:37.868,11.544431,104.92478,14.634,0.05028,0.29165,0.4517,1.7221
T0002,olympic_stadium_to_russian_market,153,2026-04-21T08:49:39.590,11.544364,104.92479,12.29,-0.31753,-0.17938,0.7245,2.0505
T0002,olympic_stadium_to_russian_market,154,2026-04-21T08:49:41.640,11.544297,104.9248,11.976,-0.04145,0.1312,0.5759,2.1043
T0002,olympic_stadium_to_russian_market,155,2026-04-21T08:49:43.745,11.54423,104.92481,16.28,0.77249,0.52584,0.7684,1.5479
T0002,olympic_stadium_to_russian_market,156,2026-04-21T08:49:45.292,11.54417,104.92482,12.521,-0.51887,-0.64162,0.6721,2.0127
T0002,olympic_stadium_to_russian_market,157,2026-04-21T08:49:47.305,11.544105,104.9248325,12.34,-0.02458,0.24205,0.6839,2.0421
T0002,olympic_stadium_to_russian_market,158,2026-04-21T08:49:49.347,11.54404,104.924845,13.847,0.23007,0.13993,0.5022,1.8198
T0002,olympic_stadium_to_russian_market,159,2026-04-21T08:49:51.167,11.543975,104.9248575,13.771,-0.01163,-0.13208,0.5112,1.83
T0002,olympic_stadium_to_russian_market,160,2026-04-21T08:49:52.997,11.54391,104.92487,12.552,-0.16859,-0.07818,0.5448,2.0076
T0002,olympic_stadium_to_russian_market,161,2026-04-21T08:49:55.005,11.543838,104.924874,13.449,0.13287,0.16088,0.6837,1.8738
T0002,olympic_stadium_to_russian_market,162,2026-04-21T08:49:56.878,11.543766,104.924878,15.75,0.39957,0.16669,0.6925,1.6
T0002,olympic_stadium_to_russian_market,163,2026-04-21T08:49:58.478,11.543694,104.924882,12.697,-0.4273,-0.41662,0.6105,1.9847
T0002,olympic_stadium_to_russian_market,164,2026-04-21T08:50:00.463,11.543622,104.924886,11.816,-0.11481,0.14652,0.7523,2.1328
T0002,olympic_stadium_to_russian_market,165,2026-04-21T08:50:02.596,11.54355,104.92489,15.32,0.59179,0.42956,0.7455,1.6449
T0002,olympic_stadium_to_russian_market,166,2026-04-21T08:50:04.241,11.5434829,104.9248943,14.644,-0.10903,-0.40727,0.7907,1.7208
T0002,olympic_stadium_to_russian_market,167,2026-04-21T08:50:05.962,11.5434157,104.9248986,12.975,-0.23874,-0.06678,0.7413,1.9422
T0002,olympic_stadium_to_russian_market,168,2026-04-21T08:50:07.904,11.5433486,104.9249029,11.533,-0.18337,0.02534,0.5787,2.1851
T0002,olympic_stadium_to_russian_market,169,2026-04-21T08:50:10.089,11.5432814,104.9249071,12.789,0.17711,0.18294,0.5504,1.9704
T0002,olympic_stadium_to_russian_market,170,2026-04-21T08:50:12.059,11.5432143,104.9249114,13.824,0.1577,-0.01065,0.5165,1.8229
T0002,olympic_stadium_to_russian_market,171,2026-04-21T08:50:13.882,11.5431471,104.9249157,15.655,0.31588,0.09827,0.6015,1.6098
T0002,olympic_stadium_to_russian_market,172,2026-04-21T08:50:15.492,11.54308,104.92492,12.351,-0.44974,-0.37525,0.6526,2.0403
T0002,olympic_stadium_to_russian_market,173,2026-04-21T08:50:17.532,11.5430173,104.9249255,13.779,0.21691,0.36452,0.5598,1.8288
T0002,olympic_stadium_to_russian_market,174,2026-04-21T08:50:19.361,11.5429545,104.9249309,14.919,0.18739,-0.01748,0.5159,1.6892
T0002,olympic_stadium_to_russian_market,175,2026-04-21T08:50:21.050,11.5428918,104.9249364,10.334,-0.52224,-0.29101,0.5059,2.4385
T0002,olympic_stadium_to_russian_market,176,2026-04-21T08:50:23.489,11.5428291,104.9249418,15.457,0.87277,0.85565,0.6987,1.6304
T0002,olympic_stadium_to_russian_market,177,2026-04-21T08:50:25.119,11.5427664,104.9249473,12.132,-0.44458,-0.63423,0.7456,2.0771
T0002,olympic_stadium_to_russian_market,178,2026-04-21T08:50:27.196,11.5427036,104.9249527,14.404,0.36068,0.46028,0.7585,1.7495
T0002,olympic_stadium_to_russian_market,179,2026-04-21T08:50:28.946,11.5426409,104.9249582,14.276,-0.02014,-0.21574,0.7169,1.7652
T0002,olympic_stadium_to_russian_market,180,2026-04-21T08:50:30.711,11.5425782,104.9249636,15.533,0.2152,0.14506,0.7571,1.6224
T0002,olympic_stadium_to_russian_market,181,2026-04-21T08:50:32.333,11.5425155,104.9249691,14.732,-0.13,-0.20181,0.582,1.7105
T0002,olympic_stadium_to_russian_market,182,2026-04-21T08:50:34.044,11.5424527,104.9249745,10.34,-0.50063,-0.15208,0.6757,2.4371
T0002,olympic_stadium_to_russian_market,183,2026-04-21T08:50:36.481,11.54239,104.92498,12.729,0.33517,0.42217,0.758,1.9798
T0002,olympic_stadium_to_russian_market,184,2026-04-21T08:50:38.461,11.5423273,104.9249855,14.113,0.21538,-0.06708,0.6391,1.7855
T0002,olympic_stadium_to_russian_market,185,2026-04-21T08:50:40.246,11.5422645,104.9249909,13.614,-0.075,-0.15687,0.5224,1.8511
T0002,olympic_stadium_to_russian_market,186,2026-04-21T08:50:42.097,11.5422018,104.9249964,14.622,0.16261,0.13788,0.5658,1.7234
T0002,olympic_stadium_to_russian_market,187,2026-04-21T08:50:43.821,11.5421391,104.9250018,15.09,0.07778,-0.0508,0.4951,1.67
T0002,olympic_stadium_to_russian_market,188,2026-04-21T08:50:45.491,11.5420764,104.9250073,14.819,-0.04433,-0.07181,0.7071,1.7006
T0002,olympic_stadium_to_russian_market,189,2026-04-21T08:50:47.191,11.5420136,104.9250127,13.585,-0.1848,-0.07572,0.4253,1.855
T0002,olympic_stadium_to_russian_market,190,2026-04-21T08:50:49.046,11.5419509,104.9250182,11.137,-0.30052,-0.05114,0.6006,2.2628
T0002,olympic_stadium_to_russian_market,191,2026-04-21T08:50:51.309,11.5418882,104.9250236,13.223,0.30408,0.31724,0.5751,1.9058
T0002,olympic_stadium_to_russian_market,192,2026-04-21T08:50:53.215,11.5418255,104.9250291,14.531,0.20947,-0.05456,0.5797,1.7343
T0002,olympic_stadium_to_russian_market,193,2026-04-21T08:50:54.949,11.5417627,104.9250345,12.27,-0.30571,-0.25085,0.6143,2.0537
T0002,olympic_stadium_to_russian_market,194,2026-04-21T08:50:57.003,11.5417,104.92504,14.853,0.42283,0.4294,0.7393,1.6966
T0002,olympic_stadium_to_russian_market,195,2026-04-21T08:50:58.700,11.5416371,104.9250452,15.269,0.06996,-0.2138,0.5326,1.6504
T0002,olympic_stadium_to_russian_market,196,2026-04-21T08:51:00.350,11.5415743,104.9250505,14.096,-0.18215,-0.14103,0.7305,1.7877
T0002,olympic_stadium_to_russian_market,197,2026-04-21T08:51:02.138,11.5415114,104.9250557,9.31,-0.49117,-0.11417,0.6274,2.7067
T0002,olympic_stadium_to_russian_market,198,2026-04-21T08:51:04.844,11.5414486,104.925061,11.989,0.35398,0.40208,0.7081,2.1019
T0002,olympic_stadium_to_russian_market,199,2026-04-21T08:51:06.946,11.5413857,104.9250662,16.735,0.87558,0.3464,0.6611,1.5058
T0002,olympic_stadium_to_russian_market,200,2026-04-21T08:51:08.452,11.5413229,104.9250714,13.086,-0.52637,-0.72803,0.5892,1.9257
T0002,olympic_stadium_to_russian_market,201,2026-04-21T08:51:10.378,11.54126,104.9250767,10.93,-0.2598,0.11562,0.5574,2.3056
T0002,olympic_stadium_to_russian_market,202,2026-04-21T08:51:12.683,11.5411971,104.9250819,15.759,0.83886,0.68705,0.7934,1.5991
T0002,olympic_stadium_to_russian_market,203,2026-04-21T08:51:14.283,11.5411343,104.9250871,13.926,-0.28135,-0.61905,0.4284,1.8096
T0002,olympic_stadium_to_russian_market,204,2026-04-21T08:51:16.092,11.5410714,104.9250924,15.563,0.2809,0.34724,0.7247,1.6192
T0002,olympic_stadium_to_russian_market,205,2026-04-21T08:51:17.711,11.5410086,104.9250976,14.321,-0.19606,-0.27106,0.6105,1.7596
T0002,olympic_stadium_to_russian_market,206,2026-04-21T08:51:19.471,11.5409457,104.9251029,14.594,0.04382,0.13892,0.6981,1.7268
T0002,olympic_stadium_to_russian_market,207,2026-04-21T08:51:21.198,11.5408829,104.9251081,14.451,-0.02283,-0.03822,0.5863,1.7439
T0002,olympic_stadium_to_russian_market,208,2026-04-21T08:51:22.942,11.54082,104.9251133,14.952,0.08269,0.06261,0.4951,1.6854
T0002,olympic_stadium_to_russian_market,209,2026-04-21T08:51:24.627,11.5407571,104.9251186,17.322,0.45251,0.25421,0.6873,1.4548
T0002,olympic_stadium_to_russian_market,210,2026-04-21T08:51:26.082,11.5406943,104.9251238,15.363,-0.33184,-0.47816,0.4805,1.6404
T0002,olympic_stadium_to_russian_market,211,2026-04-21T08:51:27.722,11.5406314,104.925129,11.536,-0.48662,-0.07085,0.7174,2.1846
T0002,olympic_stadium_to_russian_market,212,2026-04-21T08:51:29.907,11.5405686,104.9251343,14.576,0.48852,0.56403,0.5924,1.7289
T0002,olympic_stadium_to_russian_market,213,2026-04-21T08:51:31.635,11.5405057,104.9251395,15.618,0.17943,-0.19156,0.4101,1.6135
T0002,olympic_stadium_to_russian_market,214,2026-04-21T08:51:33.249,11.5404429,104.9251448,15.71,0.0159,-0.10194,0.6112,1.6041
T0002,olympic_stadium_to_russian_market,215,2026-04-21T08:51:34.853,11.54038,104.92515,13.266,-0.35738,-0.19651,0.5374,1.8996
T0002,olympic_stadium_to_russian_market,216,2026-04-21T08:51:36.753,11.5403171,104.9251552,15.653,0.41192,0.47787,0.459,1.6099
T0002,olympic_stadium_to_russian_market,217,2026-04-21T08:51:38.362,11.5402543,104.9251605,15.298,-0.06,-0.28648,0.7043,1.6473
T0002,olympic_stadium_to_russian_market,218,2026-04-21T08:51:40.010,11.5401914,104.9251657,17.765,0.48312,0.38287,0.5576,1.4185
T0002,olympic_stadium_to_russian_market,219,2026-04-21T08:51:41.428,11.5401286,104.925171,12.781,-0.70214,-0.60114,0.4111,1.9717
T0002,olympic_stadium_to_russian_market,220,2026-04-21T08:51:43.400,11.5400657,104.9251762,13.145,0.05273,0.39375,0.6414,1.9171
T0002,olympic_stadium_to_russian_market,221,2026-04-21T08:51:45.317,11.5400029,104.9251814,13.447,0.04475,-0.00426,0.5252,1.874
T0002,olympic_stadium_to_russian_market,222,2026-04-21T08:51:47.191,11.53994,104.9251867,13.171,-0.04009,-0.04434,0.4908,1.9133
T0002,olympic_stadium_to_russian_market,223,2026-04-21T08:51:49.105,11.5398771,104.9251919,12.571,-0.0831,-0.02145,0.682,2.0046
T0002,olympic_stadium_to_russian_market,224,2026-04-21T08:51:51.109,11.5398143,104.9251971,9.762,-0.30226,-0.0849,0.4603,2.5814
T0002,olympic_stadium_to_russian_market,225,2026-04-21T08:51:53.691,11.5397514,104.9252024,13.254,0.51017,0.4273,0.4797,1.9013
T0002,olympic_stadium_to_russian_market,226,2026-04-21T08:51:55.592,11.5396886,104.9252076,14.46,0.19224,-0.18243,0.5395,1.7427
T0002,olympic_stadium_to_russian_market,227,2026-04-21T08:51:57.335,11.5396257,104.9252129,13.166,-0.18778,-0.19855,0.4964,1.914
T0002,olympic_stadium_to_russian_market,228,2026-04-21T08:51:59.249,11.5395629,104.9252181,16.809,0.67498,0.57548,0.5953,1.4992
T0002,olympic_stadium_to_russian_market,229,2026-04-21T08:52:00.748,11.5395,104.9252233,13.926,-0.44256,-0.61757,0.4725,1.8096
T0002,olympic_stadium_to_russian_market,230,2026-04-21T08:52:02.557,11.5394371,104.9252286,15.843,0.33468,0.48863,0.706,1.5907
T0002,olympic_stadium_to_russian_market,231,2026-04-21T08:52:04.148,11.5393743,104.9252338,14.298,-0.24341,-0.328,0.7321,1.7625
T0002,olympic_stadium_to_russian_market,232,2026-04-21T08:52:05.910,11.5393114,104.925239,15.146,0.14149,0.23133,0.7474,1.6638
T0002,olympic_stadium_to_russian_market,233,2026-04-21T08:52:07.574,11.5392486,104.9252443,14.325,-0.1296,-0.1541,0.6649,1.7592
T0002,olympic_stadium_to_russian_market,234,2026-04-21T08:52:09.333,11.5391857,104.9252495,15.959,0.2875,0.26415,0.6421,1.579
T0002,olympic_stadium_to_russian_market,235,2026-04-21T08:52:10.913,11.5391229,104.9252548,13.99,-0.30368,-0.3282,0.4395,1.8013
T0002,olympic_stadium_to_russian_market,236,2026-04-21T08:52:12.714,11.53906,104.92526,14.65,0.10663,0.23853,0.4639,1.7201
T0002,olympic_stadium_to_russian_market,237,2026-04-21T08:52:14.434,11.5389946,104.9252662,14.456,-0.03102,-0.07896,0.5777,1.7433
T0002,olympic_stadium_to_russian_market,238,2026-04-21T08:52:16.177,11.5389292,104.9252723,13.474,-0.14583,-0.06139,0.6799,1.8703
T0002,olympic_stadium_to_russian_market,239,2026-04-21T08:52:18.048,11.5388638,104.9252785,14.513,0.16636,0.17981,0.4765,1.7363
T0002,olympic_stadium_to_russian_market,240,2026-04-21T08:52:19.784,11.5387985,104.9252846,17.258,0.52201,0.24355,0.7501,1.4602
T0002,olympic_stadium_to_russian_market,241,2026-04-21T08:52:21.244,11.5387331,104.9252908,13.5,-0.55912,-0.57919,0.6744,1.8666
T0002,olympic_stadium_to_russian_market,242,2026-04-21T08:52:23.111,11.5386677,104.9252969,14.535,0.1658,0.41813,0.6545,1.7337
T0002,olympic_stadium_to_russian_market,243,2026-04-21T08:52:24.844,11.5386023,104.9253031,15.793,0.2189,0.03328,0.5159,1.5957
T0002,olympic_stadium_to_russian_market,244,2026-04-21T08:52:26.440,11.5385369,104.9253092,15.616,-0.03035,-0.15446,0.4458,1.6137
T0002,olympic_stadium_to_russian_market,245,2026-04-21T08:52:28.054,11.5384715,104.9253154,13.924,-0.25981,-0.12678,0.669,1.8099
T0002,olympic_stadium_to_russian_market,246,2026-04-21T08:52:29.864,11.5384062,104.9253215,10.331,-0.40912,-0.06121,0.5007,2.4393
T0002,olympic_stadium_to_russian_market,247,2026-04-21T08:52:32.303,11.5383408,104.9253277,14.681,0.70398,0.64847,0.6617,1.7165
T0002,olympic_stadium_to_russian_market,248,2026-04-21T08:52:34.019,11.5382754,104.9253338,10.577,-0.47851,-0.4963,0.754,2.3826
T0002,olympic_stadium_to_russian_market,249,2026-04-21T08:52:36.402,11.53821,104.92534,16.111,0.9828,0.93425,0.7019,1.5642
T0002,olympic_stadium_to_russian_market,250,2026-04-21T08:52:37.966,11.53821,104.92534,20.054,0.87169,-0.08842,0.6668,1.2566
T0002,olympic_stadium_to_russian_market,251,2026-04-21T08:52:39.223,11.53822,104.9254,21.3,0.29238,-0.48965,0.7178,1.1831
T0002,olympic_stadium_to_russian_market,252,2026-04-21T08:52:40.406,11.53823,104.92552,18.447,-0.58006,-0.63864,0.6396,1.3661
T0002,olympic_stadium_to_russian_market,253,2026-04-21T08:52:41.772,11.53824,104.92555,17.471,-0.18788,0.2719,0.6611,1.4424
T0002,olympic_stadium_to_russian_market,254,2026-04-21T08:52:43.214,11.538255,104.925635,20.191,0.60535,0.63557,0.8002,1.2481
T0002,olympic_stadium_to_russian_market,255,2026-04-21T08:52:44.462,11.53827,104.92572,19.75,-0.09612,-0.54976,0.4518,1.276
T0003,riverside_to_airport,0,2026-04-21T09:30:00.000,11.56932,104.93025,17.531,0.0,0.0,0.1086,1.4374
T0003,riverside_to_airport,1,2026-04-21T09:30:01.437,11.5693822,104.93023,16.114,-0.25174,-0.16098,0.1747,1.5638
T0003,riverside_to_airport,2,2026-04-21T09:30:03.001,11.5694444,104.93021,20.308,0.9388,0.95943,0.2009,1.2409
T0003,riverside_to_airport,3,2026-04-21T09:30:04.242,11.5695067,104.93019,20.519,0.04769,-0.72558,0.2552,1.2281
T0003,riverside_to_airport,4,2026-04-21T09:30:05.470,11.5695689,104.93017,20.348,-0.03837,-0.06949,0.164,1.2385
T0003,riverside_to_airport,5,2026-04-21T09:30:06.708,11.5696311,104.93015,18.074,-0.45302,-0.2974,0.093,1.3943
T0003,riverside_to_airport,6,2026-04-21T09:30:08.103,11.5696933,104.93013,18.529,0.09285,0.40136,0.1987,1.3601
T0003,riverside_to_airport,7,2026-04-21T09:30:09.463,11.5697556,104.93011,19.903,0.30162,0.16489,0.1854,1.2661
T0003,riverside_to_airport,8,2026-04-21T09:30:10.729,11.5698178,104.93009,19.366,-0.11472,-0.31996,0.135,1.3013
T0003,riverside_to_airport,9,2026-04-21T09:30:12.030,11.56988,104.93007,18.188,-0.23611,-0.08762,0.0673,1.3855
T0003,riverside_to_airport,10,2026-04-21T09:30:13.415,11.5699423,104.9300523,16.35,-0.33128,-0.06175,0.1242,1.5413
T0003,riverside_to_airport,11,2026-04-21T09:30:14.957,11.5700046,104.9300346,18.95,0.54297,0.65741,0.1333,1.3298
T0003,riverside_to_airport,12,2026-04-21T09:30:16.287,11.5700669,104.9300169,20.397,0.3255,-0.17602,0.174,1.2355
T0003,riverside_to_airport,13,2026-04-21T09:30:17.522,11.5701292,104.9299992,16.982,-0.63925,-0.65015,0.2006,1.4839
T0003,riverside_to_airport,14,2026-04-21T09:30:19.006,11.5701915,104.9299815,19.737,0.59927,0.97002,0.2407,1.2768
T0003,riverside_to_airport,15,2026-04-21T09:30:20.283,11.5702538,104.9299638,19.276,-0.09792,-0.53329,0.1487,1.3073
T0003,riverside_to_airport,16,2026-04-21T09:30:21.590,11.5703162,104.9299462,19.904,0.13776,0.18615,0.1161,1.2661
T0003,riverside_to_airport,17,2026-04-21T09:30:22.856,11.5703785,104.9299285,20.087,0.04046,-0.07756,0.2304,1.2546
T0003,riverside_to_airport,18,2026-04-21T09:30:24.111,11.5704408,104.9299108,17.737,-0.45939,-0.35182,0.1045,1.4208
T0003,riverside_to_airport,19,2026-04-21T09:30:25.531,11.5705031,104.9298931,16.353,-0.24943,0.13625,0.1833,1.541
T0003,riverside_to_airport,20,2026-04-21T09:30:27.072,11.5705654,104.9298754,17.978,0.32207,0.40773,0.0882,1.4017
T0003,riverside_to_airport,21,2026-04-21T09:30:28.474,11.5706277,104.9298577,20.112,0.4731,0.12054,0.1472,1.253
T0003,riverside_to_airport,22,2026-04-21T09:30:29.727,11.57069,104.92984,17.966,-0.42512,-0.64036,0.1089,1.4027
T0003,riverside_to_airport,23,2026-04-21T09:30:31.130,11.5707525,104.9298225,17.738,-0.04459,0.26785,0.0872,1.4207
T0003,riverside_to_airport,24,2026-04-21T09:30:32.550,11.570815,104.929805,16.047,-0.2991,-0.16207,0.0775,1.5704
T0003,riverside_to_airport,25,2026-04-21T09:30:34.121,11.5708775,104.9297875,21.408,1.26506,1.32878,0.2348,1.1771
T0003,riverside_to_airport,26,2026-04-21T09:30:35.298,11.57094,104.92977,20.017,-0.30679,-1.24858,0.0472,1.2589
T0003,riverside_to_airport,27,2026-04-21T09:30:36.557,11.5710025,104.9297525,19.934,-0.0184,0.22812,0.1328,1.2642
T0003,riverside_to_airport,28,2026-04-21T09:30:37.821,11.571065,104.929735,20.23,0.06617,0.06789,0.234,1.2457
T0003,riverside_to_airport,29,2026-04-21T09:30:39.067,11.5711275,104.9297175,19.644,-0.127,-0.15058,0.2289,1.2828
T0003,riverside_to_airport,30,2026-04-21T09:30:40.350,11.57119,104.9297,18.412,-0.24995,-0.08983,0.1293,1.3687
T0003,riverside_to_airport,31,2026-04-21T09:30:41.718,11.5712533,104.9296833,18.533,0.02469,0.20198,0.2034,1.3597
T0003,riverside_to_airport,32,2026-04-21T09:30:43.078,11.5713167,104.9296667,18.137,-0.07911,-0.07471,0.1021,1.3894
T0003,riverside_to_airport,33,2026-04-21T09:30:44.467,11.57138,104.92965,22.731,1.15094,1.10953,0.0524,1.1086
T0003,riverside_to_airport,34,2026-04-21T09:30:45.576,11.57147,104.92962,19.613,-0.67413,-1.42041,0.1613,1.2849
T0003,riverside_to_airport,35,2026-04-21T09:30:46.861,11.5715,104.92961,18.083,-0.30489,0.26496,0.0718,1.3936
T0003,riverside_to_airport,36,2026-04-21T09:30:48.254,11.57157,104.92958,19.477,0.29927,0.46695,0.0849,1.2938
T0003,riverside_to_airport,37,2026-04-21T09:30:49.548,11.5716338,104.9295525,17.262,-0.42139,-0.49366,0.1034,1.4598
T0003,riverside_to_airport,38,2026-04-21T09:30:51.008,11.5716975,104.929525,21.035,0.87487,1.08204,0.0636,1.198
T0003,riverside_to_airport,39,2026-04-21T09:30:52.206,11.5717612,104.9294975,17.787,-0.63689,-1.06706,0.0716,1.4168
T0003,riverside_to_airport,40,2026-04-21T09:30:53.623,11.571825,104.92947,19.53,0.37529,0.78445,0.2389,1.2903
T0003,riverside_to_airport,41,2026-04-21T09:30:54.913,11.5718887,104.9294425,20.378,0.19033,-0.14956,0.152,1.2366
T0003,riverside_to_airport,42,2026-04-21T09:30:56.150,11.5719525,104.929415,19.356,-0.21801,-0.31364,0.1864,1.3019
T0003,riverside_to_airport,43,2026-04-21T09:30:57.452,11.5720162,104.9293875,18.92,-0.09082,0.0955,0.1059,1.3319
T0003,riverside_to_airport,44,2026-04-21T09:30:58.784,11.57208,104.92936,18.795,-0.026,0.04834,0.1126,1.3408
T0003,riverside_to_airport,45,2026-04-21T09:31:00.124,11.57214,104.9293333,18.694,-0.02078,0.00387,0.1134,1.348
T0003,riverside_to_airport,46,2026-04-21T09:31:01.472,11.5722,104.9293067,17.914,-0.1541,-0.09477,0.2018,1.4067
T0003,riverside_to_airport,47,2026-04-21T09:31:02.879,11.57226,104.92928,18.105,0.03808,0.13807,0.1404,1.3919
T0003,riverside_to_airport,48,2026-04-21T09:31:04.271,11.57231,104.92926,20.998,0.66976,0.52635,0.1395,1.2001
T0003,riverside_to_airport,49,2026-04-21T09:31:05.471,11.5723667,104.9292267,18.616,-0.48883,-0.85588,0.0406,1.3537
T0003,riverside_to_airport,50,2026-04-21T09:31:06.825,11.5724233,104.9291933,17.6,-0.19709,0.20376,0.2508,1.4318
T0003,riverside_to_airport,51,2026-04-21T09:31:08.257,11.57248,104.92916,18.004,0.08023,0.19813,0.1791,1.3997
T0003,riverside_to_airport,52,2026-04-21T09:31:09.656,11.57255,104.92912,20.429,0.54609,0.37767,0.1182,1.2335
T0003,riverside_to_airport,53,2026-04-21T09:31:10.890,11.57265,104.92905,19.792,-0.139,-0.53807,0.1514,1.2732
T0003,riverside_to_airport,54,2026-04-21T09:31:12.163,11.5727125,104.9290025,19.619,-0.0374,0.07911,0.2276,1.2845
T0003,riverside_to_airport,55,2026-04-21T09:31:13.448,11.572775,104.928955,18.392,-0.24871,-0.15423,0.1262,1.3701
T0003,riverside_to_airport,56,2026-04-21T09:31:14.818,11.5728375,104.9289075,19.639,0.2698,0.40409,0.2492,1.2832
T0003,riverside_to_airport,57,2026-04-21T09:31:16.101,11.5729,104.92886,17.813,-0.35842,-0.44408,0.0747,1.4147
T0003,riverside_to_airport,58,2026-04-21T09:31:17.516,11.572955,104.9288167,18.389,0.11674,0.34675,0.1489,1.3704
T0003,riverside_to_airport,59,2026-04-21T09:31:18.886,11.57301,104.9287733,20.233,0.4113,0.2365,0.1038,1.2455
T0003,riverside_to_airport,60,2026-04-21T09:31:20.131,11.573065,104.92873,20.09,-0.03173,-0.3532,0.1037,1.2543
T0003,riverside_to_airport,61,2026-04-21T09:31:21.386,11.57312,104.9286867,17.306,-0.53113,-0.34296,0.0348,1.4562
T0003,riverside_to_airport,62,2026-04-21T09:31:22.842,11.573175,104.9286433,17.495,0.03656,0.39413,0.1639,1.4404
T0003,riverside_to_airport,63,2026-04-21T09:31:24.282,11.57323,104.9286,18.942,0.30199,0.19951,0.1107,1.3304
T0003,riverside_to_airport,64,2026-04-21T09:31:25.613,11.57328,104.92856,21.368,0.57145,0.22848,0.2213,1.1793
T0003,riverside_to_airport,65,2026-04-21T09:31:26.792,11.57333,104.92852,15.905,-0.95771,-0.96515,0.1701,1.5844
T0003,riverside_to_airport,66,2026-04-21T09:31:28.376,11.57337,104.92848,19.196,0.69634,1.25998,0.1275,1.3128
T0003,riverside_to_airport,67,2026-04-21T09:31:29.689,11.57344,104.92842,16.715,-0.45721,-0.76513,0.1132,1.5077
T0003,riverside_to_airport,68,2026-04-21T09:31:31.197,11.57351,104.92836,17.827,0.21863,0.47811,0.0833,1.4136
T0003,riverside_to_airport,69,2026-04-21T09:31:32.610,11.57357,104.92831,18.232,0.08136,-0.09931,0.1525,1.3822
T0003,riverside_to_airport,70,2026-04-21T09:31:33.993,11.57363,104.92826,18.148,-0.01683,-0.07071,0.1957,1.3886
T0003,riverside_to_airport,71,2026-04-21T09:31:35.381,11.57365,104.92825,17.978,-0.03368,-0.01202,0.0742,1.4017
T0003,riverside_to_airport,72,2026-04-21T09:31:36.783,11.57372,104.92819,18.79,0.16808,0.15043,0.1054,1.3412
T0003,riverside_to_airport,73,2026-04-21T09:31:38.124,11.57379,104.92813,17.976,-0.16123,-0.2349,0.1314,1.4019
T0003,riverside_to_airport,74,2026-04-21T09:31:39.526,11.5738,104.92812,16.585,-0.25426,-0.06123,0.2051,1.5194
T0003,riverside_to_airport,75,2026-04-21T09:31:41.045,11.57385,104.92807,19.949,0.7396,0.78675,0.1258,1.2633
T0003,riverside_to_airport,76,2026-04-21T09:31:42.309,11.5739,104.92802,19.908,-0.00889,-0.59131,0.1414,1.2658
T0003,riverside_to_airport,77,2026-04-21T09:31:43.574,11.57391,104.92801,20.043,0.02993,0.03087,0.1192,1.2573
T0003,riverside_to_airport,78,2026-04-21T09:31:44.832,11.57398,104.92796,16.468,-0.6491,-0.44373,0.0863,1.5303
T0003,riverside_to_airport,79,2026-04-21T09:31:46.362,11.57405,104.92791,19.227,0.58484,0.94147,0.1063,1.3106
T0003,riverside_to_airport,80,2026-04-21T09:31:47.673,11.574125,104.927855,19.793,0.1234,-0.36243,0.1523,1.2732
T0003,riverside_to_airport,81,2026-04-21T09:31:48.946,11.5742,104.9278,17.232,-0.48641,-0.41699,0.0958,1.4624
T0003,riverside_to_airport,82,2026-04-21T09:31:50.408,11.57427,104.927745,18.792,0.32327,0.6038,0.1213,1.341
T0003,riverside_to_airport,83,2026-04-21T09:31:51.749,11.57434,104.92769,18.604,-0.03859,-0.26715,0.1072,1.3545
T0003,riverside_to_airport,84,2026-04-21T09:31:53.104,11.57443,104.92762,21.542,0.69756,0.62928,0.1176,1.1698
T0003,riverside_to_airport,85,2026-04-21T09:31:54.273,11.57443,104.92762,17.292,-0.81008,-1.03452,0.1383,1.4573
T0003,riverside_to_airport,86,2026-04-21T09:31:55.731,11.5744,104.92752,11.909,-0.70666,0.04887,0.2375,2.1161
T0003,riverside_to_airport,87,2026-04-21T09:31:57.847,11.57438,104.92744,18.146,1.24763,1.40726,0.1403,1.3887
T0003,riverside_to_airport,88,2026-04-21T09:31:59.236,11.57438,104.9274,13.032,-0.73462,-1.02514,0.1712,1.9336
T0003,riverside_to_airport,89,2026-04-21T09:32:01.169,11.574365,104.92733,15.876,0.49768,0.77636,0.1627,1.5873
T0003,riverside_to_airport,90,2026-04-21T09:32:02.757,11.57435,104.92726,15.861,-0.00267,-0.31492,0.1106,1.5888
T0003,riverside_to_airport,91,2026-04-21T09:32:04.345,11.57434,104.92723,12.912,-0.41976,-0.2137,0.1455,1.9517
T0003,riverside_to_airport,92,2026-04-21T09:32:06.297,11.57433,104.92715,15.145,0.37286,0.47636,0.0759,1.6639
T0003,riverside_to_airport,93,2026-04-21T09:32:07.961,11.57432,104.92707,14.244,-0.1415,-0.29073,0.2258,1.7692
T0003,riverside_to_airport,94,2026-04-21T09:32:09.730,11.57432,104.92703,15.237,0.16674,0.18637,0.1359,1.6539
T0003,riverside_to_airport,95,2026-04-21T09:32:11.384,11.57431,104.926955,14.751,-0.07894,-0.14382,0.0682,1.7083
T0003,riverside_to_airport,96,2026-04-21T09:32:13.092,11.5743,104.92688,16.2,0.25866,0.21702,0.1343,1.5556
T0003,riverside_to_airport,97,2026-04-21T09:32:14.648,11.574295,104.926815,14.518,-0.26908,-0.30405,0.0726,1.7357
T0003,riverside_to_airport,98,2026-04-21T09:32:16.384,11.57429,104.92675,14.153,-0.05693,0.11915,0.0851,1.7805
T0003,riverside_to_airport,99,2026-04-21T09:32:18.164,11.57428,104.9267,16.049,0.33541,0.24987,0.0906,1.5702
T0003,riverside_to_airport,100,2026-04-21T09:32:19.734,11.57427,104.926605,15.276,-0.13025,-0.28227,0.1869,1.6497
T0003,riverside_to_airport,101,2026-04-21T09:32:21.384,11.57426,104.92651,15.503,0.03881,0.104,0.1853,1.6255
T0003,riverside_to_airport,102,2026-04-21T09:32:23.009,11.57425,104.92646,13.408,-0.30958,-0.18537,0.1955,1.8794
T0003,riverside_to_airport,103,2026-04-21T09:32:24.889,11.5742406,104.9263961,12.837,-0.0808,0.11654,0.2009,1.963
T0003,riverside_to_airport,104,2026-04-21T09:32:26.852,11.5742313,104.9263323,13.554,0.10702,0.10102,0.2278,1.8593
T0003,riverside_to_airport,105,2026-04-21T09:32:28.711,11.5742219,104.9262684,13.474,-0.01183,-0.06355,0.0945,1.8703
T0003,riverside_to_airport,106,2026-04-21T09:32:30.581,11.5742126,104.9262045,15.585,0.36256,0.23154,0.2159,1.617
T0003,riverside_to_airport,107,2026-04-21T09:32:32.198,11.5742032,104.9261406,15.869,0.0498,-0.19696,0.1813,1.588
T0003,riverside_to_airport,108,2026-04-21T09:32:33.786,11.5741939,104.9260768,14.173,-0.26506,-0.17708,0.0482,1.7781
T0003,riverside_to_airport,109,2026-04-21T09:32:35.564,11.5741845,104.9260129,16.552,0.43406,0.45919,0.1733,1.5225
T0003,riverside_to_airport,110,2026-04-21T09:32:37.087,11.5741752,104.925949,16.458,-0.01699,-0.29458,0.2205,1.5312
T0003,riverside_to_airport,111,2026-04-21T09:32:38.618,11.5741658,104.9258852,14.77,-0.27476,-0.15109,0.1106,1.7061
T0003,riverside_to_airport,112,2026-04-21T09:32:40.324,11.5741565,104.9258213,13.172,-0.23202,0.02234,0.0769,1.9131
T0003,riverside_to_airport,113,2026-04-21T09:32:42.237,11.5741471,104.9257574,16.768,0.66465,0.59665,0.0791,1.5028
T0003,riverside_to_airport,114,2026-04-21T09:32:43.740,11.5741377,104.9256935,14.314,-0.38728,-0.59751,0.0728,1.7605
T0003,riverside_to_airport,115,2026-04-21T09:32:45.501,11.5741284,104.9256297,14.595,0.04517,0.25045,0.2004,1.7267
T0003,riverside_to_airport,116,2026-04-21T09:32:47.227,11.574119,104.9255658,13.896,-0.10702,-0.08392,0.2521,1.8135
T0003,riverside_to_airport,117,2026-04-21T09:32:49.041,11.5741097,104.9255019,13.071,-0.1189,-0.00617,0.2032,1.928
T0003,riverside_to_airport,118,2026-04-21T09:32:50.969,11.5741003,104.9254381,12.202,-0.11679,0.00102,0.236,2.0652
T0003,riverside_to_airport,119,2026-04-21T09:32:53.034,11.574091,104.9253742,15.355,0.53353,0.39624,0.2171,1.6412
T0003,riverside_to_airport,120,2026-04-21T09:32:54.675,11.5740816,104.9253103,13.23,-0.30981,-0.44276,0.1336,1.9047
T0003,riverside_to_airport,121,2026-04-21T09:32:56.580,11.5740723,104.9252465,18.995,1.20692,1.14324,0.0857,1.3267
T0003,riverside_to_airport,122,2026-04-21T09:32:57.907,11.5740629,104.9251826,12.776,-0.87574,-1.05589,0.2321,1.9724
T0003,riverside_to_airport,123,2026-04-21T09:32:59.879,11.5740535,104.9251187,12.519,-0.03546,0.41745,0.0718,2.0129
T0003,riverside_to_airport,124,2026-04-21T09:33:01.892,11.5740442,104.9250548,15.17,0.44336,0.28825,0.1089,1.6611
T0003,riverside_to_airport,125,2026-04-21T09:33:03.553,11.5740348,104.924991,16.699,0.28141,-0.10732,0.2023,1.5091
T0003,riverside_to_airport,126,2026-04-21T09:33:05.062,11.5740255,104.9249271,14.502,-0.35122,-0.36406,0.1728,1.7377
T0003,riverside_to_airport,127,2026-04-21T09:33:06.800,11.5740161,104.9248632,15.264,0.12812,0.29033,0.1306,1.651
T0003,riverside_to_airport,128,2026-04-21T09:33:08.451,11.5740068,104.9247994,11.64,-0.46494,-0.27394,0.1055,2.165
T0003,riverside_to_airport,129,2026-04-21T09:33:10.616,11.5739974,104.9247355,13.389,0.25814,0.38418,0.2687,1.8821
T0003,riverside_to_airport,130,2026-04-21T09:33:12.498,11.5739881,104.9246716,12.795,-0.0838,-0.17361,0.0956,1.9695
T0003,riverside_to_airport,131,2026-04-21T09:33:14.468,11.5739787,104.9246077,11.563,-0.15704,-0.03361,0.1525,2.1794
T0003,riverside_to_airport,132,2026-04-21T09:33:16.647,11.5739694,104.9245439,14.581,0.48507,0.37152,0.1048,1.7283
T0003,riverside_to_airport,133,2026-04-21T09:33:18.375,11.57396,104.92448,11.041,-0.4308,-0.40127,0.1486,2.2824
T0003,riverside_to_airport,134,2026-04-21T09:33:20.658,11.57395,104.9244131,12.422,0.18909,0.30556,0.1668,2.0287
T0003,riverside_to_airport,135,2026-04-21T09:33:22.686,11.57394,104.9243462,13.599,0.17651,-0.00679,0.2353,1.853
T0003,riverside_to_airport,136,2026-04-21T09:33:24.539,11.57393,104.9242794,13.158,-0.06398,-0.12558,0.2038,1.9151
T0003,riverside_to_airport,137,2026-04-21T09:33:26.454,11.57392,104.9242125,15.0,0.30449,0.21933,0.1864,1.68
T0003,riverside_to_airport,138,2026-04-21T09:33:28.134,11.57391,104.9241456,14.864,-0.02232,-0.19276,0.121,1.6954
T0003,riverside_to_airport,139,2026-04-21T09:33:29.830,11.5739,104.9240788,15.746,0.15314,0.10964,0.1041,1.6004
T0003,riverside_to_airport,140,2026-04-21T09:33:31.430,11.57389,104.9240119,15.534,-0.03632,-0.11679,0.1216,1.6223
T0003,riverside_to_airport,141,2026-04-21T09:33:33.053,11.57388,104.923945,16.116,0.10351,0.08943,0.1071,1.5636
T0003,riverside_to_airport,142,2026-04-21T09:33:34.616,11.57387,104.9238781,14.402,-0.27212,-0.21468,0.0821,1.7497
T0003,riverside_to_airport,143,2026-04-21T09:33:36.366,11.57386,104.9238112,14.86,0.07504,0.20472,0.1923,1.6958
T0003,riverside_to_airport,144,2026-04-21T09:33:38.062,11.57385,104.9237444,15.173,0.05219,-0.01375,0.0717,1.6609
T0003,riverside_to_airport,145,2026-04-21T09:33:39.723,11.57384,104.9236775,14.618,-0.08939,-0.08213,0.0557,1.7239
T0003,riverside_to_airport,146,2026-04-21T09:33:41.447,11.57383,104.9236106,13.809,-0.12304,-0.01844,0.0623,1.8248
T0003,riverside_to_airport,147,2026-04-21T09:33:43.271,11.57382,104.9235438,13.907,0.01489,0.07611,0.2593,1.8121
T0003,riverside_to_airport,148,2026-04-21T09:33:45.083,11.57381,104.9234769,13.179,-0.10571,-0.06307,0.0971,1.9121
T0003,riverside_to_airport,149,2026-04-21T09:33:46.996,11.5738,104.92341,15.038,0.30811,0.24694,0.1282,1.6758
T0003,riverside_to_airport,150,2026-04-21T09:33:48.671,11.5737867,104.9233367,14.264,-0.12161,-0.24324,0.2108,1.7667
T0003,riverside_to_airport,151,2026-04-21T09:33:50.438,11.5737733,104.9232633,13.411,-0.1262,-0.00244,0.0703,1.8791
T0003,riverside_to_airport,152,2026-04-21T09:33:52.317,11.57376,104.92319,13.412,0.00021,0.06728,0.2261,1.8789
T0003,riverside_to_airport,153,2026-04-21T09:33:54.196,11.5737515,104.9231246,12.59,-0.11411,-0.05711,0.0864,2.0016
T0003,riverside_to_airport,154,2026-04-21T09:33:56.198,11.5737431,104.9230592,15.874,0.57459,0.43381,0.0708,1.5875
T0003,riverside_to_airport,155,2026-04-21T09:33:57.785,11.5737346,104.9229938,14.523,-0.21617,-0.45573,0.26,1.7352
T0003,riverside_to_airport,156,2026-04-21T09:33:59.520,11.5737262,104.9229285,13.111,-0.20408,0.00629,0.072,1.922
T0003,riverside_to_airport,157,2026-04-21T09:34:01.442,11.5737177,104.9228631,15.618,0.4316,0.39398,0.1436,1.6135
T0003,riverside_to_airport,158,2026-04-21T09:34:03.056,11.5737092,104.9227977,13.565,-0.30704,-0.39759,0.1277,1.8578
T0003,riverside_to_airport,159,2026-04-21T09:34:04.914,11.5737008,104.9227323,12.296,-0.172,0.06589,0.1161,2.0495
T0003,riverside_to_airport,160,2026-04-21T09:34:06.963,11.5736923,104.9226669,15.937,0.63973,0.51336,0.1138,1.5812
T0003,riverside_to_airport,161,2026-04-21T09:34:08.545,11.5736838,104.9226015,13.6,-0.35041,-0.53434,0.0324,1.853
T0003,riverside_to_airport,162,2026-04-21T09:34:10.397,11.5736754,104.9225362,13.792,0.02923,0.20778,0.0861,1.8272
T0003,riverside_to_airport,163,2026-04-21T09:34:12.225,11.5736669,104.9224708,14.467,0.10766,0.04502,0.2115,1.7419
T0003,riverside_to_airport,164,2026-04-21T09:34:13.967,11.5736585,104.9224054,16.119,0.29355,0.1189,0.0578,1.5634
T0003,riverside_to_airport,165,2026-04-21T09:34:15.530,11.57365,104.92234,14.435,-0.26793,-0.32163,0.2021,1.7457
T0003,riverside_to_airport,166,2026-04-21T09:34:17.276,11.57364,104.922265,12.607,-0.25412,0.00691,0.1563,1.999
T0003,riverside_to_airport,167,2026-04-21T09:34:19.275,11.57363,104.92219,15.221,0.43866,0.41845,0.1822,1.6556
T0003,riverside_to_airport,168,2026-04-21T09:34:20.930,11.57362,104.9221225,13.678,-0.23268,-0.36438,0.0918,1.8424
T0003,riverside_to_airport,169,2026-04-21T09:34:22.773,11.57361,104.922055,17.237,0.67629,0.62175,0.2156,1.462
T0003,riverside_to_airport,170,2026-04-21T09:34:24.235,11.5736,104.9219875,14.404,-0.44988,-0.64369,0.1859,1.7496
T0003,riverside_to_airport,171,2026-04-21T09:34:25.984,11.57359,104.92192,11.053,-0.40825,0.01826,0.1413,2.28
T0003,riverside_to_airport,172,2026-04-21T09:34:28.264,11.57358,104.9218525,14.941,0.64044,0.62178,0.2127,1.6866
T0003,riverside_to_airport,173,2026-04-21T09:34:29.951,11.57357,104.921785,17.322,0.4546,-0.12774,0.1133,1.4548
T0003,riverside_to_airport,174,2026-04-21T09:34:31.405,11.57356,104.9217175,16.769,-0.10222,-0.37053,0.122,1.5028
T0003,riverside_to_airport,175,2026-04-21T09:34:32.908,11.57355,104.92165,17.152,0.07233,0.1188,0.1326,1.4692
T0003,riverside_to_airport,176,2026-04-21T09:34:34.377,11.57354,104.9215813,12.876,-0.60689,-0.34704,0.1312,1.9572
T0003,riverside_to_airport,177,2026-04-21T09:34:36.335,11.57353,104.9215125,15.773,0.50385,0.69525,0.1247,1.5976
T0003,riverside_to_airport,178,2026-04-21T09:34:37.932,11.57352,104.9214437,13.322,-0.35996,-0.45667,0.1122,1.8916
T0003,riverside_to_airport,179,2026-04-21T09:34:39.824,11.57351,104.921375,14.742,0.23065,0.3455,0.2352,1.7094
T0003,riverside_to_airport,180,2026-04-21T09:34:41.533,11.5735,104.9213063,12.496,-0.30935,-0.26777,0.1171,2.0167
T0003,riverside_to_airport,181,2026-04-21T09:34:43.550,11.57349,104.9212375,13.439,0.13965,0.23944,0.1687,1.8752
T0003,riverside_to_airport,182,2026-04-21T09:34:45.425,11.57348,104.9211687,13.391,-0.00704,-0.07795,0.0881,1.8819
T0003,riverside_to_airport,183,2026-04-21T09:34:47.307,11.57347,104.9211,15.753,0.41019,0.26082,0.1615,1.5997
T0003,riverside_to_airport,184,2026-04-21T09:34:48.907,11.5734614,104.9210357,15.606,-0.02525,-0.26966,0.1919,1.6147
T0003,riverside_to_airport,185,2026-04-21T09:34:50.521,11.5734529,104.9209714,14.82,-0.12838,-0.06065,0.1108,1.7003
T0003,riverside_to_airport,186,2026-04-21T09:34:52.222,11.5734443,104.9209071,12.38,-0.33308,-0.10056,0.1317,2.0356
T0003,riverside_to_airport,187,2026-04-21T09:34:54.257,11.5734357,104.9208429,13.938,0.23939,0.31663,0.122,1.808
T0003,riverside_to_airport,188,2026-04-21T09:34:56.065,11.5734271,104.9207786,13.286,-0.09544,-0.17653,0.2581,1.8967
T0003,riverside_to_airport,189,2026-04-21T09:34:57.962,11.5734186,104.9207143,15.71,0.4197,0.32115,0.0823,1.6041
T0003,riverside_to_airport,190,2026-04-21T09:34:59.566,11.57341,104.92065,16.173,0.0825,-0.21641,0.2081,1.5582
T0003,riverside_to_airport,191,2026-04-21T09:35:01.124,11.5734,104.9205833,15.99,-0.0322,-0.07278,0.0593,1.576
T0003,riverside_to_airport,192,2026-04-21T09:35:02.700,11.57339,104.9205167,13.272,-0.39756,-0.19243,0.1904,1.8987
T0003,riverside_to_airport,193,2026-04-21T09:35:04.599,11.57338,104.92045,10.296,-0.3378,0.02441,0.101,2.4476
T0003,riverside_to_airport,194,2026-04-21T09:35:07.047,11.5733708,104.9203825,11.755,0.18903,0.24575,0.119,2.1438
T0003,riverside_to_airport,195,2026-04-21T09:35:09.190,11.5733617,104.920315,16.538,0.87189,0.44813,0.0418,1.5238
T0003,riverside_to_airport,196,2026-04-21T09:35:10.714,11.5733525,104.9202475,13.803,-0.41604,-0.70547,0.1499,1.8256
T0003,riverside_to_airport,197,2026-04-21T09:35:12.540,11.5733433,104.92018,13.279,-0.07673,0.1788,0.0545,1.8977
T0003,riverside_to_airport,198,2026-04-21T09:35:14.438,11.5733342,104.9201125,16.869,0.66757,0.49825,0.138,1.4938
T0003,riverside_to_airport,199,2026-04-21T09:35:15.931,11.573325,104.920045,16.303,-0.10176,-0.49771,0.1308,1.5457
T0003,riverside_to_airport,200,2026-04-21T09:35:17.477,11.5733158,104.9199775,14.442,-0.29627,-0.11147,0.1499,1.7449
T0003,riverside_to_airport,201,2026-04-21T09:35:19.222,11.5733067,104.91991,13.965,-0.07339,0.12351,0.2387,1.8045
T0003,riverside_to_airport,202,2026-04-21T09:35:21.027,11.5732975,104.9198425,14.207,0.03789,0.06274,0.2361,1.7738
T0003,riverside_to_airport,203,2026-04-21T09:35:22.800,11.5732883,104.919775,14.746,0.08759,0.02908,0.1382,1.7089
T0003,riverside_to_airport,204,2026-04-21T09:35:24.509,11.5732792,104.9197075,16.805,0.38148,0.19598,0.14,1.4995
T0003,riverside_to_airport,205,2026-04-21T09:35:26.009,11.57327,104.91964,15.039,-0.29282,-0.40241,0.101,1.6756
T0003,riverside_to_airport,206,2026-04-21T09:35:27.684,11.57326,104.9196,15.494,0.07777,0.22786,0.1788,1.6264
T0003,riverside_to_airport,207,2026-04-21T09:35:29.311,11.57325,104.9195311,16.159,0.11843,0.02607,0.1852,1.5595
T0003,riverside_to_airport,208,2026-04-21T09:35:30.870,11.57324,104.9194622,12.651,-0.48924,-0.30506,0.1282,1.992
T0003,riverside_to_airport,209,2026-04-21T09:35:32.862,11.57323,104.9193933,15.538,0.49442,0.6065,0.1404,1.6219
T0003,riverside_to_airport,210,2026-04-21T09:35:34.484,11.57322,104.9193244,13.963,-0.24229,-0.40821,0.0508,1.8047
T0003,riverside_to_airport,211,2026-04-21T09:35:36.289,11.57321,104.9192556,10.631,-0.3905,-0.06252,0.061,2.3704
T0003,riverside_to_airport,212,2026-04-21T09:35:38.659,11.5732,104.9191867,11.213,0.07192,0.20576,0.1707,2.2474
T0003,riverside_to_airport,213,2026-04-21T09:35:40.907,11.57319,104.9191178,12.878,0.23636,0.08404,0.2628,1.9568
T0003,riverside_to_airport,214,2026-04-21T09:35:42.864,11.57318,104.9190489,15.202,0.38944,0.09234,0.179,1.6577
T0003,riverside_to_airport,215,2026-04-21T09:35:44.521,11.57317,104.91898,14.576,-0.1006,-0.28344,0.2118,1.7289
T0003,riverside_to_airport,216,2026-04-21T09:35:46.250,11.57316,104.918915,14.682,0.01713,0.06859,0.1984,1.7164
T0003,riverside_to_airport,217,2026-04-21T09:35:47.966,11.57315,104.91885,17.332,0.50625,0.3364,0.1953,1.454
T0003,riverside_to_airport,218,2026-04-21T09:35:49.420,11.5731414,104.9187814,12.502,-0.6656,-0.58135,0.0575,2.0157
T0003,riverside_to_airport,219,2026-04-21T09:35:51.436,11.5731329,104.9187129,14.364,0.2949,0.54749,0.2468,1.7544
T0003,riverside_to_airport,220,2026-04-21T09:35:53.191,11.5731243,104.9186443,14.862,0.08155,-0.12582,0.0722,1.6956
T0003,riverside_to_airport,221,2026-04-21T09:35:54.886,11.5731157,104.9185757,13.301,-0.22887,-0.16385,0.1701,1.8946
T0003,riverside_to_airport,222,2026-04-21T09:35:56.781,11.5731071,104.9185071,14.448,0.18265,0.23594,0.1923,1.7442
T0003,riverside_to_airport,223,2026-04-21T09:35:58.525,11.5730986,104.9184386,12.005,-0.32321,-0.241,0.082,2.0991
T0003,riverside_to_airport,224,2026-04-21T09:36:00.624,11.57309,104.91837,16.52,0.82214,0.75085,0.1233,1.5254
T0003,riverside_to_airport,225,2026-04-21T09:36:02.150,11.5730825,104.918305,13.383,-0.46281,-0.68239,0.193,1.883
T0003,riverside_to_airport,226,2026-04-21T09:36:04.033,11.573075,104.91824,17.452,0.78288,0.8627,0.1855,1.4439
T0003,riverside_to_airport,227,2026-04-21T09:36:05.476,11.5730675,104.918175,14.357,-0.48992,-0.72512,0.1698,1.7553
T0003,riverside_to_airport,228,2026-04-21T09:36:07.232,11.57306,104.91811,15.947,0.27964,0.487,0.1844,1.5802
T0003,riverside_to_airport,229,2026-04-21T09:36:08.812,11.57305,104.91799,14.325,-0.25613,-0.30457,0.2489,1.7591
T0003,riverside_to_airport,230,2026-04-21T09:36:10.571,11.573037,104.917921,14.359,0.00536,0.149,0.0694,1.755
T0003,riverside_to_airport,231,2026-04-21T09:36:12.326,11.573024,104.917852,13.529,-0.12377,-0.06932,0.162,1.8626
T0003,riverside_to_airport,232,2026-04-21T09:36:14.189,11.573011,104.917783,14.584,0.16956,0.16976,0.1333,1.7279
T0003,riverside_to_airport,233,2026-04-21T09:36:15.917,11.572998,104.917714,14.882,0.04894,-0.07123,0.1158,1.6933
T0003,riverside_to_airport,234,2026-04-21T09:36:17.610,11.572985,104.917645,13.229,-0.2411,-0.15226,0.1971,1.9049
T0003,riverside_to_airport,235,2026-04-21T09:36:19.515,11.572972,104.917576,14.218,0.15497,0.22346,0.1183,1.7724
T0003,riverside_to_airport,236,2026-04-21T09:36:21.287,11.572959,104.917507,13.49,-0.10819,-0.14088,0.1392,1.868
T0003,riverside_to_airport,237,2026-04-21T09:36:23.155,11.572946,104.917438,17.855,0.85901,0.68529,0.2484,1.4114
T0003,riverside_to_airport,238,2026-04-21T09:36:24.567,11.572933,104.917369,14.271,-0.56379,-0.80573,0.1011,1.7659
T0003,riverside_to_airport,239,2026-04-21T09:36:26.333,11.57292,104.9173,16.723,0.45208,0.67415,0.2111,1.5069
T0003,riverside_to_airport,240,2026-04-21T09:36:27.839,11.57291,104.917235,14.112,-0.40619,-0.48063,0.2196,1.7857
T0003,riverside_to_airport,241,2026-04-21T09:36:29.625,11.5729,104.91717,14.794,0.11128,0.30379,0.011,1.7034
T0003,riverside_to_airport,242,2026-04-21T09:36:31.329,11.57289,104.917105,12.423,-0.32468,-0.21492,0.0804,2.0285
T0003,riverside_to_airport,243,2026-04-21T09:36:33.357,11.57288,104.91704,13.735,0.19855,0.28517,0.1387,1.8348
T0003,riverside_to_airport,244,2026-04-21T09:36:35.192,11.57288,104.91704,15.306,0.26508,0.04041,0.131,1.6464
T0003,riverside_to_airport,245,2026-04-21T09:36:36.838,11.5728156,104.9170478,17.369,0.39502,0.08956,0.1152,1.4509
T0003,riverside_to_airport,246,2026-04-21T09:36:38.289,11.5727511,104.9170556,15.323,-0.34558,-0.45033,0.1788,1.6446
T0003,riverside_to_airport,247,2026-04-21T09:36:39.934,11.5726867,104.9170633,17.066,0.32781,0.45603,0.2387,1.4767
T0003,riverside_to_airport,248,2026-04-21T09:36:41.410,11.5726222,104.9170711,15.951,-0.19596,-0.33153,0.1904,1.5798
T0003,riverside_to_airport,249,2026-04-21T09:36:42.990,11.5725578,104.9170789,17.431,0.28437,0.33225,0.0633,1.4457
T0003,riverside_to_airport,250,2026-04-21T09:36:44.436,11.5724933,104.9170867,14.901,-0.41552,-0.41386,0.2521,1.6911
T0003,riverside_to_airport,251,2026-04-21T09:36:46.127,11.5724289,104.9170944,18.575,0.75225,0.86078,0.172,1.3566
T0003,riverside_to_airport,252,2026-04-21T09:36:47.484,11.5723644,104.9171022,14.262,-0.67811,-0.80951,0.1042,1.7669
T0003,riverside_to_airport,253,2026-04-21T09:36:49.251,11.5723,104.91711,13.84,-0.06432,0.3371,0.2244,1.8208
T0003,riverside_to_airport,254,2026-04-21T09:36:51.071,11.5723,104.91711,16.13,0.40704,0.30171,0.2163,1.5623
T0003,riverside_to_airport,255,2026-04-21T09:36:52.634,11.5722327,104.9171191,21.441,1.25538,0.7218,0.0573,1.1753
T0003,riverside_to_airport,256,2026-04-21T09:36:53.809,11.5721655,104.9171282,19.174,-0.47922,-1.31981,0.1106,1.3143
T0003,riverside_to_airport,257,2026-04-21T09:36:55.123,11.5720982,104.9171373,17.444,-0.33271,0.10141,0.1846,1.4447
T0003,riverside_to_airport,258,2026-04-21T09:36:56.568,11.5720309,104.9171464,19.818,0.51877,0.66964,0.1257,1.2715
T0003,riverside_to_airport,259,2026-04-21T09:36:57.839,11.5719636,104.9171555,18.976,-0.17612,-0.52328,0.1694,1.328
T0003,riverside_to_airport,260,2026-04-21T09:36:59.167,11.5718964,104.9171645,20.894,0.44166,0.51222,0.1461,1.2061
T0003,riverside_to_airport,261,2026-04-21T09:37:00.373,11.5718291,104.9171736,15.623,-0.90772,-0.83656,0.1888,1.613
T0003,riverside_to_airport,262,2026-04-21T09:37:01.986,11.5717618,104.9171827,17.547,0.37208,0.89112,0.1272,1.4362
T0003,riverside_to_airport,263,2026-04-21T09:37:03.423,11.5716945,104.9171918,17.251,-0.05624,-0.29321,0.1875,1.4608
T0003,riverside_to_airport,264,2026-04-21T09:37:04.883,11.5716273,104.9172009,14.984,-0.3744,-0.18918,0.1032,1.6818
T0003,riverside_to_airport,265,2026-04-21T09:37:06.565,11.57156,104.91721,19.535,0.98,1.04994,0.1966,1.29
T0003,riverside_to_airport,266,2026-04-21T09:37:07.855,11.57156,104.91721,23.891,1.14717,0.15849,0.192,1.0548
T0003,riverside_to_airport,267,2026-04-21T09:37:08.910,11.5715508,104.917145,25.406,0.42429,-0.7288,0.2775,0.9919
T0003,riverside_to_airport,268,2026-04-21T09:37:09.902,11.5715417,104.91708,27.837,0.74569,0.35502,0.1159,0.9053
T0003,riverside_to_airport,269,2026-04-21T09:37:10.807,11.5715325,104.917015,23.767,-1.06614,-1.7088,0.1145,1.0603
T0003,riverside_to_airport,270,2026-04-21T09:37:11.867,11.5715233,104.91695,23.665,-0.02657,0.97626,0.1266,1.0649
T0003,riverside_to_airport,271,2026-04-21T09:37:12.932,11.5715142,104.916885,24.475,0.21845,0.23797,0.1517,1.0296
T0003,riverside_to_airport,272,2026-04-21T09:37:13.962,11.571505,104.91682,25.778,0.37021,0.15523,0.2269,0.9776
T0003,riverside_to_airport,273,2026-04-21T09:37:14.939,11.5714958,104.916755,23.447,-0.60244,-0.90498,0.1124,1.0748
T0003,riverside_to_airport,274,2026-04-21T09:37:16.014,11.5714867,104.91669,23.35,-0.02481,0.53524,0.2023,1.0792
T0003,riverside_to_airport,275,2026-04-21T09:37:17.093,11.5714775,104.916625,25.883,0.72245,0.7675,0.1646,0.9736
T0003,riverside_to_airport,276,2026-04-21T09:37:18.067,11.5714683,104.91656,24.865,-0.27897,-0.9881,0.083,1.0135
T0003,riverside_to_airport,277,2026-04-21T09:37:19.081,11.5714592,104.916495,21.23,-0.85066,-0.48162,0.0467,1.187
T0003,riverside_to_airport,278,2026-04-21T09:37:20.268,11.57145,104.91643,22.459,0.30425,1.02928,0.1417,1.1221
T0003,riverside_to_airport,279,2026-04-21T09:37:21.390,11.5714388,104.91636,26.549,1.1969,0.94042,0.225,0.9492
T0003,riverside_to_airport,280,2026-04-21T09:37:22.339,11.5714275,104.91629,24.9,-0.45259,-1.62984,0.2257,1.0121
T0003,riverside_to_airport,281,2026-04-21T09:37:23.351,11.5714163,104.91622,23.154,-0.44566,0.00636,0.2277,1.0884
T0003,riverside_to_airport,282,2026-04-21T09:37:24.439,11.571405,104.91615,24.041,0.23524,0.64959,0.1341,1.0482
T0003,riverside_to_airport,283,2026-04-21T09:37:25.487,11.5713938,104.91608,24.317,0.07384,-0.15575,0.1049,1.0363
T0003,riverside_to_airport,284,2026-04-21T09:37:26.524,11.5713825,104.91601,25.401,0.30344,0.23143,0.1379,0.9921
T0003,riverside_to_airport,285,2026-04-21T09:37:27.516,11.5713713,104.91594,22.26,-0.77069,-0.94879,0.1229,1.1321
T0003,riverside_to_airport,286,2026-04-21T09:37:28.648,11.57136,104.91587,23.035,0.19703,0.8846,0.1848,1.094
T0003,riverside_to_airport,287,2026-04-21T09:37:29.742,11.5713483,104.9157983,24.706,0.45503,0.25295,0.2026,1.02
T0003,riverside_to_airport,288,2026-04-21T09:37:30.762,11.5713367,104.9157267,24.147,-0.14884,-0.57865,0.2073,1.0436
T0003,riverside_to_airport,289,2026-04-21T09:37:31.805,11.571325,104.915655,25.155,0.27937,0.42744,0.1788,1.0018
T0003,riverside_to_airport,290,2026-04-21T09:37:32.807,11.5713133,104.9155833,22.453,-0.66874,-0.84475,0.151,1.1224
T0003,riverside_to_airport,291,2026-04-21T09:37:33.930,11.5713017,104.9155117,24.833,0.65146,1.30095,0.185,1.0148
T0003,riverside_to_airport,292,2026-04-21T09:37:34.944,11.57129,104.91544,25.934,0.31494,-0.34633,0.2146,0.9717
T0003,riverside_to_airport,293,2026-04-21T09:37:35.916,11.571275,104.915375,25.027,-0.25026,-0.56132,0.1911,1.0069
T0003,riverside_to_airport,294,2026-04-21T09:37:36.923,11.57126,104.91531,24.506,-0.14089,0.10636,0.1677,1.0283
T0003,riverside_to_airport,295,2026-04-21T09:37:37.951,11.57125,104.9152,24.153,-0.09385,0.04508,0.1622,1.0433
T0003,riverside_to_airport,296,2026-04-21T09:37:38.995,11.5712425,104.9151333,23.045,-0.28157,-0.17167,0.2004,1.0935
T0003,riverside_to_airport,297,2026-04-21T09:37:40.088,11.571235,104.9150667,24.189,0.3051,0.56313,0.0758,1.0418
T0003,riverside_to_airport,298,2026-04-21T09:37:41.130,11.5712275,104.915,26.186,0.5766,0.28212,0.0813,0.9623
T0003,riverside_to_airport,299,2026-04-21T09:37:42.092,11.57122,104.9149333,24.118,-0.54982,-1.07807,0.0713,1.0448
T0003,riverside_to_airport,300,2026-04-21T09:37:43.137,11.5712125,104.9148667,22.962,-0.29264,0.23434,0.1915,1.0975
T0003,riverside_to_airport,301,2026-04-21T09:37:44.235,11.571205,104.9148,23.559,0.15486,0.41835,0.1402,1.0697
T0003,riverside_to_airport,302,2026-04-21T09:37:45.304,11.5711975,104.9147333,24.598,0.28189,0.124,0.0846,1.0245
T0003,riverside_to_airport,303,2026-04-21T09:37:46.329,11.57119,104.9146667,23.737,-0.22542,-0.47786,0.1242,1.0616
T0003,riverside_to_airport,304,2026-04-21T09:37:47.390,11.5711825,104.9146,25.025,0.35535,0.57674,0.0965,1.007
T0003,riverside_to_airport,305,2026-04-21T09:37:48.397,11.571175,104.9145333,25.081,0.01557,-0.33818,0.1376,1.0047
T0003,riverside_to_airport,306,2026-04-21T09:37:49.402,11.5711675,104.9144667,25.63,0.15516,0.14198,0.0452,0.9832
T0003,riverside_to_airport,307,2026-04-21T09:37:50.385,11.57116,104.9144,26.432,0.23363,0.08231,0.1705,0.9534
T0003,riverside_to_airport,308,2026-04-21T09:37:51.339,11.5711533,104.9143322,25.791,-0.18239,-0.42577,0.144,0.9771
T0003,riverside_to_airport,309,2026-04-21T09:37:52.316,11.5711467,104.9142644,22.896,-0.73067,-0.49814,0.1629,1.1007
T0003,riverside_to_airport,310,2026-04-21T09:37:53.417,11.57114,104.9141967,22.942,0.01165,0.67579,0.121,1.0984
T0003,riverside_to_airport,311,2026-04-21T09:37:54.515,11.5711333,104.9141289,24.183,0.33099,0.30645,0.2044,1.042
T0003,riverside_to_airport,312,2026-04-21T09:37:55.557,11.5711267,104.9140611,23.62,-0.14661,-0.44766,0.2082,1.0669
T0003,riverside_to_airport,313,2026-04-21T09:37:56.624,11.57112,104.9139933,22.589,-0.25665,-0.09864,0.1221,1.1156
T0003,riverside_to_airport,314,2026-04-21T09:37:57.739,11.5711133,104.9139256,23.634,0.27223,0.49603,0.0984,1.0662
T0003,riverside_to_airport,315,2026-04-21T09:37:58.806,11.5711067,104.9138578,23.585,-0.0128,-0.26676,0.1631,1.0685
T0003,riverside_to_airport,316,2026-04-21T09:37:59.874,11.5711,104.91379,23.289,-0.07599,-0.0584,0.2662,1.082
T0003,riverside_to_airport,317,2026-04-21T09:38:00.956,11.571092,104.913716,23.823,0.14025,0.20443,0.0336,1.0578
T0003,riverside_to_airport,318,2026-04-21T09:38:02.014,11.571084,104.913642,26.065,0.64396,0.52099,0.1705,0.9668
T0003,riverside_to_airport,319,2026-04-21T09:38:02.981,11.571076,104.913568,24.596,-0.39822,-1.01719,0.1535,1.0246
T0003,riverside_to_airport,320,2026-04-21T09:38:04.005,11.571068,104.913494,28.005,1.05229,1.61195,0.0977,0.8999
T0003,riverside_to_airport,321,2026-04-21T09:38:04.905,11.57106,104.91342,24.553,-0.93424,-1.9355,0.1285,1.0264
T0003,riverside_to_airport,322,2026-04-21T09:38:05.932,11.57105,104.91338,23.862,-0.18172,0.71257,0.0855,1.0561
T0003,riverside_to_airport,323,2026-04-21T09:38:06.988,11.5710445,104.9133118,24.303,0.11822,0.28926,0.1939,1.0369
T0003,riverside_to_airport,324,2026-04-21T09:38:08.025,11.5710391,104.9132436,24.682,0.10299,-0.01492,0.0654,1.021
T0003,riverside_to_airport,325,2026-04-21T09:38:09.046,11.5710336,104.9131755,24.95,0.07374,-0.02895,0.2082,1.01
T0003,riverside_to_airport,326,2026-04-21T09:38:10.056,11.5710282,104.9131073,27.412,0.74397,0.72906,0.1878,0.9193
T0003,riverside_to_airport,327,2026-04-21T09:38:10.975,11.5710227,104.9130391,23.029,-1.11262,-1.69664,0.1054,1.0943
T0003,riverside_to_airport,328,2026-04-21T09:38:12.069,11.5710173,104.9129709,25.585,0.72102,1.86168,0.0743,0.9849
T0003,riverside_to_airport,329,2026-04-21T09:38:13.054,11.5710118,104.9129027,24.609,-0.265,-0.96288,0.0766,1.024
T0003,riverside_to_airport,330,2026-04-21T09:38:14.078,11.5710064,104.9128345,21.94,-0.64531,-0.33111,0.1605,1.1486
T0003,riverside_to_airport,331,2026-04-21T09:38:15.227,11.5710009,104.9127664,25.453,0.98554,1.64722,0.1748,0.9901
T0003,riverside_to_airport,332,2026-04-21T09:38:16.217,11.5709955,104.9126982,26.198,0.21525,-0.8008,0.2027,0.9619
T0003,riverside_to_airport,333,2026-04-21T09:38:17.179,11.57099,104.91263,23.011,-0.80843,-0.93477,0.2262,1.0951
T0003,riverside_to_airport,334,2026-04-21T09:38:18.274,11.570984,104.912564,24.284,0.34058,1.10723,0.2086,1.0377
T0003,riverside_to_airport,335,2026-04-21T09:38:19.312,11.570978,104.912498,21.709,-0.6161,-0.82414,0.1488,1.1608
T0003,riverside_to_airport,336,2026-04-21T09:38:20.472,11.570972,104.912432,22.409,0.17286,0.70157,0.1607,1.1246
T0003,riverside_to_airport,337,2026-04-21T09:38:21.597,11.570966,104.912366,25.869,0.9867,0.83544,0.0399,0.9741
T0003,riverside_to_airport,338,2026-04-21T09:38:22.571,11.57096,104.9123,23.597,-0.59089,-1.47725,0.0646,1.0679
T0003,riverside_to_airport,339,2026-04-21T09:38:23.639,11.5709538,104.9122315,22.634,-0.2404,0.31479,0.1909,1.1134
T0003,riverside_to_airport,340,2026-04-21T09:38:24.752,11.5709477,104.9121631,24.641,0.54524,0.76822,0.2032,1.0227
T0003,riverside_to_airport,341,2026-04-21T09:38:25.775,11.5709415,104.9120946,23.513,-0.29231,-0.78149,0.2311,1.0717
T0003,riverside_to_airport,342,2026-04-21T09:38:26.847,11.5709354,104.9120262,23.591,0.02012,0.29248,0.0931,1.0682
T0003,riverside_to_airport,343,2026-04-21T09:38:27.915,11.5709292,104.9119577,25.406,0.50835,0.49221,0.1161,0.9919
T0003,riverside_to_airport,344,2026-04-21T09:38:28.907,11.5709231,104.9118892,22.554,-0.70895,-1.08949,0.0779,1.1173
T0003,riverside_to_airport,345,2026-04-21T09:38:30.024,11.5709169,104.9118208,22.939,0.09724,0.73384,0.1139,1.0986
T0003,riverside_to_airport,346,2026-04-21T09:38:31.123,11.5709108,104.9117523,24.528,0.42966,0.32356,0.1043,1.0274
T0003,riverside_to_airport,347,2026-04-21T09:38:32.150,11.5709046,104.9116838,25.751,0.34715,-0.08432,0.1054,0.9786
T0003,riverside_to_airport,348,2026-04-21T09:38:33.129,11.5708985,104.9116154,26.154,0.11622,-0.23967,0.1877,0.9635
T0003,riverside_to_airport,349,2026-04-21T09:38:34.092,11.5708923,104.9115469,23.299,-0.7332,-0.78535,0.2076,1.0816
T0003,riverside_to_airport,350,2026-04-21T09:38:35.174,11.5708862,104.9114785,25.703,0.68101,1.44243,0.1637,0.9804
T0003,riverside_to_airport,351,2026-04-21T09:38:36.154,11.57088,104.91141,23.121,-0.65811,-1.22863,0.181,1.0899
T0003,riverside_to_airport,352,2026-04-21T09:38:37.244,11.570885,104.911345,27.036,1.1669,1.95799,0.0893,0.9321
T0003,riverside_to_airport,353,2026-04-21T09:38:38.176,11.57089,104.91128,22.596,-1.10589,-2.03796,0.1064,1.1152
T0003,riverside_to_airport,354,2026-04-21T09:38:39.292,11.570885,104.91121,26.29,1.0703,2.27029,0.232,0.9586
T0003,riverside_to_airport,355,2026-04-21T09:38:40.250,11.57088,104.91114,23.312,-0.76511,-1.69791,0.1955,1.081
T0003,riverside_to_airport,356,2026-04-21T09:38:41.331,11.570875,104.91107,27.317,1.20583,2.1365,0.1049,0.9225
T0003,riverside_to_airport,357,2026-04-21T09:38:42.254,11.57087,104.911,25.184,-0.59209,-1.79677,0.1258,1.0006
T0003,riverside_to_airport,358,2026-04-21T09:38:43.254,11.5708675,104.9109275,22.773,-0.60522,-0.01187,0.1394,1.1066
T0003,riverside_to_airport,359,2026-04-21T09:38:44.361,11.570865,104.910855,23.514,0.19197,0.74384,0.2637,1.0717
T0003,riverside_to_airport,360,2026-04-21T09:38:45.433,11.5708625,104.9107825,25.469,0.54888,0.36072,0.1488,0.9895
T0003,riverside_to_airport,361,2026-04-21T09:38:46.422,11.57086,104.91071,25.876,0.11614,-0.44434,0.1291,0.9739
T0003,riverside_to_airport,362,2026-04-21T09:38:47.396,11.57085,104.91062,24.191,-0.44932,-0.54282,0.0749,1.0417
T0003,riverside_to_airport,363,2026-04-21T09:38:48.438,11.57084,104.910555,24.364,0.04648,0.47935,0.1372,1.0343
T0003,riverside_to_airport,364,2026-04-21T09:38:49.472,11.57083,104.91049,25.434,0.30014,0.25602,0.2269,0.9908
T0003,riverside_to_airport,365,2026-04-21T09:38:50.463,11.57082,104.91038,24.495,-0.25376,-0.53839,0.2006,1.0288
T0003,riverside_to_airport,366,2026-04-21T09:38:51.492,11.570815,104.910315,22.357,-0.52687,-0.2423,0.2325,1.1272
T0003,riverside_to_airport,367,2026-04-21T09:38:52.619,11.57081,104.91025,23.077,0.18336,0.6504,0.1298,1.092
T0003,riverside_to_airport,368,2026-04-21T09:38:53.711,11.570805,104.910185,24.65,0.42717,0.23849,0.1336,1.0223
T0003,riverside_to_airport,369,2026-04-21T09:38:54.733,11.5708,104.91012,26.12,0.4234,-0.00391,0.2423,0.9648
T0003,riverside_to_airport,370,2026-04-21T09:38:55.698,11.570795,104.910055,26.721,0.17695,-0.26133,0.1901,0.9431
T0003,riverside_to_airport,371,2026-04-21T09:38:56.641,11.57079,104.90999,25.466,-0.3522,-0.53474,0.4484,0.9895
T0003,riverside_to_airport,372,2026-04-21T09:38:57.630,11.570785,104.909925,24.728,-0.20126,0.14812,0.4585,1.0191
T0003,riverside_to_airport,373,2026-04-21T09:38:58.650,11.57078,104.90986,25.42,0.19398,0.39869,0.369,0.9913
T0003,riverside_to_airport,374,2026-04-21T09:38:59.641,11.570775,104.909795,23.297,-0.54527,-0.68342,0.2884,1.0817
T0003,riverside_to_airport,375,2026-04-21T09:39:00.723,11.57077,104.90973,24.067,0.20435,0.71592,0.2068,1.0471
T0003,riverside_to_airport,376,2026-04-21T09:39:01.770,11.5707633,104.9096633,23.061,-0.25581,-0.42109,0.3843,1.0928
T0003,riverside_to_airport,377,2026-04-21T09:39:02.862,11.5707567,104.9095967,22.424,-0.15743,0.08754,0.4476,1.1238
T0003,riverside_to_airport,378,2026-04-21T09:39:03.986,11.57075,104.90953,24.797,0.64875,0.7933,0.3352,1.0162
T0003,riverside_to_airport,379,2026-04-21T09:39:05.002,11.5707433,104.9094633,24.575,-0.06015,-0.69133,0.2494,1.0254
T0003,riverside_to_airport,380,2026-04-21T09:39:06.028,11.5707367,104.9093967,25.328,0.21029,0.27182,0.2864,0.9949
T0003,riverside_to_airport,381,2026-04-21T09:39:07.023,11.57073,104.90933,25.116,-0.05878,-0.26817,0.353,1.0033
T0003,riverside_to_airport,382,2026-04-21T09:39:08.026,11.5707233,104.9092633,24.661,-0.12374,-0.06357,0.451,1.0219
T0003,riverside_to_airport,383,2026-04-21T09:39:09.048,11.5707167,104.9091967,25.132,0.13047,0.25352,0.2515,1.0027
T0003,riverside_to_airport,384,2026-04-21T09:39:10.051,11.57071,104.90913,24.233,-0.24013,-0.35637,0.3836,1.0399
T0003,riverside_to_airport,385,2026-04-21T09:39:11.091,11.5707037,104.9090613,24.916,0.18769,0.42299,0.426,1.0114
T0003,riverside_to_airport,386,2026-04-21T09:39:12.102,11.5706975,104.9089925,23.208,-0.43708,-0.57537,0.4808,1.0858
T0003,riverside_to_airport,387,2026-04-21T09:39:13.188,11.5706912,104.9089237,24.851,0.45029,0.87509,0.235,1.014
T0003,riverside_to_airport,388,2026-04-21T09:39:14.202,11.570685,104.908855,25.3,0.12495,-0.32662,0.4779,0.9961
T0003,riverside_to_airport,389,2026-04-21T09:39:15.198,11.5706788,104.9087863,23.292,-0.51534,-0.59182,0.3804,1.0819
T0003,riverside_to_airport,390,2026-04-21T09:39:16.280,11.5706725,104.9087175,24.375,0.29078,0.77972,0.43,1.0339
T0003,riverside_to_airport,391,2026-04-21T09:39:17.314,11.5706663,104.9086487,23.362,-0.2609,-0.51143,0.2161,1.0787
T0003,riverside_to_airport,392,2026-04-21T09:39:18.392,11.57066,104.90858,23.507,0.03774,0.27858,0.3518,1.072
T0003,riverside_to_airport,393,2026-04-21T09:39:19.464,11.570654,104.9085153,22.61,-0.22371,-0.23457,0.3868,1.1146
T0003,riverside_to_airport,394,2026-04-21T09:39:20.579,11.570648,104.9084507,26.196,1.03548,1.30894,0.2921,0.962
T0003,riverside_to_airport,395,2026-04-21T09:39:21.541,11.570642,104.908386,25.895,-0.08567,-1.15209,0.3295,0.9731
T0003,riverside_to_airport,396,2026-04-21T09:39:22.514,11.570636,104.9083213,25.103,-0.21926,-0.13307,0.3663,1.0039
T0003,riverside_to_airport,397,2026-04-21T09:39:23.518,11.57063,104.9082567,27.255,0.64657,0.93644,0.3658,0.9246
T0003,riverside_to_airport,398,2026-04-21T09:39:24.443,11.570624,104.908192,24.013,-0.85818,-1.43388,0.2126,1.0494
T0003,riverside_to_airport,399,2026-04-21T09:39:25.492,11.570618,104.9081273,28.845,1.53619,2.74065,0.3318,0.8736
T0003,riverside_to_airport,400,2026-04-21T09:39:26.366,11.570612,104.9080627,23.956,-1.29098,-2.68756,0.2641,1.0519
T0003,riverside_to_airport,401,2026-04-21T09:39:27.418,11.570606,104.907998,24.68,0.19698,1.45724,0.475,1.0211
T0003,riverside_to_airport,402,2026-04-21T09:39:28.439,11.5706,104.9079333,23.7,-0.25588,-0.42591,0.493,1.0633
T0003,riverside_to_airport,403,2026-04-21T09:39:29.502,11.570594,104.9078687,24.855,0.31649,0.56454,0.2899,1.0139
T0003,riverside_to_airport,404,2026-04-21T09:39:30.516,11.570588,104.907804,25.55,0.19572,-0.12245,0.2526,0.9863
T0003,riverside_to_airport,405,2026-04-21T09:39:31.502,11.570582,104.9077393,24.126,-0.37878,-0.55001,0.2659,1.0445
T0003,riverside_to_airport,406,2026-04-21T09:39:32.547,11.570576,104.9076747,26.962,0.84285,1.30704,0.3433,0.9346
T0003,riverside_to_airport,407,2026-04-21T09:39:33.481,11.57057,104.90761,24.656,-0.62682,-1.43791,0.4624,1.0221
T0003,riverside_to_airport,408,2026-04-21T09:39:34.503,11.5705646,104.9075438,24.703,0.0128,0.62699,0.35,1.0201
T0003,riverside_to_airport,409,2026-04-21T09:39:35.523,11.5705592,104.9074777,22.933,-0.44725,-0.41867,0.2166,1.0988
T0003,riverside_to_airport,410,2026-04-21T09:39:36.622,11.5705538,104.9074115,24.925,0.54708,0.98346,0.212,1.011
T0003,riverside_to_airport,411,2026-04-21T09:39:37.633,11.5705485,104.9073454,24.096,-0.22013,-0.7336,0.2682,1.0458
T0003,riverside_to_airport,412,2026-04-21T09:39:38.679,11.5705431,104.9072792,23.385,-0.18335,0.03413,0.4528,1.0776
T0003,riverside_to_airport,413,2026-04-21T09:39:39.757,11.5705377,104.9072131,23.132,-0.06435,0.10924,0.3864,1.0894
T0003,riverside_to_airport,414,2026-04-21T09:39:40.846,11.5705323,104.9071469,28.305,1.61377,1.88485,0.3689,0.8903
T0003,riverside_to_airport,415,2026-04-21T09:39:41.737,11.5705269,104.9070808,23.902,-1.16001,-2.63087,0.2957,1.0543
T0003,riverside_to_airport,416,2026-04-21T09:39:42.791,11.5705215,104.9070146,22.111,-0.43635,0.63497,0.4788,1.1397
T0003,riverside_to_airport,417,2026-04-21T09:39:43.931,11.5705162,104.9069485,23.25,0.29168,0.67168,0.2994,1.0839
T0003,riverside_to_airport,418,2026-04-21T09:39:45.014,11.5705108,104.9068823,24.22,0.25896,-0.03145,0.4505,1.0405
T0003,riverside_to_airport,419,2026-04-21T09:39:46.055,11.5705054,104.9068162,25.117,0.24844,-0.01048,0.4688,1.0033
T0003,riverside_to_airport,420,2026-04-21T09:39:47.058,11.5705,104.90675,25.129,0.00338,-0.24438,0.345,1.0028
T0003,riverside_to_airport,421,2026-04-21T09:39:48.061,11.5704912,104.9066813,25.312,0.05098,0.04782,0.4683,0.9956
T0003,riverside_to_airport,422,2026-04-21T09:39:49.057,11.5704825,104.9066125,23.33,-0.50975,-0.51911,0.283,1.0802
T0003,riverside_to_airport,423,2026-04-21T09:39:50.137,11.5704737,104.9065437,24.808,0.40415,0.89966,0.3975,1.0158
T0003,riverside_to_airport,424,2026-04-21T09:39:51.153,11.570465,104.906475,22.983,-0.46228,-0.7902,0.2264,1.0965
T0003,riverside_to_airport,425,2026-04-21T09:39:52.249,11.5704562,104.9064063,23.367,0.09907,0.52053,0.3422,1.0784
T0003,riverside_to_airport,426,2026-04-21T09:39:53.328,11.5704475,104.9063375,22.92,-0.11296,-0.19285,0.2652,1.0995
T0003,riverside_to_airport,427,2026-04-21T09:39:54.427,11.5704387,104.9062687,22.514,-0.10076,0.0109,0.2188,1.1193
T0003,riverside_to_airport,428,2026-04-21T09:39:55.546,11.57043,104.9062,25.893,0.9644,1.09447,0.2011,0.9732
T0003,riverside_to_airport,429,2026-04-21T09:39:56.519,11.5704215,104.9061315,25.33,-0.15731,-1.12749,0.2974,0.9949
T0003,riverside_to_airport,430,2026-04-21T09:39:57.514,11.5704131,104.9060631,25.762,0.1227,0.28625,0.3769,0.9782
T0003,riverside_to_airport,431,2026-04-21T09:39:58.493,11.5704046,104.9059946,24.356,-0.37748,-0.48342,0.3366,1.0347
T0003,riverside_to_airport,432,2026-04-21T09:39:59.527,11.5703962,104.9059262,25.462,0.31049,0.69512,0.2905,0.9897
T0003,riverside_to_airport,433,2026-04-21T09:40:00.517,11.5703877,104.9058577,21.655,-0.90877,-1.04774,0.4974,1.1637
T0003,riverside_to_airport,434,2026-04-21T09:40:01.681,11.5703792,104.9057892,25.592,1.11048,2.05062,0.4819,0.9847
T0003,riverside_to_airport,435,2026-04-21T09:40:02.665,11.5703708,104.9057208,24.563,-0.27859,-1.35394,0.2377,1.026
T0003,riverside_to_airport,436,2026-04-21T09:40:03.691,11.5703623,104.9056523,25.238,0.18778,0.46706,0.3245,0.9985
T0003,riverside_to_airport,437,2026-04-21T09:40:04.690,11.5703538,104.9055838,24.867,-0.10159,-0.28554,0.3947,1.0134
T0003,riverside_to_airport,438,2026-04-21T09:40:05.703,11.5703454,104.9055154,22.816,-0.51574,-0.37497,0.42,1.1045
T0003,riverside_to_airport,439,2026-04-21T09:40:06.808,11.5703369,104.9054469,22.05,-0.1863,0.28826,0.3099,1.1429
T0003,riverside_to_airport,440,2026-04-21T09:40:07.951,11.5703285,104.9053785,23.229,0.30188,0.44999,0.4239,1.0849
T0003,riverside_to_airport,441,2026-04-21T09:40:09.035,11.57032,104.90531,25.144,0.5309,0.22851,0.2372,1.0022
T0003,riverside_to_airport,442,2026-04-21T09:40:10.038,11.570315,104.9052375,25.332,0.05243,-0.48097,0.2995,0.9948
T0003,riverside_to_airport,443,2026-04-21T09:40:11.032,11.57031,104.905165,22.245,-0.75696,-0.71448,0.4149,1.1328
T0003,riverside_to_airport,444,2026-04-21T09:40:12.165,11.570305,104.9050925,22.825,0.146,0.81786,0.3877,1.104
T0003,riverside_to_airport,445,2026-04-21T09:40:13.269,11.5703,104.90502,23.212,0.09897,-0.04332,0.4512,1.0856
T0003,riverside_to_airport,446,2026-04-21T09:40:14.355,11.570295,104.90494,23.761,0.14376,0.04224,0.2141,1.0606
T0003,riverside_to_airport,447,2026-04-21T09:40:15.415,11.57029,104.90486,22.254,-0.3697,-0.45343,0.2523,1.1324
T0003,riverside_to_airport,448,2026-04-21T09:40:16.548,11.57029,104.90479,22.164,-0.02199,0.30582,0.2145,1.137
T0003,riverside_to_airport,449,2026-04-21T09:40:17.685,11.57029,104.90476,23.064,0.22889,0.22962,0.2576,1.0926
T0003,riverside_to_airport,450,2026-04-21T09:40:18.777,11.5702811,104.90469,24.426,0.36675,0.13363,0.2013,1.0317
T0003,riverside_to_airport,451,2026-04-21T09:40:19.809,11.5702722,104.90462,22.526,-0.47184,-0.74961,0.3513,1.1187
T0003,riverside_to_airport,452,2026-04-21T09:40:20.928,11.5702633,104.90455,24.123,0.42471,0.85824,0.3585,1.0446
T0003,riverside_to_airport,453,2026-04-21T09:40:21.972,11.5702544,104.90448,25.885,0.50261,0.08002,0.3974,0.9735
T0003,riverside_to_airport,454,2026-04-21T09:40:22.946,11.5702456,104.90441,22.344,-0.87202,-1.21885,0.3155,1.1278
T0003,riverside_to_airport,455,2026-04-21T09:40:24.074,11.5702367,104.90434,23.987,0.43443,1.24357,0.201,1.0506
T0003,riverside_to_airport,456,2026-04-21T09:40:25.124,11.5702278,104.90427,25.834,0.52591,0.09378,0.4022,0.9755
T0003,riverside_to_airport,457,2026-04-21T09:40:26.100,11.5702189,104.9042,23.67,-0.56474,-1.02441,0.2163,1.0647
T0003,riverside_to_airport,458,2026-04-21T09:40:27.164,11.57021,104.90413,23.436,-0.06022,0.46922,0.4599,1.0753
T0003,riverside_to_airport,459,2026-04-21T09:40:28.240,11.5702029,104.9040643,26.042,0.74801,0.83524,0.2068,0.9677
T0003,riverside_to_airport,460,2026-04-21T09:40:29.207,11.5701957,104.9039986,23.838,-0.57927,-1.25552,0.3591,1.0572
T0003,riverside_to_airport,461,2026-04-21T09:40:30.265,11.5701886,104.9039329,25.954,0.60537,1.22007,0.4685,0.971
T0003,riverside_to_airport,462,2026-04-21T09:40:31.236,11.5701814,104.9038671,24.94,-0.27857,-0.87483,0.3717,1.0104
T0003,riverside_to_airport,463,2026-04-21T09:40:32.246,11.5701743,104.9038014,23.783,-0.3035,-0.02353,0.3825,1.0596
T0003,riverside_to_airport,464,2026-04-21T09:40:33.306,11.5701671,104.9037357,25.016,0.34023,0.63904,0.4045,1.0073
T0003,riverside_to_airport,465,2026-04-21T09:40:34.313,11.57016,104.90367,24.778,-0.06524,-0.39867,0.2367,1.017
T0003,riverside_to_airport,466,2026-04-21T09:40:35.330,11.5701525,104.903605,25.828,0.29912,0.37344,0.4025,0.9757
T0003,riverside_to_airport,467,2026-04-21T09:40:36.306,11.570145,104.90354,23.474,-0.60907,-0.846,0.4641,1.0735
T0003,riverside_to_airport,468,2026-04-21T09:40:37.379,11.5701375,104.903475,24.359,0.23745,0.81826,0.4923,1.0345
T0003,riverside_to_airport,469,2026-04-21T09:40:38.414,11.57013,104.90341,24.205,-0.04111,-0.26755,0.3329,1.0411
T0003,riverside_to_airport,470,2026-04-21T09:40:39.455,11.5701217,104.90334,25.353,0.32097,0.36428,0.3034,0.994
T0003,riverside_to_airport,471,2026-04-21T09:40:40.449,11.5701133,104.90327,22.759,-0.65076,-0.8776,0.426,1.1072
T0003,riverside_to_airport,472,2026-04-21T09:40:41.556,11.570105,104.9032,25.822,0.87191,1.56028,0.3629,0.9759
T0003,riverside_to_airport,473,2026-04-21T09:40:42.532,11.5700967,104.90313,24.996,-0.22758,-1.09061,0.2772,1.0081
T0003,riverside_to_airport,474,2026-04-21T09:40:43.540,11.5700883,104.90306,22.322,-0.65815,-0.38139,0.2516,1.129
T0003,riverside_to_airport,475,2026-04-21T09:40:44.669,11.57008,104.90299,26.109,1.09013,1.81136,0.2511,0.9652
T0003,riverside_to_airport,476,2026-04-21T09:40:45.634,11.5700775,104.9029213,27.648,0.46895,-0.68152,0.3378,0.9115
T0003,riverside_to_airport,477,2026-04-21T09:40:46.546,11.570075,104.9028525,25.8,-0.52566,-1.01828,0.251,0.9768
T0003,riverside_to_airport,478,2026-04-21T09:40:47.522,11.5700725,104.9027837,26.437,0.18584,0.74644,0.2059,0.9532
T0003,riverside_to_airport,479,2026-04-21T09:40:48.476,11.57007,104.902715,24.425,-0.54181,-0.70528,0.2156,1.0317
T0003,riverside_to_airport,480,2026-04-21T09:40:49.507,11.5700675,104.9026463,21.805,-0.6298,-0.07613,0.479,1.1557
T0003,riverside_to_airport,481,2026-04-21T09:40:50.663,11.570065,104.9025775,21.531,-0.06501,0.48255,0.2219,1.1704
T0003,riverside_to_airport,482,2026-04-21T09:40:51.833,11.5700625,104.9025087,24.68,0.8566,0.90258,0.222,1.0211
T0003,riverside_to_airport,483,2026-04-21T09:40:52.854,11.57006,104.90244,23.409,-0.32786,-1.10028,0.3354,1.0765
T0003,riverside_to_airport,484,2026-04-21T09:40:53.931,11.5700567,104.90236,22.925,-0.12228,0.18702,0.2735,1.0992
T0003,riverside_to_airport,485,2026-04-21T09:40:55.030,11.5700533,104.90228,24.203,0.34088,0.44484,0.4888,1.0412
T0003,riverside_to_airport,486,2026-04-21T09:40:56.071,11.57005,104.9022,25.22,0.28287,-0.05806,0.4733,0.9992
T0003,riverside_to_airport,487,2026-04-21T09:40:57.071,11.57004,104.902115,22.118,-0.7564,-0.91215,0.3214,1.1394
T0003,riverside_to_airport,488,2026-04-21T09:40:58.210,11.57003,104.90203,23.624,0.39212,1.07667,0.3346,1.0667
T0003,riverside_to_airport,489,2026-04-21T09:40:59.277,11.570024,104.901958,26.562,0.86025,0.49343,0.3125,0.9487
T0003,riverside_to_airport,490,2026-04-21T09:41:00.225,11.570018,104.901886,22.684,-0.9696,-1.64715,0.2114,1.1109
T0003,riverside_to_airport,491,2026-04-21T09:41:01.336,11.570012,104.901814,25.602,0.82335,1.82153,0.2879,0.9843
T0003,riverside_to_airport,492,2026-04-21T09:41:02.321,11.570006,104.901742,23.57,-0.52786,-1.2638,0.2368,1.0692
T0003,riverside_to_airport,493,2026-04-21T09:41:03.390,11.57,104.90167,25.116,0.42795,0.95261,0.2307,1.0034
T0003,riverside_to_airport,494,2026-04-21T09:41:04.393,11.569992,104.901596,25.943,0.23658,-0.19701,0.3683,0.9714
T0003,riverside_to_airport,495,2026-04-21T09:41:05.365,11.569984,104.901522,25.409,-0.14958,-0.38936,0.2296,0.9918
T0003,riverside_to_airport,496,2026-04-21T09:41:06.356,11.569976,104.901448,25.661,0.07123,0.22485,0.2309,0.982
T0003,riverside_to_airport,497,2026-04-21T09:41:07.338,11.569968,104.901374,22.57,-0.76902,-0.75254,0.3442,1.1166
T0003,riverside_to_airport,498,2026-04-21T09:41:08.455,11.56996,104.9013,25.967,0.9726,1.79465,0.3327,0.9704
T0003,riverside_to_airport,499,2026-04-21T09:41:09.425,11.56995,104.90121,23.018,-0.74837,-1.57194,0.2413,1.0948
T0003,riverside_to_airport,500,2026-04-21T09:41:10.520,11.56994,104.90112,24.686,0.45398,1.17784,0.2013,1.0208
T0003,riverside_to_airport,501,2026-04-21T09:41:11.541,11.56993,104.90103,24.684,-0.00053,-0.44521,0.2579,1.0209
T0003,riverside_to_airport,502,2026-04-21T09:41:12.562,11.56992,104.90094,25.025,0.09387,0.09375,0.2708,1.007
T0003,riverside_to_airport,503,2026-04-21T09:41:13.569,11.569912,104.900866,24.802,-0.06076,-0.1522,0.4401,1.016
T0003,riverside_to_airport,504,2026-04-21T09:41:14.585,11.569904,104.900792,23.031,-0.44964,-0.35541,0.4746,1.0942
T0003,riverside_to_airport,505,2026-04-21T09:41:15.679,11.569896,104.900718,22.272,-0.18636,0.2327,0.3218,1.1315
T0003,riverside_to_airport,506,2026-04-21T09:41:16.811,11.569888,104.900644,25.605,0.94082,1.14531,0.3215,0.9842
T0003,riverside_to_airport,507,2026-04-21T09:41:17.795,11.56988,104.90057,24.576,-0.27896,-1.18956,0.4137,1.0254
T0003,riverside_to_airport,508,2026-04-21T09:41:18.820,11.569875,104.90048,26.021,0.41456,0.71611,0.3881,0.9684
T0003,riverside_to_airport,509,2026-04-21T09:41:19.789,11.56987,104.90039,24.23,-0.47839,-0.85857,0.2552,1.04
T0003,riverside_to_airport,510,2026-04-21T09:41:20.829,11.56987,104.90038,22.189,-0.49912,-0.01825,0.2323,1.1357
T0003,riverside_to_airport,511,2026-04-21T09:41:21.964,11.569855,104.900295,25.746,1.00945,1.54126,0.3313,0.9788
T0003,riverside_to_airport,512,2026-04-21T09:41:22.943,11.56984,104.90021,23.741,-0.52464,-1.44529,0.3694,1.0614
T0003,riverside_to_airport,513,2026-04-21T09:41:24.005,11.56983,104.900115,24.81,0.29223,0.80422,0.2416,1.0157
T0003,riverside_to_airport,514,2026-04-21T09:41:25.020,11.56982,104.90002,23.326,-0.38161,-0.62372,0.288,1.0804
T0003,riverside_to_airport,515,2026-04-21T09:41:26.101,11.569815,104.89995,26.763,1.01414,1.48234,0.2918,0.9416
T0003,riverside_to_airport,516,2026-04-21T09:41:27.042,11.56981,104.89988,22.982,-0.95792,-1.79849,0.2784,1.0965
T0003,riverside_to_airport,517,2026-04-21T09:41:28.139,11.569795,104.899795,23.791,0.21208,1.10456,0.3382,1.0592
T0003,riverside_to_airport,518,2026-04-21T09:41:29.198,11.56978,104.89971,24.458,0.17991,-0.03122,0.3959,1.0303
T0003,riverside_to_airport,519,2026-04-21T09:41:30.228,11.56978,104.8997,22.659,-0.44944,-0.56588,0.3528,1.1122
T0003,riverside_to_airport,520,2026-04-21T09:41:31.340,11.56977,104.89961,24.793,0.58321,1.01596,0.2604,1.0164
T0003,riverside_to_airport,521,2026-04-21T09:41:32.357,11.56976,104.89952,26.715,0.56601,-0.01824,0.2309,0.9433
T0003,riverside_to_airport,522,2026-04-21T09:41:33.300,11.5697517,104.8994528,23.561,-0.81902,-1.29496,0.4466,1.0696
T0003,riverside_to_airport,523,2026-04-21T09:41:34.370,11.5697433,104.8993856,24.89,0.36446,1.1689,0.3438,1.0125
T0003,riverside_to_airport,524,2026-04-21T09:41:35.382,11.569735,104.8993183,20.173,-1.04886,-1.13137,0.2186,1.2492
T0003,riverside_to_airport,525,2026-04-21T09:41:36.631,11.5697267,104.8992511,24.239,1.08629,2.05368,0.2774,1.0397
T0003,riverside_to_airport,526,2026-04-21T09:41:37.671,11.5697183,104.8991839,23.827,-0.10799,-1.12923,0.4412,1.0576
T0003,riverside_to_airport,527,2026-04-21T09:41:38.729,11.56971,104.8991167,23.069,-0.1928,-0.07763,0.4255,1.0924
T0003,riverside_to_airport,528,2026-04-21T09:41:39.821,11.5697017,104.8990494,25.919,0.81423,1.03577,0.4627,0.9723
T0003,riverside_to_airport,529,2026-04-21T09:41:40.793,11.5696933,104.8989822,23.808,-0.55413,-1.29275,0.3806,1.0585
T0003,riverside_to_airport,530,2026-04-21T09:41:41.852,11.569685,104.898915,24.031,0.05911,0.58478,0.3269,1.0487
T0003,riverside_to_airport,531,2026-04-21T09:41:42.900,11.5696767,104.8988478,23.731,-0.07836,-0.12946,0.328,1.0619
T0003,riverside_to_airport,532,2026-04-21T09:41:43.962,11.5696683,104.8987806,21.422,-0.54533,-0.39695,0.2582,1.1764
T0003,riverside_to_airport,533,2026-04-21T09:41:45.139,11.56966,104.8987133,22.599,0.29326,0.75203,0.3952,1.1151
T0003,riverside_to_airport,534,2026-04-21T09:41:46.254,11.5696517,104.8986461,25.739,0.89075,0.61026,0.3755,0.9791
T0003,riverside_to_airport,535,2026-04-21T09:41:47.233,11.5696433,104.8985789,21.132,-1.07304,-1.64678,0.2465,1.1925
T0003,riverside_to_airport,536,2026-04-21T09:41:48.425,11.569635,104.8985117,23.147,0.51425,1.458,0.4657,1.0887
T0003,riverside_to_airport,537,2026-04-21T09:41:49.514,11.5696267,104.8984444,23.697,0.14364,-0.34851,0.3105,1.0634
T0003,riverside_to_airport,538,2026-04-21T09:41:50.578,11.5696183,104.8983772,26.912,0.95374,0.86515,0.2149,0.9364
T0003,riverside_to_airport,539,2026-04-21T09:41:51.514,11.56961,104.89831,25.45,-0.41028,-1.37755,0.2984,0.9902
T0003,riverside_to_airport,540,2026-04-21T09:41:52.504,11.56961,104.89825,23.461,-0.51429,-0.09683,0.461,1.0741
T0003,riverside_to_airport,541,2026-04-21T09:41:53.578,11.5696,104.8982,26.254,0.80814,1.37772,0.4751,0.9599
T0003,riverside_to_airport,542,2026-04-21T09:41:54.538,11.56959,104.898136,23.186,-0.784,-1.4649,0.3471,1.0869
T0003,riverside_to_airport,543,2026-04-21T09:41:55.625,11.56958,104.898072,25.811,0.74667,1.56776,0.4869,0.9763
T0003,riverside_to_airport,544,2026-04-21T09:41:56.601,11.56957,104.898008,22.259,-0.87149,-1.42929,0.4626,1.1321
T0003,riverside_to_airport,545,2026-04-21T09:41:57.733,11.56956,104.897944,25.907,1.04181,1.96697,0.4476,0.9727
T0003,riverside_to_airport,546,2026-04-21T09:41:58.706,11.56955,104.89788,23.688,-0.57942,-1.52394,0.4579,1.0638
T0003,riverside_to_airport,547,2026-04-21T09:41:59.770,11.5695311,104.8978178,22.754,-0.23415,0.31176,0.3146,1.1075
T0003,riverside_to_airport,548,2026-04-21T09:42:00.877,11.5695122,104.8977556,23.971,0.32158,0.52864,0.4269,1.0513
T0003,riverside_to_airport,549,2026-04-21T09:42:01.929,11.5694933,104.8976933,24.713,0.20205,-0.11722,0.3732,1.0197
T0003,riverside_to_airport,550,2026-04-21T09:42:02.948,11.5694744,104.8976311,23.555,-0.3007,-0.46993,0.4159,1.0698
T0003,riverside_to_airport,551,2026-04-21T09:42:04.018,11.5694556,104.8975689,25.128,0.43571,0.7343,0.2533,1.0029
T0003,riverside_to_airport,552,2026-04-21T09:42:05.021,11.5694367,104.8975067,23.422,-0.44031,-0.81423,0.4194,1.0759
T0003,riverside_to_airport,553,2026-04-21T09:42:06.097,11.5694178,104.8974444,25.227,0.50195,0.94329,0.4873,0.9989
T0003,riverside_to_airport,554,2026-04-21T09:42:07.096,11.5693989,104.8973822,24.96,-0.07352,-0.57,0.2908,1.0096
T0003,riverside_to_airport,555,2026-04-21T09:42:08.106,11.56938,104.89732,24.206,-0.20137,-0.1228,0.4958,1.0411
T0003,riverside_to_airport,556,2026-04-21T09:42:09.147,11.569355,104.89723,23.635,-0.14868,0.04942,0.3135,1.0662
T0003,riverside_to_airport,557,2026-04-21T09:42:10.213,11.56933,104.89714,24.524,0.24043,0.37867,0.2599,1.0276
T0003,riverside_to_airport,558,2026-04-21T09:42:11.240,11.569305,104.897065,25.122,0.16562,-0.07458,0.2337,1.0031
T0003,riverside_to_airport,559,2026-04-21T09:42:12.244,11.56928,104.89699,27.39,0.68453,0.564,0.4355,0.9201
T0003,riverside_to_airport,560,2026-04-21T09:42:13.164,11.56926,104.89692,25.706,-0.47705,-1.18491,0.3664,0.9803
T0003,riverside_to_airport,561,2026-04-21T09:42:14.144,11.56924,104.89685,25.761,0.01558,0.50359,0.2921,0.9782
T0003,riverside_to_airport,562,2026-04-21T09:42:15.122,11.56922,104.89678,28.93,1.01049,1.14217,0.3825,0.8711
T0003,riverside_to_airport,563,2026-04-21T09:42:15.993,11.5691933,104.8967033,25.071,-1.0664,-2.06625,0.2996,1.0052
T0003,riverside_to_airport,564,2026-04-21T09:42:16.998,11.5691667,104.8966267,25.024,-0.01296,1.04608,0.3345,1.007
T0003,riverside_to_airport,565,2026-04-21T09:42:18.005,11.56914,104.89655,25.353,0.09196,0.10555,0.4588,0.994
T0003,riverside_to_airport,566,2026-04-21T09:42:18.999,11.56911,104.89646,22.783,-0.6453,-0.66656,0.4004,1.1061
T0003,riverside_to_airport,567,2026-04-21T09:42:20.105,11.569086,104.8963987,23.631,0.22078,0.81216,0.4287,1.0664
T0003,riverside_to_airport,568,2026-04-21T09:42:21.172,11.569062,104.8963373,23.538,-0.02423,-0.22886,0.375,1.0706
T0003,riverside_to_airport,569,2026-04-21T09:42:22.242,11.569038,104.896276,25.268,0.48205,0.50765,0.4974,0.9973
T0003,riverside_to_airport,570,2026-04-21T09:42:23.240,11.569014,104.8962147,24.036,-0.32659,-0.77127,0.2724,1.0484
T0003,riverside_to_airport,571,2026-04-21T09:42:24.288,11.56899,104.8961533,24.504,0.12657,0.44065,0.2787,1.0284
T0003,riverside_to_airport,572,2026-04-21T09:42:25.317,11.568966,104.896092,25.928,0.40694,0.28847,0.2278,0.9719
T0003,riverside_to_airport,573,2026-04-21T09:42:26.288,11.568942,104.8960307,25.592,-0.09491,-0.50965,0.3662,0.9847
T0003,riverside_to_airport,574,2026-04-21T09:42:27.273,11.568918,104.8959693,24.054,-0.40762,-0.29849,0.384,1.0476
T0003,riverside_to_airport,575,2026-04-21T09:42:28.321,11.568894,104.895908,23.292,-0.19575,0.19583,0.4178,1.0819
T0003,riverside_to_airport,576,2026-04-21T09:42:29.403,11.56887,104.8958467,26.0,0.77607,1.00266,0.3006,0.9692
T0003,riverside_to_airport,577,2026-04-21T09:42:30.372,11.568846,104.8957853,25.458,-0.15212,-0.93768,0.2037,0.9899
T0003,riverside_to_airport,578,2026-04-21T09:42:31.362,11.568822,104.895724,21.888,-0.86137,-0.61602,0.3897,1.1513
T0003,riverside_to_airport,579,2026-04-21T09:42:32.513,11.568798,104.8956627,23.827,0.50944,1.29613,0.4996,1.0576
T0003,riverside_to_airport,580,2026-04-21T09:42:33.571,11.568774,104.8956013,24.545,0.19426,-0.30699,0.2884,1.0267
T0003,riverside_to_airport,581,2026-04-21T09:42:34.597,11.56875,104.89554,25.465,0.25824,0.06465,0.2552,0.9896
T0003,riverside_to_airport,582,2026-04-21T09:42:35.587,11.568725,104.895465,25.662,0.0557,-0.20625,0.2845,0.982
T0003,riverside_to_airport,583,2026-04-21T09:42:36.569,11.5687,104.89539,24.723,-0.25597,-0.30577,0.3276,1.0193
T0003,riverside_to_airport,584,2026-04-21T09:42:37.588,11.568675,104.895315,25.175,0.12543,0.38103,0.2753,1.001
T0003,riverside_to_airport,585,2026-04-21T09:42:38.589,11.56865,104.89524,24.393,-0.21018,-0.32486,0.3041,1.0331
T0003,riverside_to_airport,586,2026-04-21T09:42:39.622,11.5686233,104.89516,23.286,-0.28414,-0.06835,0.3915,1.0822
T0003,riverside_to_airport,587,2026-04-21T09:42:40.705,11.5685967,104.89508,23.905,0.16308,0.42424,0.3035,1.0542
T0003,riverside_to_airport,588,2026-04-21T09:42:41.759,11.56857,104.895,24.325,0.11272,-0.04861,0.3188,1.036
T0003,riverside_to_airport,589,2026-04-21T09:42:42.795,11.5685489,104.8949378,24.245,-0.02152,-0.12915,0.212,1.0394
T0003,riverside_to_airport,590,2026-04-21T09:42:43.834,11.5685278,104.8948756,21.469,-0.65701,-0.5414,0.4754,1.1738
T0003,riverside_to_airport,591,2026-04-21T09:42:45.008,11.5685067,104.8948133,23.701,0.58315,1.16637,0.3221,1.0633
T0003,riverside_to_airport,592,2026-04-21T09:42:46.071,11.5684856,104.8947511,24.381,0.18289,-0.38725,0.2984,1.0336
T0003,riverside_to_airport,593,2026-04-21T09:42:47.105,11.5684644,104.8946889,23.875,-0.13326,-0.29953,0.2259,1.0555
T0003,riverside_to_airport,594,2026-04-21T09:42:48.160,11.5684433,104.8946267,23.927,0.01367,0.1395,0.3903,1.0532
T0003,riverside_to_airport,595,2026-04-21T09:42:49.214,11.5684222,104.8945644,25.029,0.30409,0.28846,0.4591,1.0068
T0003,riverside_to_airport,596,2026-04-21T09:42:50.220,11.5684011,104.8945022,22.678,-0.58757,-0.80244,0.2123,1.1112
T0003,riverside_to_airport,597,2026-04-21T09:42:51.332,11.56838,104.89444,21.855,-0.19842,0.33749,0.2436,1.1531
T0003,riverside_to_airport,598,2026-04-21T09:42:52.485,11.568352,104.894374,23.775,0.50312,0.66185,0.2439,1.06
T0003,riverside_to_airport,599,2026-04-21T09:42:53.545,11.568324,104.894308,25.443,0.46792,-0.03553,0.3807,0.9904
T0003,riverside_to_airport,600,2026-04-21T09:42:54.535,11.568296,104.894242,26.828,0.40963,-0.06206,0.4764,0.9393
T0003,riverside_to_airport,601,2026-04-21T09:42:55.474,11.568268,104.894176,25.47,-0.3813,-0.79941,0.3313,0.9894
T0003,riverside_to_airport,602,2026-04-21T09:42:56.464,11.56824,104.89411,22.095,-0.82211,-0.38649,0.3031,1.1406
T0003,riverside_to_airport,603,2026-04-21T09:42:57.604,11.5682175,104.8940492,23.948,0.48938,1.24635,0.4298,1.0523
T0003,riverside_to_airport,604,2026-04-21T09:42:58.657,11.568195,104.8939883,24.682,0.19956,-0.28386,0.4228,1.021
T0003,riverside_to_airport,605,2026-04-21T09:42:59.678,11.5681725,104.8939275,24.563,-0.0321,-0.22581,0.274,1.0259
T0003,riverside_to_airport,606,2026-04-21T09:43:00.703,11.56815,104.8938667,25.106,0.15015,0.18157,0.2482,1.0037
T0003,riverside_to_airport,607,2026-04-21T09:43:01.707,11.5681275,104.8938058,22.921,-0.55194,-0.63861,0.3073,1.0994
T0003,riverside_to_airport,608,2026-04-21T09:43:02.807,11.568105,104.893745,24.394,0.39608,0.91772,0.4327,1.033
T0003,riverside_to_airport,609,2026-04-21T09:43:03.840,11.5680825,104.8936842,24.927,0.14647,-0.24691,0.4085,1.0109
T0003,riverside_to_airport,610,2026-04-21T09:43:04.851,11.56806,104.8936233,25.535,0.17114,0.025,0.3998,0.9869
T0003,riverside_to_airport,611,2026-04-21T09:43:05.837,11.5680375,104.8935625,23.088,-0.62279,-0.7274,0.4488,1.0915
T0003,riverside_to_airport,612,2026-04-21T09:43:06.929,11.568015,104.8935017,23.779,0.18108,0.75854,0.2831,1.0598
T0003,riverside_to_airport,613,2026-04-21T09:43:07.989,11.5679925,104.8934408,20.241,-0.78939,-0.7795,0.3019,1.245
T0003,riverside_to_airport,614,2026-04-21T09:43:09.234,11.56797,104.89338,23.365,0.80446,1.47777,0.2127,1.0785
T0003,riverside_to_airport,615,2026-04-21T09:43:10.312,11.56795,104.89331,23.51,0.03772,-0.71532,0.4606,1.0719
T0003,riverside_to_airport,616,2026-04-21T09:43:11.384,11.56793,104.89324,22.768,-0.18641,-0.2025,0.3747,1.1068
T0003,riverside_to_airport,617,2026-04-21T09:43:12.491,11.56792,104.89322,24.545,0.481,0.65007,0.2894,1.0267
T0003,riverside_to_airport,618,2026-04-21T09:43:13.518,11.5678972,104.8931596,24.213,-0.0887,-0.54739,0.2208,1.0408
T0003,riverside_to_airport,619,2026-04-21T09:43:14.558,11.5678744,104.8930992,20.908,-0.76168,-0.55836,0.417,1.2053
T0003,riverside_to_airport,620,2026-04-21T09:43:15.764,11.5678516,104.8930388,24.62,1.00741,1.72838,0.4246,1.0236
T0003,riverside_to_airport,621,2026-04-21T09:43:16.787,11.5678288,104.8929784,22.904,-0.43318,-1.30936,0.3999,1.1002
T0003,riverside_to_airport,622,2026-04-21T09:43:17.887,11.567806,104.892918,25.025,0.58509,1.01122,0.2611,1.007
T0003,riverside_to_airport,623,2026-04-21T09:43:18.894,11.5677832,104.8928576,22.374,-0.65389,-1.10004,0.474,1.1263
T0003,riverside_to_airport,624,2026-04-21T09:43:20.021,11.5677604,104.8927972,24.342,0.52799,1.14164,0.4259,1.0353
T0003,riverside_to_airport,625,2026-04-21T09:43:21.056,11.5677376,104.8927368,23.872,-0.12361,-0.61727,0.3973,1.0556
T0003,riverside_to_airport,626,2026-04-21T09:43:22.112,11.5677148,104.8926764,24.752,0.23993,0.35707,0.3953,1.0181
T0003,riverside_to_airport,627,2026-04-21T09:43:23.130,11.567692,104.892616,24.484,-0.07222,-0.30328,0.4713,1.0292
T0003,riverside_to_airport,628,2026-04-21T09:43:24.159,11.5676692,104.8925556,23.914,-0.1502,-0.074,0.4785,1.0538
T0003,riverside_to_airport,629,2026-04-21T09:43:25.213,11.5676464,104.8924952,21.992,-0.46585,-0.27548,0.3787,1.1458
T0003,riverside_to_airport,630,2026-04-21T09:43:26.358,11.5676236,104.8924348,22.081,0.02156,0.42709,0.325,1.1412
T0003,riverside_to_airport,631,2026-04-21T09:43:27.500,11.5676008,104.8923744,23.421,0.34594,0.30148,0.3091,1.076
T0003,riverside_to_airport,632,2026-04-21T09:43:28.576,11.567578,104.892314,24.284,0.23112,-0.11065,0.4457,1.0377
T0003,riverside_to_airport,633,2026-04-21T09:43:29.613,11.5675552,104.8922536,23.385,-0.23198,-0.42974,0.3934,1.0776
T0003,riverside_to_airport,634,2026-04-21T09:43:30.691,11.5675324,104.8921932,25.235,0.51465,0.74766,0.2232,0.9986
T0003,riverside_to_airport,635,2026-04-21T09:43:31.690,11.5675096,104.8921328,23.878,-0.35708,-0.826,0.2427,1.0554
T0003,riverside_to_airport,636,2026-04-21T09:43:32.745,11.5674868,104.8920724,22.849,-0.25909,0.08885,0.4701,1.1029
T0003,riverside_to_airport,637,2026-04-21T09:43:33.848,11.567464,104.892012,23.88,0.27122,0.50253,0.4653,1.0553
T0003,riverside_to_airport,638,2026-04-21T09:43:34.903,11.5674412,104.8919516,24.636,0.20528,-0.06446,0.4855,1.0229
T0003,riverside_to_airport,639,2026-04-21T09:43:35.926,11.5674184,104.8918912,24.784,0.04058,-0.16198,0.3284,1.0168
T0003,riverside_to_airport,640,2026-04-21T09:43:36.943,11.5673956,104.8918308,27.114,0.69646,0.70571,0.4352,0.9294
T0003,riverside_to_airport,641,2026-04-21T09:43:37.872,11.5673728,104.8917704,23.294,-0.98107,-1.55063,0.4485,1.0818
T0003,riverside_to_airport,642,2026-04-21T09:43:38.954,11.56735,104.89171,24.187,0.23812,1.17017,0.2947,1.0419
T0003,riverside_to_airport,643,2026-04-21T09:43:39.996,11.5673267,104.89165,24.936,0.20599,-0.0318,0.2436,1.0106
T0003,riverside_to_airport,644,2026-04-21T09:43:41.007,11.5673033,104.89159,24.262,-0.18034,-0.37194,0.4991,1.0387
T0003,riverside_to_airport,645,2026-04-21T09:43:42.045,11.56728,104.89153,23.546,-0.18578,-0.00509,0.2091,1.0702
T0003,riverside_to_airport,646,2026-04-21T09:43:43.115,11.56725,104.89144,21.973,-0.38098,-0.1702,0.3792,1.1469
T0003,riverside_to_airport,647,2026-04-21T09:43:44.262,11.56722,104.89135,23.531,0.40401,0.73299,0.3951,1.0709
T0003,riverside_to_airport,648,2026-04-21T09:43:45.333,11.5672,104.89128,22.686,-0.21113,-0.55379,0.4045,1.1108
T0003,riverside_to_airport,649,2026-04-21T09:43:46.444,11.56718,104.89121,21.707,-0.23434,-0.01998,0.2767,1.1609
T0003,riverside_to_airport,650,2026-04-21T09:43:47.605,11.567158,104.89114,23.103,0.35561,0.54087,0.4165,1.0907
T0003,riverside_to_airport,651,2026-04-21T09:43:48.696,11.567136,104.89107,22.726,-0.09447,-0.4059,0.2649,1.1088
T0003,riverside_to_airport,652,2026-04-21T09:43:49.805,11.567114,104.891,25.173,0.67879,0.77242,0.4487,1.0011
T0003,riverside_to_airport,653,2026-04-21T09:43:50.806,11.567092,104.89093,25.199,0.00721,-0.67154,0.2657,1.0001
T0003,riverside_to_airport,654,2026-04-21T09:43:51.806,11.56707,104.89086,22.941,-0.57086,-0.52625,0.409,1.0985
T0003,riverside_to_airport,655,2026-04-21T09:43:52.904,11.56705,104.890795,23.907,0.25442,0.78292,0.435,1.0541
T0003,riverside_to_airport,656,2026-04-21T09:43:53.958,11.56703,104.89073,21.51,-0.56833,-0.70226,0.2567,1.1716
T0003,riverside_to_airport,657,2026-04-21T09:43:55.130,11.56701,104.890665,23.555,0.5312,1.02778,0.2714,1.0698
T0003,riverside_to_airport,658,2026-04-21T09:43:56.200,11.56699,104.8906,24.895,0.36772,-0.16151,0.4337,1.0122
T0003,riverside_to_airport,659,2026-04-21T09:43:57.212,11.56696,104.89052,25.534,0.17984,-0.19037,0.2258,0.9869
T0003,riverside_to_airport,660,2026-04-21T09:43:58.199,11.56693,104.89044,23.227,-0.59066,-0.71018,0.2572,1.0849
T0003,riverside_to_airport,661,2026-04-21T09:43:59.284,11.5669,104.890365,25.875,0.75506,1.38176,0.3367,0.9739
T0003,riverside_to_airport,662,2026-04-21T09:44:00.258,11.56687,104.89029,22.023,-0.93495,-1.47698,0.4791,1.1442
T0003,riverside_to_airport,663,2026-04-21T09:44:01.402,11.56682,104.89018,22.425,0.0994,0.92047,0.3686,1.1237
T0003,riverside_to_airport,664,2026-04-21T09:44:02.526,11.56679,104.89013,25.361,0.82076,0.72599,0.3163,0.9936
T0003,riverside_to_airport,665,2026-04-21T09:44:03.519,11.56676,104.89007,26.804,0.4261,-0.41977,0.4935,0.9402
T0003,riverside_to_airport,666,2026-04-21T09:44:04.459,11.56673,104.89001,25.037,-0.48753,-0.90772,0.3391,1.0065
T0003,riverside_to_airport,667,2026-04-21T09:44:05.466,11.56669,104.88994,24.236,-0.2139,0.26317,0.3301,1.0398
T0003,riverside_to_airport,668,2026-04-21T09:44:06.506,11.56664,104.88985,21.004,-0.74836,-0.44547,0.3235,1.1998
T0003,riverside_to_airport,669,2026-04-21T09:44:07.706,11.566605,104.88979,21.263,0.06073,0.68269,0.2937,1.1851
T0003,riverside_to_airport,670,2026-04-21T09:44:08.891,11.56657,104.88973,24.491,0.87138,0.78785,0.2977,1.0289
T0003,riverside_to_airport,671,2026-04-21T09:44:09.920,11.56656,104.88969,23.76,-0.19151,-1.00214,0.4064,1.0606
T0003,riverside_to_airport,672,2026-04-21T09:44:10.980,11.56651,104.889615,22.638,-0.2799,-0.07941,0.2123,1.1132
T0003,riverside_to_airport,673,2026-04-21T09:44:12.093,11.56646,104.88954,24.395,0.47248,0.72835,0.4045,1.033
T0003,riverside_to_airport,674,2026-04-21T09:44:13.126,11.5664167,104.8894733,24.47,0.02007,-0.4393,0.2604,1.0298
T0003,riverside_to_airport,675,2026-04-21T09:44:14.156,11.5663733,104.8894067,25.714,0.35258,0.33929,0.3153,0.98
T0003,riverside_to_airport,676,2026-04-21T09:44:15.136,11.56633,104.88934,24.502,-0.32726,-0.661,0.244,1.0285
T0003,riverside_to_airport,677,2026-04-21T09:44:16.165,11.5662933,104.8892833,26.139,0.47187,0.82893,0.3658,0.9641
T0003,riverside_to_airport,678,2026-04-21T09:44:17.129,11.5662567,104.8892267,24.309,-0.49052,-0.92836,0.4188,1.0367
T0003,riverside_to_airport,679,2026-04-21T09:44:18.165,11.56622,104.88917,24.124,-0.04919,0.42248,0.3064,1.0446
T0003,riverside_to_airport,680,2026-04-21T09:44:19.210,11.56615,104.88908,25.893,0.50504,0.56949,0.249,0.9732
T0003,riverside_to_airport,681,2026-04-21T09:44:20.183,11.56608,104.88898,22.829,-0.77107,-1.15606,0.268,1.1038
T0003,riverside_to_airport,682,2026-04-21T09:44:21.287,11.56606,104.88896,28.519,1.78849,2.89663,0.4454,0.8836
T0003,riverside_to_airport,683,2026-04-21T09:44:22.171,11.56602,104.88891,24.86,-1.00261,-2.75342,0.2803,1.0137
T0003,riverside_to_airport,684,2026-04-21T09:44:23.184,11.56598,104.88886,24.868,0.00229,0.99167,0.4324,1.0133
T0003,riverside_to_airport,685,2026-04-21T09:44:24.198,11.565945,104.888805,25.085,0.05984,0.05728,0.2994,1.0046
T0003,riverside_to_airport,686,2026-04-21T09:44:25.202,11.56591,104.88875,27.113,0.60611,0.58773,0.2566,0.9295
T0003,riverside_to_airport,687,2026-04-21T09:44:26.132,11.56587,104.8887,25.486,-0.45705,-1.07521,0.4182,0.9888
T0003,riverside_to_airport,688,2026-04-21T09:44:27.121,11.56583,104.88865,21.889,-0.86774,-0.35674,0.3406,1.1512
T0003,riverside_to_airport,689,2026-04-21T09:44:28.272,11.56579,104.8886,26.402,1.31335,2.28514,0.2094,0.9545
T0003,riverside_to_airport,690,2026-04-21T09:44:29.226,11.56572,104.88851,23.786,-0.68602,-1.88715,0.488,1.0595
T0003,riverside_to_airport,691,2026-04-21T09:44:30.286,11.56568,104.88846,24.458,0.18119,0.84167,0.2443,1.0304
T0003,riverside_to_airport,692,2026-04-21T09:44:31.316,11.56565,104.88841,22.378,-0.51298,-0.61643,0.306,1.1261
T0003,riverside_to_airport,693,2026-04-21T09:44:32.442,11.565611,104.888358,25.086,0.74888,1.25616,0.3154,1.0045
T0003,riverside_to_airport,694,2026-04-21T09:44:33.447,11.565572,104.888306,23.32,-0.45405,-1.11318,0.3468,1.0806
T0003,riverside_to_airport,695,2026-04-21T09:44:34.527,11.565533,104.888254,24.447,0.30379,0.7352,0.4356,1.0308
T0003,riverside_to_airport,696,2026-04-21T09:44:35.558,11.565494,104.888202,23.871,-0.15167,-0.43143,0.2018,1.0557
T0003,riverside_to_airport,697,2026-04-21T09:44:36.614,11.565455,104.88815,27.184,0.99295,1.23475,0.4797,0.927
T0003,riverside_to_airport,698,2026-04-21T09:44:37.541,11.565416,104.888098,27.27,0.02581,-1.04659,0.3938,0.9241
T0003,riverside_to_airport,699,2026-04-21T09:44:38.465,11.565377,104.888046,24.367,-0.77989,-0.77906,0.4852,1.0342
T0003,riverside_to_airport,700,2026-04-21T09:44:39.499,11.565338,104.887994,24.393,0.00704,0.76173,0.4452,1.0331
T0003,riverside_to_airport,701,2026-04-21T09:44:40.532,11.565299,104.887942,23.737,-0.17168,-0.16834,0.4784,1.0616
T0003,riverside_to_airport,702,2026-04-21T09:44:41.594,11.56526,104.88789,25.956,0.63493,0.8308,0.3803,0.9709
T0003,riverside_to_airport,703,2026-04-21T09:44:42.565,11.56522,104.8878375,23.804,-0.56475,-1.1332,0.3072,1.0587
T0003,riverside_to_airport,704,2026-04-21T09:44:43.623,11.56518,104.887785,23.665,-0.03616,0.49639,0.3329,1.0649
T0003,riverside_to_airport,705,2026-04-21T09:44:44.688,11.56514,104.8877325,25.765,0.59638,0.64672,0.3974,0.9781
T0003,riverside_to_airport,706,2026-04-21T09:44:45.666,11.5651,104.88768,23.489,-0.58914,-1.10504,0.3281,1.0728
T0003,riverside_to_airport,707,2026-04-21T09:44:46.739,11.565045,104.887605,24.24,0.20062,0.75968,0.4195,1.0396
T0003,riverside_to_airport,708,2026-04-21T09:44:47.779,11.56499,104.88753,21.925,-0.55956,-0.66139,0.2276,1.1494
T0003,riverside_to_airport,709,2026-04-21T09:44:48.928,11.56494,104.88746,25.353,0.95808,1.52687,0.449,0.994
T0003,riverside_to_airport,710,2026-04-21T09:44:49.922,11.56489,104.88739,27.208,0.55635,-0.43375,0.2613,0.9262
T0003,riverside_to_airport,711,2026-04-21T09:44:50.848,11.564852,104.887338,25.379,-0.51179,-1.07571,0.4832,0.993
T0003,riverside_to_airport,712,2026-04-21T09:44:51.841,11.564814,104.887286,26.49,0.32436,0.87894,0.2467,0.9513
T0003,riverside_to_airport,713,2026-04-21T09:44:52.793,11.564776,104.887234,23.028,-0.87873,-1.09939,0.2387,1.0943
T0003,riverside_to_airport,714,2026-04-21T09:44:53.887,11.564738,104.887182,24.651,0.44119,1.29119,0.4436,1.0223
T0003,riverside_to_airport,715,2026-04-21T09:44:54.909,11.5647,104.88713,22.882,-0.44625,-0.80582,0.4456,1.1013
T0003,riverside_to_airport,716,2026-04-21T09:44:56.011,11.5646633,104.8870767,23.955,0.28336,0.69357,0.4216,1.052
T0003,riverside_to_airport,717,2026-04-21T09:44:57.062,11.5646267,104.8870233,25.455,0.42088,0.13891,0.4882,0.99
T0003,riverside_to_airport,718,2026-04-21T09:44:58.052,11.56459,104.88697,24.45,-0.27101,-0.67129,0.2812,1.0307
T0003,riverside_to_airport,719,2026-04-21T09:44:59.083,11.5645467,104.8869067,22.178,-0.55535,-0.25024,0.448,1.1363
T0003,riverside_to_airport,720,2026-04-21T09:45:00.219,11.5645033,104.8868433,22.324,0.03603,0.5239,0.3056,1.1288
T0003,riverside_to_airport,721,2026-04-21T09:45:01.348,11.56446,104.88678,22.225,-0.0243,-0.05321,0.3612,1.1338
T0003,riverside_to_airport,722,2026-04-21T09:45:02.482,11.5644214,104.8867257,25.034,0.77512,0.79416,0.3337,1.0066
T0003,riverside_to_airport,723,2026-04-21T09:45:03.489,11.5643829,104.8866714,27.393,0.71219,-0.0684,0.2018,0.92
T0003,riverside_to_airport,724,2026-04-21T09:45:04.409,11.5643443,104.8866171,26.341,-0.30549,-1.06375,0.3723,0.9567
T0003,riverside_to_airport,725,2026-04-21T09:45:05.365,11.5643057,104.8865629,21.453,-1.15581,-0.72388,0.4243,1.1747
T0003,riverside_to_airport,726,2026-04-21T09:45:06.540,11.5642671,104.8865086,26.429,1.44949,2.7323,0.2524,0.9535
T0003,riverside_to_airport,727,2026-04-21T09:45:07.494,11.5642286,104.8864543,25.702,-0.20597,-1.6884,0.4795,0.9805
T0003,riverside_to_airport,728,2026-04-21T09:45:08.474,11.56419,104.8864,21.979,-0.90187,-0.60695,0.3591,1.1466
T0003,riverside_to_airport,729,2026-04-21T09:45:09.621,11.56416,104.88636,23.842,0.48965,1.31654,0.2535,1.057
T0003,riverside_to_airport,730,2026-04-21T09:45:10.678,11.56413,104.88632,25.94,0.59992,0.11351,0.3938,0.9715
T0003,riverside_to_airport,731,2026-04-21T09:45:11.649,11.5641,104.88628,25.123,-0.22642,-0.8238,0.2576,1.0031
T0003,riverside_to_airport,732,2026-04-21T09:45:12.652,11.56407,104.88624,22.333,-0.68666,-0.40788,0.2191,1.1284
T0003,riverside_to_airport,733,2026-04-21T09:45:13.780,11.56405,104.8862,25.213,0.80035,1.48778,0.4056,0.9995
T0003,riverside_to_airport,734,2026-04-21T09:45:14.780,11.56402,104.88616,21.091,-0.95837,-1.47192,0.2332,1.1948
T0003,riverside_to_airport,735,2026-04-21T09:45:15.975,11.56399,104.88612,23.963,0.75861,1.63268,0.2319,1.0516
T0003,riverside_to_airport,736,2026-04-21T09:45:17.026,11.56396,104.88608,26.004,0.58508,-0.17907,0.422,0.9691
T0003,riverside_to_airport,737,2026-04-21T09:45:17.995,11.56393,104.88604,24.324,-0.45028,-0.99938,0.2166,1.036
T0003,riverside_to_airport,738,2026-04-21T09:45:19.031,11.5639,104.886,23.549,-0.20143,0.23254,0.4429,1.0701
T0003,riverside_to_airport,739,2026-04-21T09:45:20.102,11.56387,104.88596,25.631,0.58834,0.80328,0.4388,0.9832
T0003,riverside_to_airport,740,2026-04-21T09:45:21.085,11.56385,104.88592,25.759,0.03638,-0.56421,0.2424,0.9783
T0003,riverside_to_airport,741,2026-04-21T09:45:22.063,11.56382,104.88588,26.262,0.14559,0.11382,0.3555,0.9596
T0003,riverside_to_airport,742,2026-04-21T09:45:23.023,11.56379,104.88584,25.608,-0.18448,-0.33542,0.229,0.9841
T0003,riverside_to_airport,743,2026-04-21T09:45:24.007,11.56376,104.8858,25.919,0.08872,0.281,0.3898,0.9723
T0003,riverside_to_airport,744,2026-04-21T09:45:24.979,11.56373,104.88576,25.396,-0.14633,-0.23688,0.2189,0.9923
T0003,riverside_to_airport,745,2026-04-21T09:45:25.971,11.5637,104.88572,24.695,-0.19084,-0.04362,0.4833,1.0204
T0003,riverside_to_airport,746,2026-04-21T09:45:26.992,11.56368,104.88568,24.431,-0.0711,0.11608,0.2623,1.0315
T0003,riverside_to_airport,747,2026-04-21T09:45:28.023,11.56365,104.88564,23.941,-0.12935,-0.05534,0.4049,1.0526
T0003,riverside_to_airport,748,2026-04-21T09:45:29.076,11.56362,104.8856,22.478,-0.36241,-0.20789,0.2385,1.1211
T0003,riverside_to_airport,749,2026-04-21T09:45:30.197,11.5636,104.88555,22.864,0.09718,0.41699,0.2629,1.1022
T0003,riverside_to_airport,750,2026-04-21T09:45:31.299,11.56358,104.88551,23.874,0.26578,0.15973,0.3353,1.0555
T0003,riverside_to_airport,751,2026-04-21T09:45:32.355,11.56356,104.88547,24.659,0.21343,-0.05122,0.3719,1.0219
T0003,riverside_to_airport,752,2026-04-21T09:45:33.376,11.56353,104.8854,26.458,0.52468,0.32679,0.4997,0.9524
T0003,riverside_to_airport,753,2026-04-21T09:45:34.329,11.5635,104.88533,24.234,-0.59408,-1.07589,0.2078,1.0399
T0003,riverside_to_airport,754,2026-04-21T09:45:35.369,11.56346,104.88524,25.802,0.44594,1.06487,0.2001,0.9767
T0003,riverside_to_airport,755,2026-04-21T09:45:36.345,11.56345,104.88519,25.916,0.0325,-0.42518,0.3051,0.9724
T0003,riverside_to_airport,756,2026-04-21T09:45:37.318,11.56342,104.8851,23.95,-0.51905,-0.52419,0.3098,1.0522
T0003,riverside_to_airport,757,2026-04-21T09:45:38.370,11.56341,104.88505,25.189,0.34407,0.86275,0.4652,1.0004
T0003,riverside_to_airport,758,2026-04-21T09:45:39.370,11.563395,104.88498,23.932,-0.33168,-0.64174,0.4738,1.053
T0003,riverside_to_airport,759,2026-04-21T09:45:40.423,11.56338,104.88491,26.28,0.68032,1.05538,0.4642,0.9589
T0003,riverside_to_airport,760,2026-04-21T09:45:41.382,11.56337,104.88482,25.251,-0.28653,-0.9688,0.243,0.998
T0003,riverside_to_airport,761,2026-04-21T09:45:42.380,11.563366,104.884754,22.511,-0.67977,-0.35129,0.3236,1.1194
T0003,riverside_to_airport,762,2026-04-21T09:45:43.500,11.563362,104.884688,24.539,0.54856,1.19613,0.4238,1.0269
T0003,riverside_to_airport,763,2026-04-21T09:45:44.527,11.563358,104.884622,26.769,0.65798,0.11623,0.2938,0.9414
T0003,riverside_to_airport,764,2026-04-21T09:45:45.468,11.563354,104.884556,24.025,-0.72669,-1.32011,0.399,1.0489
T0003,riverside_to_airport,765,2026-04-21T09:45:46.517,11.56335,104.88449,24.968,0.25965,0.97728,0.2711,1.0093
T0003,riverside_to_airport,766,2026-04-21T09:45:47.526,11.5633464,104.8844236,25.116,0.04076,-0.21816,0.297,1.0034
T0003,riverside_to_airport,767,2026-04-21T09:45:48.530,11.5633427,104.8843573,22.742,-0.59506,-0.57381,0.4581,1.1081
T0003,riverside_to_airport,768,2026-04-21T09:45:49.638,11.5633391,104.8842909,25.063,0.64122,1.22955,0.2752,1.0055
T0003,riverside_to_airport,769,2026-04-21T09:45:50.643,11.5633355,104.8842245,22.206,-0.69928,-1.18124,0.4893,1.1348
T0003,riverside_to_airport,770,2026-04-21T09:45:51.778,11.5633318,104.8841582,23.358,0.2967,0.9232,0.2919,1.0788
T0003,riverside_to_airport,771,2026-04-21T09:45:52.857,11.5633282,104.8840918,25.91,0.72888,0.44437,0.2071,0.9726
T0003,riverside_to_airport,772,2026-04-21T09:45:53.829,11.5633245,104.8840255,24.832,-0.2952,-1.00912,0.2765,1.0148
T0003,riverside_to_airport,773,2026-04-21T09:45:54.844,11.5633209,104.8839591,23.84,-0.26065,0.03268,0.2514,1.057
T0003,riverside_to_airport,774,2026-04-21T09:45:55.901,11.5633173,104.8838927,24.967,0.30999,0.56536,0.352,1.0093
T0003,riverside_to_airport,775,2026-04-21T09:45:56.911,11.5633136,104.8838264,24.207,-0.20275,-0.49253,0.2338,1.041
T0003,riverside_to_airport,776,2026-04-21T09:45:57.952,11.56331,104.88376,24.316,0.02922,0.22382,0.3878,1.0364
T0003,riverside_to_airport,777,2026-04-21T09:45:58.988,11.5633064,104.8836936,25.282,0.26931,0.24087,0.4625,0.9968
T0003,riverside_to_airport,778,2026-04-21T09:45:59.985,11.5633027,104.8836273,23.206,-0.5311,-0.73707,0.3088,1.0859
T0003,riverside_to_airport,779,2026-04-21T09:46:01.071,11.5632991,104.8835609,24.357,0.30918,0.81219,0.2505,1.0346
T0003,riverside_to_airport,780,2026-04-21T09:46:02.105,11.5632955,104.8834945,23.829,-0.13892,-0.42372,0.32,1.0576
T0003,riverside_to_airport,781,2026-04-21T09:46:03.163,11.5632918,104.8834282,21.919,-0.46147,-0.28054,0.4358,1.1497
T0003,riverside_to_airport,782,2026-04-21T09:46:04.313,11.5632882,104.8833618,22.916,0.25203,0.64884,0.3774,1.0997
T0003,riverside_to_airport,783,2026-04-21T09:46:05.412,11.5632845,104.8832955,26.649,1.09658,0.89312,0.2303,0.9456
T0003,riverside_to_airport,784,2026-04-21T09:46:06.358,11.5632809,104.8832291,24.874,-0.48674,-1.56283,0.3612,1.0131
T0003,riverside_to_airport,785,2026-04-21T09:46:07.371,11.5632773,104.8831627,22.312,-0.63021,-0.12703,0.3404,1.1295
T0003,riverside_to_airport,786,2026-04-21T09:46:08.500,11.5632736,104.8830964,21.986,-0.0788,0.48109,0.2981,1.1462
T0003,riverside_to_airport,787,2026-04-21T09:46:09.647,11.56327,104.88303,24.129,0.56978,0.62101,0.233,1.0444
T0003,riverside_to_airport,788,2026-04-21T09:46:10.691,11.563265,104.88295,26.639,0.73703,0.1768,0.4943,0.946
T0003,riverside_to_airport,789,2026-04-21T09:46:11.637,11.56326,104.88287,24.017,-0.69411,-1.36395,0.2528,1.0493
T0003,riverside_to_airport,790,2026-04-21T09:46:12.686,11.5632533,104.8827933,26.257,0.64852,1.39897,0.2578,0.9597
T0003,riverside_to_airport,791,2026-04-21T09:46:13.646,11.5632467,104.8827167,24.825,-0.39202,-1.02504,0.2437,1.0151
T0003,riverside_to_airport,792,2026-04-21T09:46:14.661,11.56324,104.88264,25.004,0.04933,0.43791,0.3711,1.0078
T0003,riverside_to_airport,793,2026-04-21T09:46:15.669,11.56324,104.8825625,22.293,-0.66606,-0.63287,0.3331,1.1304
T0003,riverside_to_airport,794,2026-04-21T09:46:16.799,11.56324,104.882485,25.703,0.9661,1.66475,0.2749,0.9804
T0003,riverside_to_airport,795,2026-04-21T09:46:17.780,11.56324,104.8824075,23.795,-0.50062,-1.38491,0.3288,1.0591
T0003,riverside_to_airport,796,2026-04-21T09:46:18.839,11.56324,104.88233,25.592,0.50693,1.02321,0.4021,0.9847
T0003,riverside_to_airport,797,2026-04-21T09:46:19.824,11.56323,104.88225,23.076,-0.63995,-1.0502,0.2845,1.0921
T0003,riverside_to_airport,798,2026-04-21T09:46:20.916,11.5632263,104.8821825,24.562,0.40256,1.01613,0.4746,1.026
T0003,riverside_to_airport,799,2026-04-21T09:46:21.942,11.5632225,104.882115,24.825,0.07181,-0.32582,0.2919,1.0151
T0003,riverside_to_airport,800,2026-04-21T09:46:22.957,11.5632188,104.8820475,24.066,-0.20136,-0.26088,0.2595,1.0471
T0003,riverside_to_airport,801,2026-04-21T09:46:24.004,11.563215,104.88198,24.904,0.23,0.42629,0.4864,1.0119
T0003,riverside_to_airport,802,2026-04-21T09:46:25.016,11.5632113,104.8819125,23.897,-0.26511,-0.46952,0.4432,1.0545
T0003,riverside_to_airport,803,2026-04-21T09:46:26.070,11.5632075,104.881845,23.323,-0.14757,0.10879,0.3029,1.0805
T0003,riverside_to_airport,804,2026-04-21T09:46:27.151,11.5632037,104.8817775,26.705,0.9955,1.21134,0.4524,0.9436
T0003,riverside_to_airport,805,2026-04-21T09:46:28.094,11.5632,104.88171,25.87,-0.23806,-1.26637,0.3556,0.9741
T0003,riverside_to_airport,806,2026-04-21T09:46:29.068,11.563195,104.881625,23.156,-0.69291,-0.41796,0.304,1.0883
T0003,riverside_to_airport,807,2026-04-21T09:46:30.157,11.56319,104.88154,25.15,0.55277,1.24319,0.4519,1.002
T0003,riverside_to_airport,808,2026-04-21T09:46:31.159,11.563185,104.88145,23.183,-0.50257,-0.97087,0.4256,1.087
T0003,riverside_to_airport,809,2026-04-21T09:46:32.246,11.56318,104.88136,22.52,-0.16458,0.30204,0.2894,1.119
T0003,riverside_to_airport,810,2026-04-21T09:46:33.365,11.56317,104.881275,25.848,0.94813,1.14131,0.382,0.9749
T0003,riverside_to_airport,811,2026-04-21T09:46:34.340,11.56316,104.88119,21.741,-0.9842,-1.66707,0.3108,1.1591
T0003,riverside_to_airport,812,2026-04-21T09:46:35.499,11.56315,104.88111,25.687,1.11742,2.14225,0.2003,0.981
T0003,riverside_to_airport,813,2026-04-21T09:46:36.480,11.56314,104.88103,23.918,-0.46648,-1.50332,0.4885,1.0536
T0003,riverside_to_airport,814,2026-04-21T09:46:37.533,11.563125,104.88095,23.98,0.01633,0.45943,0.3649,1.0509
T0003,riverside_to_airport,815,2026-04-21T09:46:38.584,11.56311,104.88087,24.912,0.25591,0.23684,0.3795,1.0116
T0003,riverside_to_airport,816,2026-04-21T09:46:39.596,11.5630967,104.8808067,25.169,0.07135,-0.18433,0.38,1.0012
T0003,riverside_to_airport,817,2026-04-21T09:46:40.597,11.5630833,104.8807433,23.057,-0.53661,-0.55627,0.3652,1.0929
T0003,riverside_to_airport,818,2026-04-21T09:46:41.690,11.56307,104.88068,25.373,0.64779,1.19256,0.287,0.9932
T0003,riverside_to_airport,819,2026-04-21T09:46:42.683,11.56305,104.8806033,24.467,-0.24449,-0.86633,0.4915,1.03
T0003,riverside_to_airport,820,2026-04-21T09:46:43.713,11.56303,104.8805267,22.413,-0.50748,-0.23391,0.3865,1.1244
T0003,riverside_to_airport,821,2026-04-21T09:46:44.837,11.56301,104.88045,24.042,0.43178,0.89611,0.4013,1.0482
T0003,riverside_to_airport,822,2026-04-21T09:46:45.886,11.5629944,104.8803844,26.369,0.67629,0.25585,0.3364,0.9557
T0003,riverside_to_airport,823,2026-04-21T09:46:46.841,11.5629788,104.8803188,26.812,0.13092,-0.58026,0.2864,0.9399
T0003,riverside_to_airport,824,2026-04-21T09:46:47.781,11.5629631,104.8802531,25.373,-0.40243,-0.53701,0.2193,0.9932
T0003,riverside_to_airport,825,2026-04-21T09:46:48.774,11.5629475,104.8801875,22.511,-0.71007,-0.27482,0.3051,1.1194
T0003,riverside_to_airport,826,2026-04-21T09:46:49.894,11.5629319,104.8801219,25.033,0.69575,1.39649,0.2528,1.0067
T0003,riverside_to_airport,827,2026-04-21T09:46:50.901,11.5629163,104.8800562,25.573,0.15233,-0.55147,0.3986,0.9854
T0003,riverside_to_airport,828,2026-04-21T09:46:51.886,11.5629006,104.8799906,25.385,-0.05253,-0.20637,0.4637,0.9927
T0003,riverside_to_airport,829,2026-04-21T09:46:52.879,11.562885,104.879925,25.474,0.02495,0.07833,0.2908,0.9892
T0003,riverside_to_airport,830,2026-04-21T09:46:53.868,11.5628694,104.8798594,24.842,-0.17321,-0.19535,0.2999,1.0144
T0003,riverside_to_airport,831,2026-04-21T09:46:54.882,11.5628538,104.8797938,24.188,-0.17424,-0.00099,0.4011,1.0418
T0003,riverside_to_airport,832,2026-04-21T09:46:55.924,11.5628381,104.8797281,23.384,-0.20722,-0.03061,0.2448,1.0776
T0003,riverside_to_airport,833,2026-04-21T09:46:57.002,11.5628225,104.8796625,21.45,-0.45736,-0.21291,0.4788,1.1748
T0003,riverside_to_airport,834,2026-04-21T09:46:58.177,11.5628069,104.8795969,24.806,0.91776,1.35364,0.3092,1.0159
T0003,riverside_to_airport,835,2026-04-21T09:46:59.192,11.5627913,104.8795312,24.576,-0.06241,-0.9559,0.2304,1.0254
T0003,riverside_to_airport,836,2026-04-21T09:47:00.218,11.5627756,104.8794656,25.133,0.15439,0.21623,0.2524,1.0027
T0003,riverside_to_airport,837,2026-04-21T09:47:01.220,11.56276,104.8794,22.291,-0.69847,-0.75439,0.4798,1.1305
T0003,riverside_to_airport,838,2026-04-21T09:47:02.351,11.562745,104.879325,25.264,0.82818,1.53055,0.2741,0.9974
T0003,riverside_to_airport,839,2026-04-21T09:47:03.348,11.56273,104.87925,27.379,0.63808,-0.20653,0.3987,0.9204
T0003,riverside_to_airport,840,2026-04-21T09:47:04.269,11.5627233,104.8791767,24.415,-0.79771,-1.39104,0.2468,1.0322
T0003,riverside_to_airport,841,2026-04-21T09:47:05.301,11.5627167,104.8791033,24.204,-0.05607,0.71234,0.2582,1.0411
T0003,riverside_to_airport,842,2026-04-21T09:47:06.342,11.56271,104.87903,24.76,0.15175,0.2042,0.4638,1.0178
T0003,riverside_to_airport,843,2026-04-21T09:47:07.360,11.5627067,104.8789633,27.345,0.77919,0.68085,0.2444,0.9215
T0003,riverside_to_airport,844,2026-04-21T09:47:08.281,11.5627033,104.8788967,22.761,-1.15011,-1.7426,0.2056,1.1071
T0003,riverside_to_airport,845,2026-04-21T09:47:09.389,11.5627,104.87883,24.602,0.49905,1.61001,0.3504,1.0243
T0003,riverside_to_airport,846,2026-04-21T09:47:10.413,11.562695,104.878745,23.097,-0.383,-0.80845,0.4588,1.091
T0003,riverside_to_airport,847,2026-04-21T09:47:11.504,11.56269,104.87866,23.476,0.09807,0.44816,0.2978,1.0734
T0003,riverside_to_airport,848,2026-04-21T09:47:12.577,11.5626883,104.878595,24.223,0.19922,0.09722,0.2384,1.0404
T0003,riverside_to_airport,849,2026-04-21T09:47:13.618,11.5626867,104.87853,26.318,0.60787,0.42678,0.4947,0.9575
T0003,riverside_to_airport,850,2026-04-21T09:47:14.575,11.562685,104.878465,26.998,0.20252,-0.43428,0.403,0.9334
T0003,riverside_to_airport,851,2026-04-21T09:47:15.509,11.5626833,104.8784,24.969,-0.55852,-0.75407,0.4552,1.0092
T0003,riverside_to_airport,852,2026-04-21T09:47:16.518,11.5626817,104.878335,23.732,-0.32362,0.22122,0.4256,1.0619
T0003,riverside_to_airport,853,2026-04-21T09:47:17.580,11.56268,104.87827,28.036,1.3301,1.83984,0.4095,0.8988
T0003,riverside_to_airport,854,2026-04-21T09:47:18.479,11.56268,104.878196,23.656,-1.14222,-2.3208,0.3154,1.0653
T0003,riverside_to_airport,855,2026-04-21T09:47:19.544,11.56268,104.878122,23.44,-0.05565,1.01069,0.2973,1.0751
T0003,riverside_to_airport,856,2026-04-21T09:47:20.619,11.56268,104.878048,21.634,-0.43062,-0.32192,0.4151,1.1648
T0003,riverside_to_airport,857,2026-04-21T09:47:21.784,11.56268,104.877974,26.391,1.38371,1.90008,0.415,0.9549
T0003,riverside_to_airport,858,2026-04-21T09:47:22.739,11.56268,104.8779,25.749,-0.18215,-1.6,0.4852,0.9787
T0003,riverside_to_airport,859,2026-04-21T09:47:23.717,11.56268,104.8778347,27.924,0.66926,0.94344,0.3706,0.9025
T0003,riverside_to_airport,860,2026-04-21T09:47:24.620,11.56268,104.8777694,22.213,-1.39833,-1.82248,0.2884,1.1345
T0003,riverside_to_airport,861,2026-04-21T09:47:25.754,11.56268,104.8777041,26.484,1.247,2.78013,0.3469,0.9515
T0003,riverside_to_airport,862,2026-04-21T09:47:26.706,11.56268,104.8776388,24.402,-0.56004,-1.74983,0.3841,1.0327
T0003,riverside_to_airport,863,2026-04-21T09:47:27.738,11.56268,104.8775735,25.506,0.31038,0.88098,0.328,0.988
T0003,riverside_to_airport,864,2026-04-21T09:47:28.726,11.56268,104.8775082,21.825,-0.88552,-1.03575,0.4373,1.1546
T0003,riverside_to_airport,865,2026-04-21T09:47:29.881,11.56268,104.8774429,26.499,1.3652,2.36674,0.3754,0.951
T0003,riverside_to_airport,866,2026-04-21T09:47:30.832,11.56268,104.8773776,25.477,-0.2871,-1.67044,0.2028,0.9891
T0003,riverside_to_airport,867,2026-04-21T09:47:31.821,11.56268,104.8773124,24.239,-0.33081,-0.04204,0.371,1.0397
T0003,riverside_to_airport,868,2026-04-21T09:47:32.861,11.56268,104.8772471,25.265,0.28574,0.61813,0.3901,0.9974
T0003,riverside_to_airport,869,2026-04-21T09:47:33.858,11.56268,104.8771818,23.149,-0.53991,-0.75844,0.4746,1.0886
T0003,riverside_to_airport,870,2026-04-21T09:47:34.947,11.56268,104.8771165,23.428,0.07207,0.56894,0.3241,1.0756
T0003,riverside_to_airport,871,2026-04-21T09:47:36.023,11.56268,104.8770512,23.602,0.04527,-0.0251,0.3723,1.0677
T0003,riverside_to_airport,872,2026-04-21T09:47:37.090,11.56268,104.8769859,21.518,-0.49428,-0.46071,0.3425,1.1711
T0003,riverside_to_airport,873,2026-04-21T09:47:38.261,11.56268,104.8769206,25.59,1.14852,1.6682,0.3595,0.9848
T0003,riverside_to_airport,874,2026-04-21T09:47:39.246,11.56268,104.8768553,26.084,0.14225,-1.04158,0.2202,0.9661
T0003,riverside_to_airport,875,2026-04-21T09:47:40.212,11.56268,104.87679,23.245,-0.72753,-0.8023,0.4692,1.0841
T0003,riverside_to_airport,876,2026-04-21T09:47:41.296,11.562683,104.876723,24.819,0.4307,1.14073,0.4731,1.0153
T0003,riverside_to_airport,877,2026-04-21T09:47:42.312,11.562686,104.876656,23.899,-0.24252,-0.63846,0.3644,1.0545
T0003,riverside_to_airport,878,2026-04-21T09:47:43.366,11.562689,104.876589,24.789,0.24339,0.47799,0.367,1.0166
T0003,riverside_to_airport,879,2026-04-21T09:47:44.383,11.562692,104.876522,23.356,-0.36912,-0.56768,0.2173,1.079
T0003,riverside_to_airport,880,2026-04-21T09:47:45.462,11.562695,104.876455,22.972,-0.09718,0.2479,0.3794,1.097
T0003,riverside_to_airport,881,2026-04-21T09:47:46.559,11.562698,104.876388,25.875,0.82806,0.95002,0.3287,0.9739
T0003,riverside_to_airport,882,2026-04-21T09:47:47.533,11.562701,104.876321,24.201,-0.44655,-1.22408,0.4127,1.0413
T0003,riverside_to_airport,883,2026-04-21T09:47:48.574,11.562704,104.876254,27.33,0.94263,1.50659,0.2141,0.9221
T0003,riverside_to_airport,884,2026-04-21T09:47:49.496,11.562707,104.876187,24.366,-0.79602,-1.68113,0.4133,1.0342
T0003,riverside_to_airport,885,2026-04-21T09:47:50.530,11.56271,104.87612,22.908,-0.36831,0.3888,0.2861,1.1001
T0003,riverside_to_airport,886,2026-04-21T09:47:51.630,11.5627111,104.8760539,26.137,0.93046,1.34707,0.3955,0.9641
T0003,riverside_to_airport,887,2026-04-21T09:47:52.594,11.5627122,104.8759878,25.243,-0.24882,-1.18129,0.3881,0.9983
T0003,riverside_to_airport,888,2026-04-21T09:47:53.593,11.5627133,104.8759217,25.387,0.04033,0.29129,0.2681,0.9926
T0003,riverside_to_airport,889,2026-04-21T09:47:54.585,11.5627144,104.8758556,26.083,0.19999,0.16525,0.3321,0.9662
T0003,riverside_to_airport,890,2026-04-21T09:47:55.551,11.5627156,104.8757894,23.318,-0.71071,-0.84268,0.4507,1.0807
T0003,riverside_to_airport,891,2026-04-21T09:47:56.632,11.5627167,104.8757233,24.106,0.20947,0.88023,0.3817,1.0454
T0003,riverside_to_airport,892,2026-04-21T09:47:57.678,11.5627178,104.8756572,24.04,-0.01757,-0.21658,0.2206,1.0483
T0003,riverside_to_airport,893,2026-04-21T09:47:58.726,11.5627189,104.8755911,22.361,-0.41383,-0.35162,0.3329,1.127
T0003,riverside_to_airport,894,2026-04-21T09:47:59.853,11.56272,104.875525,23.902,0.40593,0.77752,0.2935,1.0543
T0003,riverside_to_airport,895,2026-04-21T09:48:00.907,11.5627211,104.8754589,26.301,0.69579,0.30253,0.3925,0.9581
T0003,riverside_to_airport,896,2026-04-21T09:48:01.865,11.5627222,104.8753928,24.653,-0.44799,-1.11895,0.3844,1.0222
T0003,riverside_to_airport,897,2026-04-21T09:48:02.887,11.5627233,104.8753267,22.278,-0.58325,-0.11957,0.2031,1.1312
T0003,riverside_to_airport,898,2026-04-21T09:48:04.019,11.5627244,104.8752606,21.963,-0.07618,0.44193,0.3823,1.1474
T0003,riverside_to_airport,899,2026-04-21T09:48:05.166,11.5627256,104.8751944,26.794,1.42681,1.59806,0.4205,0.9405
T0003,riverside_to_airport,900,2026-04-21T09:48:06.107,11.5627267,104.8751283,24.161,-0.70115,-2.04026,0.4306,1.043
T0003,riverside_to_airport,901,2026-04-21T09:48:07.149,11.5627278,104.8750622,23.326,-0.21486,0.45013,0.2177,1.0803
T0003,riverside_to_airport,902,2026-04-21T09:48:08.230,11.5627289,104.8749961,23.886,0.14748,0.34344,0.2911,1.055
T0003,riverside_to_airport,903,2026-04-21T09:48:09.285,11.56273,104.87493,22.081,-0.43932,-0.51417,0.3264,1.1413
T0003,riverside_to_airport,904,2026-04-21T09:48:10.426,11.5627333,104.87486,26.432,1.26756,1.7903,0.2539,0.9534
T0003,riverside_to_airport,905,2026-04-21T09:48:11.380,11.5627367,104.87479,23.707,-0.71191,-1.86222,0.3262,1.063
T0003,riverside_to_airport,906,2026-04-21T09:48:12.442,11.56274,104.87472,26.348,0.76694,1.54621,0.2213,0.9564
T0003,riverside_to_airport,907,2026-04-21T09:48:13.399,11.562745,104.87465,24.374,-0.53027,-1.25471,0.234,1.0339
T0003,riverside_to_airport,908,2026-04-21T09:48:14.433,11.56275,104.87458,26.441,0.60239,1.18845,0.4006,0.9531
T0003,riverside_to_airport,909,2026-04-21T09:48:15.386,11.562755,104.87449,24.682,-0.47864,-1.05881,0.2788,1.021
T0003,riverside_to_airport,910,2026-04-21T09:48:16.407,11.56276,104.8744,25.577,0.25227,0.74184,0.4134,0.9853
T0003,riverside_to_airport,911,2026-04-21T09:48:17.392,11.56276,104.87431,25.376,-0.05628,-0.3107,0.2144,0.9931
T0003,riverside_to_airport,912,2026-04-21T09:48:18.385,11.56276,104.87422,25.232,-0.03997,0.01633,0.3688,0.9987
T0003,riverside_to_airport,913,2026-04-21T09:48:19.384,11.562765,104.874135,24.819,-0.113,-0.07192,0.3174,1.0154
T0003,riverside_to_airport,914,2026-04-21T09:48:20.399,11.56277,104.87405,23.948,-0.22997,-0.11116,0.4391,1.0523
T0003,riverside_to_airport,915,2026-04-21T09:48:21.452,11.562775,104.87396,27.17,0.9651,1.28849,0.4352,0.9275
T0003,riverside_to_airport,916,2026-04-21T09:48:22.379,11.56278,104.87387,22.937,-1.07036,-1.85263,0.3127,1.0987
T0003,riverside_to_airport,917,2026-04-21T09:48:23.478,11.56278,104.8738,24.303,0.36618,1.38542,0.3868,1.0369
T0003,riverside_to_airport,918,2026-04-21T09:48:24.515,11.56278,104.87373,24.319,0.00425,-0.34927,0.2683,1.0362
T0003,riverside_to_airport,919,2026-04-21T09:48:25.551,11.562785,104.873635,24.901,0.15956,0.15346,0.3741,1.012
T0003,riverside_to_airport,920,2026-04-21T09:48:26.563,11.56279,104.87354,23.653,-0.32535,-0.45514,0.2244,1.0654
T0003,riverside_to_airport,921,2026-04-21T09:48:27.628,11.562795,104.873445,24.769,0.30479,0.61936,0.3304,1.0174
T0003,riverside_to_airport,922,2026-04-21T09:48:28.646,11.5628,104.87335,24.044,-0.19225,-0.47423,0.2548,1.0481
T0003,riverside_to_airport,923,2026-04-21T09:48:29.694,11.562805,104.873285,21.924,-0.51225,-0.2784,0.465,1.1494
T0003,riverside_to_airport,924,2026-04-21T09:48:30.843,11.56281,104.87322,24.311,0.63974,1.11136,0.3335,1.0366
T0003,riverside_to_airport,925,2026-04-21T09:48:31.880,11.56281,104.873155,22.646,-0.41567,-0.94845,0.3772,1.1128
T0003,riverside_to_airport,926,2026-04-21T09:48:32.993,11.56281,104.87309,21.695,-0.22736,0.16212,0.3081,1.1615
T0003,riverside_to_airport,927,2026-04-21T09:48:34.154,11.562815,104.873,24.502,0.7581,0.95818,0.2866,1.0285
T0003,riverside_to_airport,928,2026-04-21T09:48:35.183,11.56282,104.87291,25.029,0.14526,-0.60868,0.2609,1.0068
T0003,riverside_to_airport,929,2026-04-21T09:48:36.189,11.562825,104.872825,25.087,0.0161,-0.12858,0.4736,1.0045
T0003,riverside_to_airport,930,2026-04-21T09:48:37.194,11.56283,104.87274,25.148,0.01683,0.00073,0.4398,1.0021
T0003,riverside_to_airport,931,2026-04-21T09:48:38.196,11.56283,104.872645,21.398,-0.88442,-0.76528,0.24,1.1777
T0003,riverside_to_airport,932,2026-04-21T09:48:39.374,11.56283,104.87255,22.255,0.21033,0.96683,0.424,1.1323
T0003,riverside_to_airport,933,2026-04-21T09:48:40.506,11.562835,104.87246,27.257,1.50281,1.398,0.3256,0.9245
T0003,riverside_to_airport,934,2026-04-21T09:48:41.431,11.56284,104.87237,22.726,-1.13508,-2.37893,0.2046,1.1089
T0003,riverside_to_airport,935,2026-04-21T09:48:42.539,11.56284,104.87235,25.213,0.69122,1.82725,0.3585,0.9995
T0003,riverside_to_airport,936,2026-04-21T09:48:43.539,11.5628423,104.8722831,23.267,-0.49925,-1.09913,0.239,1.0831
T0003,riverside_to_airport,937,2026-04-21T09:48:44.622,11.5628446,104.8722162,24.416,0.30949,0.78359,0.263,1.0321
T0003,riverside_to_airport,938,2026-04-21T09:48:45.654,11.5628469,104.8721492,23.347,-0.27521,-0.54171,0.4088,1.0794
T0003,riverside_to_airport,939,2026-04-21T09:48:46.733,11.5628492,104.8720823,25.139,0.49663,0.76998,0.2771,1.0024
T0003,riverside_to_airport,940,2026-04-21T09:48:47.736,11.5628515,104.8720154,24.502,-0.17208,-0.65019,0.4676,1.0285
T0003,riverside_to_airport,941,2026-04-21T09:48:48.764,11.5628538,104.8719485,23.624,-0.22854,-0.05292,0.3972,1.0667
T0003,riverside_to_airport,942,2026-04-21T09:48:49.831,11.5628562,104.8718815,22.722,-0.22612,0.00218,0.4497,1.1091
T0003,riverside_to_airport,943,2026-04-21T09:48:50.940,11.5628585,104.8718146,24.699,0.53822,0.74913,0.3846,1.0203
T0003,riverside_to_airport,944,2026-04-21T09:48:51.960,11.5628608,104.8717477,22.478,-0.55024,-0.97088,0.4607,1.1211
T0003,riverside_to_airport,945,2026-04-21T09:48:53.081,11.5628631,104.8716808,24.938,0.67631,1.2138,0.3085,1.0105
T0003,riverside_to_airport,946,2026-04-21T09:48:54.092,11.5628654,104.8716138,28.237,1.02666,0.39256,0.3647,0.8925
T0003,riverside_to_airport,947,2026-04-21T09:48:54.984,11.5628677,104.8715469,26.322,-0.55548,-1.65259,0.3548,0.9574
T0003,riverside_to_airport,948,2026-04-21T09:48:55.942,11.56287,104.87148,25.374,-0.26508,0.29241,0.4711,0.9931
T0003,riverside_to_airport,949,2026-04-21T09:48:56.935,11.562875,104.871385,24.168,-0.32127,-0.05389,0.2495,1.0427
T0003,riverside_to_airport,950,2026-04-21T09:48:57.978,11.56288,104.87129,21.389,-0.65537,-0.28357,0.3734,1.1782
T0003,riverside_to_airport,951,2026-04-21T09:48:59.156,11.56288,104.8712125,22.313,0.22744,0.78168,0.4263,1.1294
T0003,riverside_to_airport,952,2026-04-21T09:49:00.285,11.56288,104.871135,26.221,1.12943,0.93854,0.311,0.9611
T0003,riverside_to_airport,953,2026-04-21T09:49:01.246,11.56288,104.8710575,23.112,-0.79202,-1.76227,0.4603,1.0903
T0003,riverside_to_airport,954,2026-04-21T09:49:02.337,11.56288,104.87098,23.248,0.03479,0.76276,0.3119,1.084
T0003,riverside_to_airport,955,2026-04-21T09:49:03.421,11.56289,104.87086,24.048,0.21217,0.16928,0.252,1.0479
T0003,riverside_to_airport,956,2026-04-21T09:49:04.468,11.56289,104.87075,22.704,-0.3365,-0.49433,0.3752,1.1099
T0003,riverside_to_airport,957,2026-04-21T09:49:05.578,11.562895,104.870685,22.457,-0.06116,0.24537,0.3262,1.1222
T0003,riverside_to_airport,958,2026-04-21T09:49:06.701,11.5629,104.87062,24.221,0.47109,0.51158,0.2046,1.0404
T0003,riverside_to_airport,959,2026-04-21T09:49:07.741,11.562905,104.87054,22.96,-0.31928,-0.7201,0.221,1.0976
T0003,riverside_to_airport,960,2026-04-21T09:49:08.838,11.56291,104.87046,23.185,0.0577,0.34685,0.2586,1.0869
T0003,riverside_to_airport,961,2026-04-21T09:49:09.925,11.562915,104.870385,23.125,-0.01536,-0.06704,0.4308,1.0897
T0003,riverside_to_airport,962,2026-04-21T09:49:11.015,11.56292,104.87031,25.08,0.54057,0.55329,0.4676,1.0048
T0003,riverside_to_airport,963,2026-04-21T09:49:12.020,11.56292,104.87023,23.949,-0.29876,-0.79765,0.3637,1.0522
T0003,riverside_to_airport,964,2026-04-21T09:49:13.072,11.562925,104.87014,24.029,0.02128,0.30517,0.2317,1.0487
T0003,riverside_to_airport,965,2026-04-21T09:49:14.121,11.56293,104.87005,25.192,0.32303,0.30166,0.3603,1.0003
T0003,riverside_to_airport,966,2026-04-21T09:49:15.121,11.56293,104.869955,24.084,-0.29427,-0.58997,0.4567,1.0463
T0003,riverside_to_airport,967,2026-04-21T09:49:16.168,11.56293,104.86986,23.88,-0.05378,0.22789,0.4248,1.0553
T0003,riverside_to_airport,968,2026-04-21T09:49:17.223,11.56293,104.86977,25.003,0.30952,0.36045,0.2873,1.0079
T0003,riverside_to_airport,969,2026-04-21T09:49:18.231,11.56293,104.86968,25.299,0.08272,-0.22769,0.2372,0.9961
T0003,riverside_to_airport,970,2026-04-21T09:49:19.227,11.56293,104.869595,24.076,-0.32455,-0.38911,0.4702,1.0467
T0003,riverside_to_airport,971,2026-04-21T09:49:20.273,11.56293,104.86951,24.418,0.09192,0.40354,0.4562,1.032
T0003,riverside_to_airport,972,2026-04-21T09:49:21.305,11.56293,104.869415,23.124,-0.32973,-0.38692,0.2161,1.0898
T0003,riverside_to_airport,973,2026-04-21T09:49:22.395,11.56293,104.86932,23.006,-0.03001,0.27363,0.4471,1.0954
T0003,riverside_to_airport,974,2026-04-21T09:49:23.491,11.56293,104.86923,25.451,0.68585,0.72298,0.2292,0.9902
T0003,riverside_to_airport,975,2026-04-21T09:49:24.481,11.56293,104.86914,24.964,-0.13382,-0.81201,0.219,1.0094
T0003,riverside_to_airport,976,2026-04-21T09:49:25.490,11.56293,104.86905,24.98,0.00428,0.13689,0.4276,1.0088
T0003,riverside_to_airport,977,2026-04-21T09:49:26.499,11.56293,104.86896,24.718,-0.0713,-0.07413,0.3609,1.0195
T0003,riverside_to_airport,978,2026-04-21T09:49:27.519,11.56293,104.868865,24.366,-0.09454,-0.02247,0.3244,1.0342
T0003,riverside_to_airport,979,2026-04-21T09:49:28.553,11.56293,104.86877,25.342,0.27244,0.36904,0.4712,0.9944
T0003,riverside_to_airport,980,2026-04-21T09:49:29.547,11.56293,104.86868,25.7,0.10143,-0.1744,0.4518,0.9806
T0003,riverside_to_airport,981,2026-04-21T09:49:30.528,11.56293,104.86859,25.664,-0.01013,-0.11362,0.2173,0.9819
T0003,riverside_to_airport,982,2026-04-21T09:49:31.510,11.56293,104.8685,24.146,-0.40403,-0.37742,0.3848,1.0437
T0003,riverside_to_airport,983,2026-04-21T09:49:32.553,11.56293,104.86841,26.377,0.64887,1.10209,0.4317,0.9554
T0003,riverside_to_airport,984,2026-04-21T09:49:33.509,11.56293,104.868315,24.64,-0.47199,-1.09593,0.3651,1.0227
T0003,riverside_to_airport,985,2026-04-21T09:49:34.531,11.56293,104.86822,25.245,0.1686,0.64174,0.4949,0.9982
T0003,riverside_to_airport,986,2026-04-21T09:49:35.530,11.56293,104.86818,24.72,-0.14317,-0.30584,0.4058,1.0194
T0003,riverside_to_airport,987,2026-04-21T09:49:36.549,11.562935,104.86811,24.667,-0.01431,0.12614,0.2312,1.0216
T0003,riverside_to_airport,988,2026-04-21T09:49:37.571,11.56294,104.86804,23.193,-0.37687,-0.33369,0.2595,1.0865
T0003,riverside_to_airport,989,2026-04-21T09:49:38.657,11.56294,104.867945,25.349,0.60233,0.98499,0.4479,0.9941
T0003,riverside_to_airport,990,2026-04-21T09:49:39.651,11.56294,104.86785,28.565,1.01259,0.46504,0.499,0.8822
T0003,riverside_to_airport,991,2026-04-21T09:49:40.533,11.56294,104.867755,23.735,-1.26369,-2.14392,0.2295,1.0617
T0003,riverside_to_airport,992,2026-04-21T09:49:41.595,11.56294,104.86766,24.403,0.17987,1.39793,0.2301,1.0326
T0003,riverside_to_airport,993,2026-04-21T09:49:42.628,11.56294,104.86765,23.628,-0.20205,-0.3581,0.429,1.0665
T0003,riverside_to_airport,994,2026-04-21T09:49:43.694,11.56294,104.86756,23.565,-0.01629,0.17371,0.2193,1.0694
T0003,riverside_to_airport,995,2026-04-21T09:49:44.764,11.56294,104.86747,26.614,0.89437,0.96174,0.2206,0.9469
T0003,riverside_to_airport,996,2026-04-21T09:49:45.711,11.562945,104.86738,23.287,-0.8538,-1.61549,0.4666,1.0821
T0003,riverside_to_airport,997,2026-04-21T09:49:46.793,11.56295,104.86729,23.586,0.07756,0.87171,0.4401,1.0684
T0003,riverside_to_airport,998,2026-04-21T09:49:47.861,11.562955,104.8672,21.916,-0.40346,-0.41833,0.4645,1.1499
T0003,riverside_to_airport,999,2026-04-21T09:49:49.011,11.56296,104.86711,23.16,0.3178,0.66288,0.3952,1.0881
T0003,riverside_to_airport,1000,2026-04-21T09:49:50.099,11.56296,104.86702,21.734,-0.34168,-0.56878,0.2968,1.1595
T0003,riverside_to_airport,1001,2026-04-21T09:49:51.259,11.56296,104.86693,25.245,0.97681,1.32082,0.4719,0.9982
T0003,riverside_to_airport,1002,2026-04-21T09:49:52.257,11.562965,104.86685,28.496,1.02145,0.05048,0.2896,0.8843
T0003,riverside_to_airport,1003,2026-04-21T09:49:53.141,11.56297,104.86677,23.747,-1.24325,-2.13411,0.2827,1.0612
T0003,riverside_to_airport,1004,2026-04-21T09:49:54.202,11.56297,104.86674,21.797,-0.46854,0.67008,0.4659,1.1561
T0003,riverside_to_airport,1005,2026-04-21T09:49:55.358,11.562975,104.86665,25.647,1.08845,1.58461,0.4042,0.9826
T0003,riverside_to_airport,1006,2026-04-21T09:49:56.341,11.56298,104.86656,23.207,-0.62426,-1.57722,0.4687,1.0859
T0003,riverside_to_airport,1007,2026-04-21T09:49:57.427,11.56298,104.866485,26.246,0.87932,1.56599,0.2468,0.9601
T0003,riverside_to_airport,1008,2026-04-21T09:49:58.387,11.56298,104.86641,23.874,-0.62423,-1.42443,0.4857,1.0555
T0003,riverside_to_airport,1009,2026-04-21T09:49:59.443,11.56299,104.86638,23.349,-0.13504,0.45326,0.3838,1.0793
T0003,riverside_to_airport,1010,2026-04-21T09:50:00.522,11.56299,104.86629,24.03,0.18033,0.30073,0.4004,1.0487
T0003,riverside_to_airport,1011,2026-04-21T09:50:01.571,11.56299,104.8662,25.434,0.3935,0.21515,0.4742,0.9908
T0003,riverside_to_airport,1012,2026-04-21T09:50:02.561,11.562995,104.86611,23.956,-0.39023,-0.74504,0.3142,1.0519
T0003,riverside_to_airport,1013,2026-04-21T09:50:03.613,11.563,104.86602,23.552,-0.10487,0.2667,0.4159,1.07
T0003,riverside_to_airport,1014,2026-04-21T09:50:04.683,11.563005,104.865925,23.999,0.1182,0.21244,0.3921,1.0501
T0003,riverside_to_airport,1015,2026-04-21T09:50:05.733,11.56301,104.86583,22.389,-0.39722,-0.45794,0.4363,1.1255
T0003,riverside_to_airport,1016,2026-04-21T09:50:06.859,11.56301,104.86574,24.892,0.68688,1.07088,0.4691,1.0124
T0003,riverside_to_airport,1017,2026-04-21T09:50:07.871,11.56301,104.86565,21.617,-0.78052,-1.25875,0.404,1.1658
T0003,riverside_to_airport,1018,2026-04-21T09:50:09.037,11.563015,104.86556,23.631,0.52458,1.22383,0.2203,1.0664
T0003,riverside_to_airport,1019,2026-04-21T09:50:10.103,11.56302,104.86547,25.436,0.50616,-0.0186,0.2549,0.9907
T0003,riverside_to_airport,1020,2026-04-21T09:50:11.094,11.563025,104.86538,24.751,-0.18676,-0.68058,0.4862,1.0181
T0003,riverside_to_airport,1021,2026-04-21T09:50:12.112,11.56303,104.86529,25.182,0.11961,0.30616,0.4906,1.0007
T0003,riverside_to_airport,1022,2026-04-21T09:50:13.113,11.563035,104.8652,24.199,-0.26223,-0.36668,0.4902,1.0414
T0003,riverside_to_airport,1023,2026-04-21T09:50:14.154,11.56304,104.86511,26.052,0.53188,0.82094,0.211,0.9673
T0003,riverside_to_airport,1024,2026-04-21T09:50:15.122,11.56304,104.8651,25.684,-0.10406,-0.64816,0.3147,0.9812
T0003,riverside_to_airport,1025,2026-04-21T09:50:16.103,11.56304,104.86502,24.966,-0.19755,-0.09262,0.4279,1.0094
T0003,riverside_to_airport,1026,2026-04-21T09:50:17.112,11.5630425,104.8649475,25.688,0.20447,0.40981,0.4259,0.981
T0003,riverside_to_airport,1027,2026-04-21T09:50:18.093,11.563045,104.864875,25.423,-0.07445,-0.28139,0.2258,0.9912
T0003,riverside_to_airport,1028,2026-04-21T09:50:19.084,11.5630475,104.8648025,23.638,-0.46505,-0.36638,0.3828,1.0661
T0003,riverside_to_airport,1029,2026-04-21T09:50:20.151,11.56305,104.86473,22.281,-0.3332,0.11658,0.2429,1.131
T0003,riverside_to_airport,1030,2026-04-21T09:50:21.282,11.5630522,104.8646589,24.927,0.72716,1.04889,0.348,1.0109
T0003,riverside_to_airport,1031,2026-04-21T09:50:22.292,11.5630544,104.8645878,25.116,0.05221,-0.6727,0.2719,1.0033
T0003,riverside_to_airport,1032,2026-04-21T09:50:23.296,11.5630567,104.8645167,25.933,0.23342,0.18648,0.2159,0.9717
T0003,riverside_to_airport,1033,2026-04-21T09:50:24.268,11.5630589,104.8644456,22.892,-0.76717,-0.90896,0.224,1.1008
T0003,riverside_to_airport,1034,2026-04-21T09:50:25.368,11.5630611,104.8643744,22.937,0.01134,0.7086,0.4733,1.0986
T0003,riverside_to_airport,1035,2026-04-21T09:50:26.467,11.5630633,104.8643033,24.987,0.56449,0.54847,0.4234,1.0085
T0003,riverside_to_airport,1036,2026-04-21T09:50:27.476,11.5630656,104.8642322,24.19,-0.21241,-0.74577,0.4795,1.0417
T0003,riverside_to_airport,1037,2026-04-21T09:50:28.517,11.5630678,104.8641611,21.468,-0.64412,-0.36778,0.341,1.1738
T0003,riverside_to_airport,1038,2026-04-21T09:50:29.691,11.56307,104.86409,24.86,0.9293,1.55216,0.324,1.0137
T0003,riverside_to_airport,1039,2026-04-21T09:50:30.705,11.5630725,104.864015,21.518,-0.79254,-1.47028,0.3075,1.1711
T0003,riverside_to_airport,1040,2026-04-21T09:50:31.876,11.563075,104.86394,22.879,0.34317,1.03111,0.3849,1.1014
T0003,riverside_to_airport,1041,2026-04-21T09:50:32.977,11.5630775,104.863865,26.324,0.99976,0.68589,0.3055,0.9573
T0003,riverside_to_airport,1042,2026-04-21T09:50:33.935,11.56308,104.86379,27.034,0.21152,-0.84562,0.4239,0.9322
T0003,riverside_to_airport,1043,2026-04-21T09:50:34.867,11.563085,104.863725,22.473,-1.12982,-1.1962,0.4404,1.1213
T0003,riverside_to_airport,1044,2026-04-21T09:50:35.988,11.56309,104.86366,23.803,0.3488,1.39664,0.4628,1.0587
T0003,riverside_to_airport,1045,2026-04-21T09:50:37.047,11.56309,104.86357,24.361,0.14984,-0.19233,0.2728,1.0344
T0003,riverside_to_airport,1046,2026-04-21T09:50:38.081,11.5630914,104.8635029,26.969,0.77526,0.66932,0.3581,0.9344
T0003,riverside_to_airport,1047,2026-04-21T09:50:39.016,11.5630929,104.8634357,23.558,-0.88578,-1.55279,0.267,1.0697
T0003,riverside_to_airport,1048,2026-04-21T09:50:40.085,11.5630943,104.8633686,23.582,0.00623,0.83473,0.2113,1.0686
T0003,riverside_to_airport,1049,2026-04-21T09:50:41.154,11.5630957,104.8633014,26.62,0.89156,0.93522,0.4123,0.9467
T0003,riverside_to_airport,1050,2026-04-21T09:50:42.101,11.5630971,104.8632343,23.735,-0.75486,-1.55069,0.3647,1.0617
T0003,riverside_to_airport,1051,2026-04-21T09:50:43.162,11.5630986,104.8631671,25.38,0.46035,1.2239,0.4172,0.9929
T0003,riverside_to_airport,1052,2026-04-21T09:50:44.155,11.5631,104.8631,22.081,-0.80298,-1.10697,0.2263,1.1412
T0003,riverside_to_airport,1053,2026-04-21T09:50:45.297,11.5631014,104.8630329,24.04,0.51908,1.26121,0.4987,1.0483
T0003,riverside_to_airport,1054,2026-04-21T09:50:46.345,11.5631029,104.8629657,21.808,-0.53667,-0.91362,0.4983,1.1556
T0003,riverside_to_airport,1055,2026-04-21T09:50:47.500,11.5631043,104.8628986,22.714,0.2269,0.68823,0.3395,1.1095
T0003,riverside_to_airport,1056,2026-04-21T09:50:48.610,11.5631057,104.8628314,25.556,0.80057,0.58177,0.4598,0.9861
T0003,riverside_to_airport,1057,2026-04-21T09:50:49.596,11.5631071,104.8627643,24.222,-0.35608,-1.11177,0.2731,1.0404
T0003,riverside_to_airport,1058,2026-04-21T09:50:50.636,11.5631086,104.8626971,23.818,-0.10602,0.23636,0.4213,1.058
T0003,riverside_to_airport,1059,2026-04-21T09:50:51.694,11.56311,104.86263,23.174,-0.16462,-0.0539,0.4638,1.0874
T0003,riverside_to_airport,1060,2026-04-21T09:50:52.782,11.563112,104.862564,23.966,0.20926,0.35558,0.4444,1.0515
T0003,riverside_to_airport,1061,2026-04-21T09:50:53.833,11.563114,104.862498,24.749,0.21351,0.00417,0.4435,1.0182
T0003,riverside_to_airport,1062,2026-04-21T09:50:54.851,11.563116,104.862432,25.771,0.29052,0.07876,0.3389,0.9778
T0003,riverside_to_airport,1063,2026-04-21T09:50:55.829,11.563118,104.862366,20.359,-1.21457,-1.21597,0.446,1.2378
T0003,riverside_to_airport,1064,2026-04-21T09:50:57.067,11.56312,104.8623,23.049,0.68347,1.73605,0.4072,1.0933
T0003,riverside_to_airport,1065,2026-04-21T09:50:58.160,11.5631214,104.8622329,24.536,0.40197,-0.27408,0.2397,1.0271
T0003,riverside_to_airport,1066,2026-04-21T09:50:59.187,11.5631229,104.8621657,24.149,-0.103,-0.4839,0.2343,1.0435
T0003,riverside_to_airport,1067,2026-04-21T09:51:00.231,11.5631243,104.8620986,24.902,0.20679,0.30613,0.4316,1.012
T0003,riverside_to_airport,1068,2026-04-21T09:51:01.243,11.5631257,104.8620314,24.698,-0.05547,-0.25704,0.3876,1.0203
T0003,riverside_to_airport,1069,2026-04-21T09:51:02.263,11.5631271,104.8619643,23.84,-0.22563,-0.16097,0.3558,1.0571
T0003,riverside_to_airport,1070,2026-04-21T09:51:03.320,11.5631286,104.8618971,23.507,-0.08628,0.12999,0.4722,1.072
T0003,riverside_to_airport,1071,2026-04-21T09:51:04.392,11.56313,104.86183,23.929,0.11132,0.18763,0.3979,1.0531
T0003,riverside_to_airport,1072,2026-04-21T09:51:05.446,11.56314,104.86177,26.02,0.59984,0.50442,0.3188,0.9685
T0003,riverside_to_airport,1073,2026-04-21T09:51:06.414,11.563142,104.861696,23.199,-0.72142,-1.21634,0.3242,1.0863
T0003,riverside_to_airport,1074,2026-04-21T09:51:07.500,11.563144,104.861622,24.203,0.2678,0.95007,0.3816,1.0412
T0003,riverside_to_airport,1075,2026-04-21T09:51:08.541,11.563146,104.861548,24.572,0.10001,-0.16361,0.4281,1.0256
T0003,riverside_to_airport,1076,2026-04-21T09:51:09.567,11.563148,104.861474,26.637,0.60648,0.53537,0.3693,0.946
T0003,riverside_to_airport,1077,2026-04-21T09:51:10.513,11.56315,104.8614,23.846,-0.73363,-1.26813,0.3526,1.0568
T0003,riverside_to_airport,1078,2026-04-21T09:51:11.570,11.5631511,104.8613322,25.735,0.53577,1.29636,0.4181,0.9792
T0003,riverside_to_airport,1079,2026-04-21T09:51:12.549,11.5631522,104.8612644,26.145,0.11809,-0.43334,0.4116,0.9639
T0003,riverside_to_airport,1080,2026-04-21T09:51:13.513,11.5631533,104.8611967,24.201,-0.51849,-0.61135,0.4491,1.0413
T0003,riverside_to_airport,1081,2026-04-21T09:51:14.554,11.5631544,104.8611289,23.981,-0.05827,0.43795,0.2188,1.0508
T0003,riverside_to_airport,1082,2026-04-21T09:51:15.605,11.5631556,104.8610611,23.803,-0.04657,0.01105,0.4265,1.0587
T0003,riverside_to_airport,1083,2026-04-21T09:51:16.664,11.5631567,104.8609933,23.913,0.02895,0.07167,0.3541,1.0538
T0003,riverside_to_airport,1084,2026-04-21T09:51:17.718,11.5631578,104.8609256,25.578,0.46947,0.44713,0.2224,0.9852
T0003,riverside_to_airport,1085,2026-04-21T09:51:18.703,11.5631589,104.8608578,24.643,-0.25394,-0.70744,0.4037,1.0226
T0003,riverside_to_airport,1086,2026-04-21T09:51:19.725,11.56316,104.86079,24.65,0.00174,0.25011,0.415,1.0223
T0003,riverside_to_airport,1087,2026-04-21T09:51:20.748,11.5631633,104.8607183,22.609,-0.5086,-0.45787,0.3571,1.1146
T0003,riverside_to_airport,1088,2026-04-21T09:51:21.862,11.5631667,104.8606467,22.846,0.05958,0.5151,0.4381,1.1031
T0003,riverside_to_airport,1089,2026-04-21T09:51:22.965,11.56317,104.860575,27.512,1.41515,1.47994,0.2901,0.916
T0003,riverside_to_airport,1090,2026-04-21T09:51:23.881,11.5631733,104.8605033,24.03,-0.9223,-2.22894,0.2606,1.0487
T0003,riverside_to_airport,1091,2026-04-21T09:51:24.930,11.5631767,104.8604317,23.135,-0.22834,0.63708,0.3052,1.0893
T0003,riverside_to_airport,1092,2026-04-21T09:51:26.019,11.56318,104.86036,26.444,0.96447,1.25167,0.323,0.953
T0003,riverside_to_airport,1093,2026-04-21T09:51:26.972,11.5631825,104.86029,24.72,-0.46974,-1.40687,0.4088,1.0194
T0003,riverside_to_airport,1094,2026-04-21T09:51:27.992,11.563185,104.86022,25.164,0.1233,0.5922,0.4537,1.0014
T0003,riverside_to_airport,1095,2026-04-21T09:51:28.993,11.5631875,104.86015,24.09,-0.28527,-0.39057,0.4163,1.0461
T0003,riverside_to_airport,1096,2026-04-21T09:51:30.039,11.56319,104.86008,23.819,-0.07114,0.2024,0.2522,1.058
T0003,riverside_to_airport,1097,2026-04-21T09:51:31.097,11.5631908,104.8600125,24.043,0.05927,0.12441,0.3099,1.0481
T0003,riverside_to_airport,1098,2026-04-21T09:51:32.145,11.5631917,104.859945,22.223,-0.44576,-0.44536,0.2475,1.134
T0003,riverside_to_airport,1099,2026-04-21T09:51:33.279,11.5631925,104.8598775,24.165,0.51735,0.92355,0.406,1.0428
T0003,riverside_to_airport,1100,2026-04-21T09:51:34.322,11.5631933,104.85981,24.741,0.15707,-0.35371,0.2745,1.0186
T0003,riverside_to_airport,1101,2026-04-21T09:51:35.341,11.5631942,104.8597425,27.073,0.69581,0.57877,0.3576,0.9308
T0003,riverside_to_airport,1102,2026-04-21T09:51:36.271,11.563195,104.859675,24.426,-0.71261,-1.36515,0.4375,1.0317
T0003,riverside_to_airport,1103,2026-04-21T09:51:37.303,11.5631958,104.8596075,20.796,-0.83216,-0.09866,0.4013,1.2118
T0003,riverside_to_airport,1104,2026-04-21T09:51:38.515,11.5631967,104.85954,24.156,0.89474,1.65535,0.2895,1.0432
T0003,riverside_to_airport,1105,2026-04-21T09:51:39.558,11.5631975,104.8594725,28.406,1.33083,0.49157,0.2999,0.8871
T0003,riverside_to_airport,1106,2026-04-21T09:51:40.445,11.5631983,104.859405,25.596,-0.79275,-2.15699,0.396,0.9845
T0003,riverside_to_airport,1107,2026-04-21T09:51:41.430,11.5631992,104.8593375,23.081,-0.64008,0.13983,0.3648,1.0918
T0003,riverside_to_airport,1108,2026-04-21T09:51:42.522,11.5632,104.85927,25.184,0.58378,1.22307,0.2289,1.0007
T0003,riverside_to_airport,1109,2026-04-21T09:51:43.522,11.5631975,104.8592025,23.184,-0.51103,-1.00722,0.4622,1.087
T0003,riverside_to_airport,1110,2026-04-21T09:51:44.609,11.563195,104.859135,22.266,-0.22524,0.25252,0.3538,1.1318
T0003,riverside_to_airport,1111,2026-04-21T09:51:45.741,11.5631925,104.8590675,23.774,0.39523,0.58537,0.342,1.06
T0003,riverside_to_airport,1112,2026-04-21T09:51:46.801,11.56319,104.859,24.434,0.17772,-0.2109,0.2595,1.0313
T0003,riverside_to_airport,1113,2026-04-21T09:51:47.832,11.563185,104.85892,21.489,-0.6977,-0.74649,0.3131,1.1727
T0003,riverside_to_airport,1114,2026-04-21T09:51:49.005,11.56318,104.85884,22.573,0.26985,0.86669,0.2998,1.1164
T0003,riverside_to_airport,1115,2026-04-21T09:51:50.121,11.5631767,104.8587633,24.312,0.46611,0.18935,0.2812,1.0365
T0003,riverside_to_airport,1116,2026-04-21T09:51:51.158,11.5631733,104.8586867,23.685,-0.16389,-0.59212,0.3702,1.064
T0003,riverside_to_airport,1117,2026-04-21T09:51:52.222,11.56317,104.85861,24.889,0.33045,0.48824,0.3387,1.0125
T0003,riverside_to_airport,1118,2026-04-21T09:51:53.234,11.563164,104.858545,22.475,-0.5981,-0.82813,0.4668,1.1213
T0003,riverside_to_airport,1119,2026-04-21T09:51:54.356,11.563158,104.85848,25.368,0.80902,1.4165,0.4824,0.9934
T0003,riverside_to_airport,1120,2026-04-21T09:51:55.349,11.563152,104.858415,22.521,-0.70672,-1.35462,0.2658,1.1189
T0003,riverside_to_airport,1121,2026-04-21T09:51:56.468,11.563146,104.85835,26.761,1.25066,2.07863,0.23,0.9417
T0003,riverside_to_airport,1122,2026-04-21T09:51:57.410,11.56314,104.858285,21.723,-1.20631,-2.11799,0.4356,1.16
T0003,riverside_to_airport,1123,2026-04-21T09:51:58.570,11.563134,104.85822,22.658,0.23348,1.29455,0.4985,1.1122
T0003,riverside_to_airport,1124,2026-04-21T09:51:59.682,11.563128,104.858155,24.923,0.62222,0.38447,0.4591,1.0111
T0003,riverside_to_airport,1125,2026-04-21T09:52:00.693,11.563122,104.85809,26.793,0.55237,-0.07426,0.2071,0.9405
T0003,riverside_to_airport,1126,2026-04-21T09:52:01.633,11.563116,104.858025,24.769,-0.55256,-1.08605,0.2754,1.0174
T0003,riverside_to_airport,1127,2026-04-21T09:52:02.651,11.56311,104.85796,25.141,0.10302,0.65404,0.213,1.0023
T0003,riverside_to_airport,1128,2026-04-21T09:52:03.653,11.563105,104.857895,24.323,-0.21931,-0.31111,0.4462,1.036
T0003,riverside_to_airport,1129,2026-04-21T09:52:04.689,11.5631,104.85783,22.757,-0.39281,-0.15668,0.3744,1.1073
T0003,riverside_to_airport,1130,2026-04-21T09:52:05.797,11.563095,104.857765,23.562,0.20892,0.56261,0.3541,1.0695
T0003,riverside_to_airport,1131,2026-04-21T09:52:06.866,11.56309,104.8577,22.479,-0.26827,-0.42566,0.3663,1.121
T0003,riverside_to_airport,1132,2026-04-21T09:52:07.987,11.563085,104.857635,22.379,-0.02472,0.21628,0.2757,1.1261
T0003,riverside_to_airport,1133,2026-04-21T09:52:09.113,11.56308,104.85757,24.9,0.69184,0.70802,0.3805,1.0121
T0003,riverside_to_airport,1134,2026-04-21T09:52:10.125,11.563066,104.857496,22.612,-0.57014,-1.13238,0.2092,1.1144
T0003,riverside_to_airport,1135,2026-04-21T09:52:11.240,11.563052,104.857422,24.776,0.59103,1.14164,0.3938,1.0171
T0003,riverside_to_airport,1136,2026-04-21T09:52:12.257,11.563038,104.857348,22.344,-0.59901,-1.05518,0.4203,1.1278
T0003,riverside_to_airport,1137,2026-04-21T09:52:13.385,11.563024,104.857274,24.741,0.6538,1.23002,0.4019,1.0185
T0003,riverside_to_airport,1138,2026-04-21T09:52:14.403,11.56301,104.8572,23.564,-0.30587,-0.89737,0.2996,1.0694
T0003,riverside_to_airport,1139,2026-04-21T09:52:15.473,11.5629933,104.8571233,26.407,0.82753,1.18768,0.4479,0.9543
T0003,riverside_to_airport,1140,2026-04-21T09:52:16.427,11.5629767,104.8570467,24.782,-0.44373,-1.2502,0.4147,1.0168
T0003,riverside_to_airport,1141,2026-04-21T09:52:17.444,11.56296,104.85697,26.151,0.39436,0.86971,0.2385,0.9636
T0003,riverside_to_airport,1142,2026-04-21T09:52:18.407,11.56295,104.85696,23.163,-0.7627,-1.06356,0.2585,1.0879
T0003,riverside_to_airport,1143,2026-04-21T09:52:19.495,11.5629367,104.8568833,24.381,0.32725,1.05454,0.3911,1.0336
T0003,riverside_to_airport,1144,2026-04-21T09:52:20.529,11.5629233,104.8568067,22.825,-0.39145,-0.65098,0.2868,1.104
T0003,riverside_to_airport,1145,2026-04-21T09:52:21.633,11.56291,104.85673,23.677,0.22216,0.57651,0.2358,1.0643
T0003,riverside_to_airport,1146,2026-04-21T09:52:22.697,11.5628922,104.8566678,23.904,0.05988,-0.15393,0.2465,1.0542
T0003,riverside_to_airport,1147,2026-04-21T09:52:23.752,11.5628744,104.8566056,23.208,-0.17796,-0.21904,0.2497,1.0858
T0003,riverside_to_airport,1148,2026-04-21T09:52:24.837,11.5628567,104.8565433,22.474,-0.18195,-0.00356,0.3433,1.1213
T0003,riverside_to_airport,1149,2026-04-21T09:52:25.959,11.5628389,104.8564811,22.177,-0.07261,0.09622,0.3822,1.1363
T0003,riverside_to_airport,1150,2026-04-21T09:52:27.095,11.5628211,104.8564189,20.787,-0.31835,-0.20271,0.2529,1.2123
T0003,riverside_to_airport,1151,2026-04-21T09:52:28.307,11.5628033,104.8563567,22.712,0.48196,0.72131,0.4137,1.1095
T0003,riverside_to_airport,1152,2026-04-21T09:52:29.417,11.5627856,104.8562944,25.238,0.70266,0.22103,0.2843,0.9985
T0003,riverside_to_airport,1153,2026-04-21T09:52:30.415,11.5627678,104.8562322,21.899,-0.80601,-1.31106,0.2935,1.1507
T0003,riverside_to_airport,1154,2026-04-21T09:52:31.566,11.56275,104.85617,22.245,0.08473,0.78628,0.267,1.1329
T0003,riverside_to_airport,1155,2026-04-21T09:52:32.699,11.5627287,104.8561013,26.983,1.4094,1.41841,0.4356,0.9339
T0003,riverside_to_airport,1156,2026-04-21T09:52:33.633,11.5627075,104.8560325,23.342,-0.93685,-2.17328,0.4879,1.0796
T0003,riverside_to_airport,1157,2026-04-21T09:52:34.712,11.5626863,104.8559638,24.778,0.3923,1.30692,0.3477,1.017
T0003,riverside_to_airport,1158,2026-04-21T09:52:35.729,11.562665,104.855895,25.26,0.13418,-0.25874,0.2126,0.9976
T0003,riverside_to_airport,1159,2026-04-21T09:52:36.727,11.5626437,104.8558263,25.291,0.00845,-0.12619,0.2782,0.9964
T0003,riverside_to_airport,1160,2026-04-21T09:52:37.723,11.5626225,104.8557575,22.013,-0.79524,-0.70206,0.2474,1.1448
T0003,riverside_to_airport,1161,2026-04-21T09:52:38.868,11.5626013,104.8556887,23.95,0.51134,1.24178,0.4528,1.0522
T0003,riverside_to_airport,1162,2026-04-21T09:52:39.920,11.56258,104.85562,21.87,-0.5016,-0.87907,0.2255,1.1523
T0003,riverside_to_airport,1163,2026-04-21T09:52:41.073,11.562555,104.8555588,27.966,1.87947,2.64246,0.4899,0.9011
T0003,riverside_to_airport,1164,2026-04-21T09:52:41.974,11.56253,104.8554975,21.905,-1.46364,-2.90593,0.3766,1.1504
T0003,riverside_to_airport,1165,2026-04-21T09:52:43.124,11.562505,104.8554362,22.725,0.20555,1.50525,0.3553,1.1089
T0003,riverside_to_airport,1166,2026-04-21T09:52:44.233,11.56248,104.855375,22.736,0.00272,-0.18299,0.4542,1.1084
T0003,riverside_to_airport,1167,2026-04-21T09:52:45.341,11.562455,104.8553138,22.052,-0.16629,-0.14789,0.2083,1.1428
T0003,riverside_to_airport,1168,2026-04-21T09:52:46.484,11.56243,104.8552525,26.326,1.24023,1.46935,0.4331,0.9572
T0003,riverside_to_airport,1169,2026-04-21T09:52:47.441,11.562405,104.8551913,27.931,0.49407,-0.827,0.235,0.9022
T0003,riverside_to_airport,1170,2026-04-21T09:52:48.344,11.56238,104.85513,23.583,-1.13011,-1.51998,0.4522,1.0686
T0003,riverside_to_airport,1171,2026-04-21T09:52:49.412,11.56235,104.8550671,22.316,-0.31167,0.72478,0.3588,1.1292
T0003,riverside_to_airport,1172,2026-04-21T09:52:50.541,11.56232,104.8550043,20.942,-0.31734,-0.00471,0.2183,1.2034
T0003,riverside_to_airport,1173,2026-04-21T09:52:51.745,11.56229,104.8549414,23.931,0.78852,1.05016,0.45,1.053
T0003,riverside_to_airport,1174,2026-04-21T09:52:52.798,11.56226,104.8548786,23.822,-0.02846,-0.77232,0.2082,1.0578
T0003,riverside_to_airport,1175,2026-04-21T09:52:53.856,11.56223,104.8548157,23.32,-0.12914,-0.09317,0.2415,1.0806
T0003,riverside_to_airport,1176,2026-04-21T09:52:54.936,11.5622,104.8547529,24.629,0.35537,0.47354,0.4393,1.0232
T0003,riverside_to_airport,1177,2026-04-21T09:52:55.959,11.56217,104.85469,24.89,0.07152,-0.28035,0.3395,1.0125
T0003,riverside_to_airport,1178,2026-04-21T09:52:56.972,11.5621408,104.8546331,24.782,-0.02954,-0.09938,0.4644,1.0169
T0003,riverside_to_airport,1179,2026-04-21T09:52:57.989,11.5621115,104.8545762,23.823,-0.25178,-0.2101,0.3906,1.0578
T0003,riverside_to_airport,1180,2026-04-21T09:52:59.047,11.5620823,104.8545192,22.644,-0.2941,-0.03803,0.3871,1.1129
T0003,riverside_to_airport,1181,2026-04-21T09:53:00.159,11.5620531,104.8544623,25.296,0.73924,1.03726,0.2877,0.9962
T0003,riverside_to_airport,1182,2026-04-21T09:53:01.156,11.5620238,104.8544054,24.316,-0.26266,-0.96674,0.2401,1.0364
T0003,riverside_to_airport,1183,2026-04-21T09:53:02.192,11.5619946,104.8543485,25.629,0.37115,0.64462,0.4884,0.9832
T0003,riverside_to_airport,1184,2026-04-21T09:53:03.175,11.5619654,104.8542915,25.482,-0.04141,-0.41718,0.2314,0.9889
T0003,riverside_to_airport,1185,2026-04-21T09:53:04.164,11.5619362,104.8542346,22.164,-0.81058,-0.67651,0.3587,1.137
T0003,riverside_to_airport,1186,2026-04-21T09:53:05.301,11.5619069,104.8541777,22.146,-0.00456,0.70832,0.2818,1.1379
T0003,riverside_to_airport,1187,2026-04-21T09:53:06.439,11.5618777,104.8541208,23.164,0.25993,0.24312,0.2792,1.0879
T0003,riverside_to_airport,1188,2026-04-21T09:53:07.527,11.5618485,104.8540638,22.713,-0.11293,-0.33606,0.3784,1.1095
T0003,riverside_to_airport,1189,2026-04-21T09:53:08.637,11.5618192,104.8540069,25.43,0.76168,0.88259,0.4394,0.991
T0003,riverside_to_airport,1190,2026-04-21T09:53:09.628,11.56179,104.85395,24.824,-0.1658,-0.91364,0.4332,1.0152
T0003,riverside_to_airport,1191,2026-04-21T09:53:10.643,11.56176,104.85389,25.946,0.32084,0.50103,0.4606,0.9713
T0003,riverside_to_airport,1192,2026-04-21T09:53:11.614,11.56173,104.85383,24.892,-0.28921,-0.60258,0.2879,1.0124
T0003,riverside_to_airport,1193,2026-04-21T09:53:12.626,11.561697,104.853774,24.61,-0.07643,0.20779,0.3397,1.024
T0003,riverside_to_airport,1194,2026-04-21T09:53:13.650,11.561664,104.853718,26.097,0.42764,0.52201,0.2028,0.9656
T0003,riverside_to_airport,1195,2026-04-21T09:53:14.616,11.561631,104.853662,25.001,-0.30177,-0.72367,0.4241,1.0079
T0003,riverside_to_airport,1196,2026-04-21T09:53:15.624,11.561598,104.853606,24.399,-0.16203,0.1353,0.2907,1.0328
T0003,riverside_to_airport,1197,2026-04-21T09:53:16.657,11.561565,104.85355,26.518,0.61925,0.82212,0.3684,0.9503
T0003,riverside_to_airport,1198,2026-04-21T09:53:17.607,11.561532,104.853494,24.47,-0.55238,-1.13767,0.2508,1.0298
T0003,riverside_to_airport,1199,2026-04-21T09:53:18.637,11.561499,104.853438,23.84,-0.16537,0.36613,0.4458,1.057
T0003,riverside_to_airport,1200,2026-04-21T09:53:19.694,11.561466,104.853382,23.04,-0.20323,-0.03462,0.4452,1.0937
T0003,riverside_to_airport,1201,2026-04-21T09:53:20.788,11.561433,104.853326,25.351,0.64588,0.85421,0.4632,0.994
T0003,riverside_to_airport,1202,2026-04-21T09:53:21.782,11.5614,104.85327,26.152,0.23092,-0.43064,0.2138,0.9636
T0003,riverside_to_airport,1203,2026-04-21T09:53:22.745,11.56136,104.85322,24.221,-0.51567,-0.71759,0.4977,1.0404
T0003,riverside_to_airport,1204,2026-04-21T09:53:23.786,11.56132,104.85317,26.259,0.58983,1.15195,0.2743,0.9597
T0003,riverside_to_airport,1205,2026-04-21T09:53:24.745,11.56128,104.853115,21.342,-1.1567,-1.47913,0.2928,1.1808
T0003,riverside_to_airport,1206,2026-04-21T09:53:25.926,11.56124,104.85306,24.214,0.76651,1.84794,0.2748,1.0407
T0003,riverside_to_airport,1207,2026-04-21T09:53:26.967,11.5611984,104.8530074,24.237,0.00615,-0.73129,0.2803,1.0397
T0003,riverside_to_airport,1208,2026-04-21T09:53:28.007,11.5611568,104.8529547,23.206,-0.26357,-0.24838,0.3658,1.0859
T0003,riverside_to_airport,1209,2026-04-21T09:53:29.093,11.5611153,104.8529021,27.873,1.43366,1.87724,0.2719,0.9041
T0003,riverside_to_airport,1210,2026-04-21T09:53:29.997,11.5610737,104.8528495,24.198,-0.98025,-2.31789,0.3181,1.0414
T0003,riverside_to_airport,1211,2026-04-21T09:53:31.038,11.5610321,104.8527968,23.685,-0.13375,0.79562,0.3967,1.064
T0003,riverside_to_airport,1212,2026-04-21T09:53:32.102,11.5609905,104.8527442,24.336,0.17451,0.29769,0.4508,1.0355
T0003,riverside_to_airport,1213,2026-04-21T09:53:33.137,11.5609489,104.8526916,21.293,-0.71425,-0.75096,0.4078,1.1835
T0003,riverside_to_airport,1214,2026-04-21T09:53:34.321,11.5609074,104.8526389,23.157,0.47591,1.09368,0.3783,1.0882
T0003,riverside_to_airport,1215,2026-04-21T09:53:35.409,11.5608658,104.8525863,25.772,0.74277,0.27292,0.2443,0.9778
T0003,riverside_to_airport,1216,2026-04-21T09:53:36.387,11.5608242,104.8525337,23.353,-0.62252,-1.26526,0.4448,1.0791
T0003,riverside_to_airport,1217,2026-04-21T09:53:37.466,11.5607826,104.8524811,23.054,-0.07621,0.49978,0.2112,1.0931
T0003,riverside_to_airport,1218,2026-04-21T09:53:38.559,11.5607411,104.8524284,26.261,0.92852,1.04704,0.2793,0.9596
T0003,riverside_to_airport,1219,2026-04-21T09:53:39.519,11.5606995,104.8523758,26.307,0.01337,-0.95537,0.2171,0.9579
T0003,riverside_to_airport,1220,2026-04-21T09:53:40.477,11.5606579,104.8523232,25.072,-0.34129,-0.35286,0.4002,1.0051
T0003,riverside_to_airport,1221,2026-04-21T09:53:41.482,11.5606163,104.8522705,23.614,-0.37956,-0.03586,0.3105,1.0672
T0003,riverside_to_airport,1222,2026-04-21T09:53:42.549,11.5605747,104.8522179,23.938,0.08535,0.44162,0.3956,1.0527
T0003,riverside_to_airport,1223,2026-04-21T09:53:43.602,11.5605332,104.8521653,23.091,-0.21559,-0.27575,0.3041,1.0913
T0003,riverside_to_airport,1224,2026-04-21T09:53:44.693,11.5604916,104.8521126,22.805,-0.07188,0.13005,0.3367,1.105
T0003,riverside_to_airport,1225,2026-04-21T09:53:45.798,11.56045,104.85206,22.73,-0.01866,0.048,0.3374,1.1087
T0003,riverside_to_airport,1226,2026-04-21T09:53:46.907,11.5604069,104.8520123,23.37,0.16475,0.17009,0.2137,1.0783
T0003,riverside_to_airport,1227,2026-04-21T09:53:47.985,11.5603638,104.8519646,22.745,-0.1567,-0.29013,0.3291,1.1079
T0003,riverside_to_airport,1228,2026-04-21T09:53:49.093,11.5603208,104.8519169,21.951,-0.192,-0.03075,0.3923,1.148
T0003,riverside_to_airport,1229,2026-04-21T09:53:50.241,11.5602777,104.8518692,24.626,0.72604,0.89712,0.3638,1.0233
T0003,riverside_to_airport,1230,2026-04-21T09:53:51.264,11.5602346,104.8518215,24.649,0.00619,-0.7041,0.2226,1.0224
T0003,riverside_to_airport,1231,2026-04-21T09:53:52.287,11.5601915,104.8517738,26.848,0.65087,0.68684,0.4004,0.9386
T0003,riverside_to_airport,1232,2026-04-21T09:53:53.225,11.5601485,104.8517262,23.294,-0.91249,-1.44514,0.2927,1.0818
T0003,riverside_to_airport,1233,2026-04-21T09:53:54.307,11.5601054,104.8516785,24.741,0.39453,1.28322,0.2043,1.0185
T0003,riverside_to_airport,1234,2026-04-21T09:53:55.326,11.5600623,104.8516308,24.766,0.0068,-0.38105,0.2467,1.0175
T0003,riverside_to_airport,1235,2026-04-21T09:53:56.343,11.5600192,104.8515831,23.916,-0.22404,-0.21908,0.3493,1.0537
T0003,riverside_to_airport,1236,2026-04-21T09:53:57.397,11.5599762,104.8515354,25.413,0.41943,0.64891,0.2931,0.9916
T0003,riverside_to_airport,1237,2026-04-21T09:53:58.388,11.5599331,104.8514877,25.46,0.01301,-0.41061,0.4083,0.9898
T0003,riverside_to_airport,1238,2026-04-21T09:53:59.378,11.55989,104.85144,24.788,-0.18354,-0.19333,0.2722,1.0166
T0003,riverside_to_airport,1239,2026-04-21T09:54:00.395,11.5598468,104.8513932,23.913,-0.23053,-0.0446,0.4318,1.0538
T0003,riverside_to_airport,1240,2026-04-21T09:54:01.449,11.5598037,104.8513463,23.761,-0.04003,0.17962,0.2859,1.0606
T0003,riverside_to_airport,1241,2026-04-21T09:54:02.509,11.5597605,104.8512995,22.245,-0.37157,-0.29267,0.3863,1.1328
T0003,riverside_to_airport,1242,2026-04-21T09:54:03.642,11.5597174,104.8512526,23.088,0.21448,0.53694,0.4398,1.0915
T0003,riverside_to_airport,1243,2026-04-21T09:54:04.734,11.5596742,104.8512058,23.364,0.07105,-0.13298,0.3157,1.0786
T0003,riverside_to_airport,1244,2026-04-21T09:54:05.812,11.5596311,104.8511589,22.611,-0.18766,-0.23213,0.214,1.1145
T0003,riverside_to_airport,1245,2026-04-21T09:54:06.927,11.5595879,104.8511121,24.957,0.64533,0.82496,0.3606,1.0097
T0003,riverside_to_airport,1246,2026-04-21T09:54:07.936,11.5595447,104.8510653,26.092,0.32645,-0.33017,0.4986,0.9658
T0003,riverside_to_airport,1247,2026-04-21T09:54:08.902,11.5595016,104.8510184,22.935,-0.79813,-1.02349,0.4907,1.0988
T0003,riverside_to_airport,1248,2026-04-21T09:54:10.001,11.5594584,104.8509716,24.722,0.48704,1.2608,0.2663,1.0193
T0003,riverside_to_airport,1249,2026-04-21T09:54:11.020,11.5594153,104.8509247,22.746,-0.49551,-0.88687,0.4267,1.1079
T0003,riverside_to_airport,1250,2026-04-21T09:54:12.128,11.5593721,104.8508779,23.84,0.28743,0.74067,0.3035,1.0571
T0003,riverside_to_airport,1251,2026-04-21T09:54:13.185,11.5593289,104.8508311,23.261,-0.14823,-0.40214,0.2481,1.0833
T0003,riverside_to_airport,1252,2026-04-21T09:54:14.269,11.5592858,104.8507842,25.2,0.53842,0.68665,0.3998,1.0
T0003,riverside_to_airport,1253,2026-04-21T09:54:15.269,11.5592426,104.8507374,23.279,-0.49293,-0.95272,0.3503,1.0825
T0003,riverside_to_airport,1254,2026-04-21T09:54:16.351,11.5591995,104.8506905,25.814,0.72153,1.24407,0.3618,0.9762
T0003,riverside_to_airport,1255,2026-04-21T09:54:17.327,11.5591563,104.8506437,23.928,-0.49747,-1.15748,0.4482,1.0531
T0003,riverside_to_airport,1256,2026-04-21T09:54:18.380,11.5591132,104.8505968,23.323,-0.15575,0.31626,0.301,1.0805
T0003,riverside_to_airport,1257,2026-04-21T09:54:19.461,11.55907,104.85055,22.417,-0.22376,-0.0605,0.4001,1.1241
T0003,riverside_to_airport,1258,2026-04-21T09:54:20.585,11.559028,104.8505,24.677,0.61468,0.82103,0.3099,1.0212
T0003,riverside_to_airport,1259,2026-04-21T09:54:21.606,11.558986,104.85045,25.64,0.27217,-0.34848,0.2128,0.9828
T0003,riverside_to_airport,1260,2026-04-21T09:54:22.589,11.558944,104.8504,24.707,-0.25405,-0.51593,0.3134,1.02
T0003,riverside_to_airport,1261,2026-04-21T09:54:23.609,11.558902,104.85035,27.655,0.89875,1.26512,0.485,0.9112
T0003,riverside_to_airport,1262,2026-04-21T09:54:24.520,11.55886,104.8503,26.442,-0.35371,-1.31417,0.345,0.953
T0003,riverside_to_airport,1263,2026-04-21T09:54:25.473,11.558818,104.85025,23.836,-0.68469,-0.31306,0.2325,1.0572
T0003,riverside_to_airport,1264,2026-04-21T09:54:26.531,11.558776,104.8502,23.82,-0.00414,0.64328,0.4063,1.0579
T0003,riverside_to_airport,1265,2026-04-21T09:54:27.589,11.558734,104.85015,25.001,0.32563,0.32717,0.489,1.0079
T0003,riverside_to_airport,1266,2026-04-21T09:54:28.597,11.558692,104.8501,23.04,-0.49817,-0.75319,0.4724,1.0938
T0003,riverside_to_airport,1267,2026-04-21T09:54:29.690,11.55865,104.85005,26.046,0.86318,1.40707,0.3716,0.9675
T0003,riverside_to_airport,1268,2026-04-21T09:54:30.658,11.5586082,104.8499982,24.839,-0.33049,-1.17658,0.3129,1.0145
T0003,riverside_to_airport,1269,2026-04-21T09:54:31.672,11.5585664,104.8499464,24.682,-0.04291,0.28166,0.3742,1.021
T0003,riverside_to_airport,1270,2026-04-21T09:54:32.693,11.5585245,104.8498945,25.327,0.18028,0.22431,0.4448,0.995
T0003,riverside_to_airport,1271,2026-04-21T09:54:33.688,11.5584827,104.8498427,26.881,0.46041,0.29882,0.4584,0.9375
T0003,riverside_to_airport,1272,2026-04-21T09:54:34.626,11.5584409,104.8497909,24.553,-0.63002,-1.06245,0.4457,1.0263
T0003,riverside_to_airport,1273,2026-04-21T09:54:35.652,11.5583991,104.8497391,24.127,-0.11329,0.49473,0.3366,1.0445
T0003,riverside_to_airport,1274,2026-04-21T09:54:36.697,11.5583573,104.8496873,26.56,0.7122,0.87005,0.2357,0.9488
T0003,riverside_to_airport,1275,2026-04-21T09:54:37.645,11.5583155,104.8496355,25.748,-0.23039,-0.9631,0.3708,0.9787
T0003,riverside_to_airport,1276,2026-04-21T09:54:38.624,11.5582736,104.8495836,23.815,-0.50739,-0.26178,0.2469,1.0581
T0003,riverside_to_airport,1277,2026-04-21T09:54:39.682,11.5582318,104.8495318,24.305,0.13107,0.61578,0.2183,1.0368
T0003,riverside_to_airport,1278,2026-04-21T09:54:40.719,11.55819,104.84948,24.59,0.07733,-0.05244,0.3496,1.0248
T0003,riverside_to_airport,1279,2026-04-21T09:54:41.744,11.5581482,104.8494282,24.84,0.06835,-0.00885,0.3966,1.0145
T0003,riverside_to_airport,1280,2026-04-21T09:54:42.758,11.5581064,104.8493764,22.262,-0.63253,-0.61917,0.4562,1.132
T0003,riverside_to_airport,1281,2026-04-21T09:54:43.890,11.5580645,104.8493245,21.983,-0.06757,0.49284,0.4349,1.1463
T0003,riverside_to_airport,1282,2026-04-21T09:54:45.037,11.5580227,104.8492727,22.966,0.24876,0.28828,0.4572,1.0973
T0003,riverside_to_airport,1283,2026-04-21T09:54:46.134,11.5579809,104.8492209,22.85,-0.02922,-0.25205,0.428,1.1029
T0003,riverside_to_airport,1284,2026-04-21T09:54:47.237,11.5579391,104.8491691,23.331,0.1238,0.14167,0.411,1.0801
T0003,riverside_to_airport,1285,2026-04-21T09:54:48.317,11.5578973,104.8491173,25.249,0.53376,0.41076,0.203,0.9981
T0003,riverside_to_airport,1286,2026-04-21T09:54:49.315,11.5578555,104.8490655,24.044,-0.31948,-0.81408,0.3878,1.0481
T0003,riverside_to_airport,1287,2026-04-21T09:54:50.363,11.5578136,104.8490136,24.592,0.14854,0.45672,0.2361,1.0247
T0003,riverside_to_airport,1288,2026-04-21T09:54:51.388,11.5577718,104.8489618,22.46,-0.5276,-0.60264,0.2176,1.122
T0003,riverside_to_airport,1289,2026-04-21T09:54:52.510,11.55773,104.84891,23.604,0.29766,0.77301,0.2469,1.0676
T0003,riverside_to_airport,1290,2026-04-21T09:54:53.577,11.55768,104.84886,25.178,0.43666,0.13888,0.447,1.0009
T0003,riverside_to_airport,1291,2026-04-21T09:54:54.578,11.55764,104.84881,25.189,0.0032,-0.43327,0.4232,1.0004
T0003,riverside_to_airport,1292,2026-04-21T09:54:55.579,11.5576,104.84876,23.21,-0.50639,-0.46935,0.4846,1.0857
T0003,riverside_to_airport,1293,2026-04-21T09:54:56.664,11.55756,104.84871,24.539,0.35959,0.84327,0.4937,1.0269
T0003,riverside_to_airport,1294,2026-04-21T09:54:57.691,11.55752,104.84866,27.595,0.92951,0.62409,0.468,0.9132
T0003,riverside_to_airport,1295,2026-04-21T09:54:58.605,11.5574778,104.8486122,24.271,-0.88946,-1.75187,0.2399,1.0383
T0003,riverside_to_airport,1296,2026-04-21T09:54:59.643,11.5574356,104.8485644,23.257,-0.25979,0.58112,0.4635,1.0835
T0003,riverside_to_airport,1297,2026-04-21T09:55:00.726,11.5573933,104.8485167,24.036,0.20643,0.44469,0.4516,1.0484
T0003,riverside_to_airport,1298,2026-04-21T09:55:01.775,11.5573511,104.8484689,24.435,0.10745,-0.09598,0.4613,1.0313
T0003,riverside_to_airport,1299,2026-04-21T09:55:02.806,11.5573089,104.8484211,24.07,-0.09685,-0.19513,0.2455,1.0469
T0003,riverside_to_airport,1300,2026-04-21T09:55:03.853,11.5572667,104.8483733,24.25,0.04804,0.13943,0.235,1.0392
T0003,riverside_to_airport,1301,2026-04-21T09:55:04.892,11.5572244,104.8483256,22.132,-0.51673,-0.49601,0.4771,1.1386
T0003,riverside_to_airport,1302,2026-04-21T09:55:06.031,11.5571822,104.8482778,22.853,0.18168,0.63337,0.2521,1.1027
T0003,riverside_to_airport,1303,2026-04-21T09:55:07.134,11.55714,104.84823,24.073,0.32372,0.13568,0.3106,1.0468
T0003,riverside_to_airport,1304,2026-04-21T09:55:08.180,11.5570967,104.8481808,24.049,-0.00634,-0.31498,0.3368,1.0479
T0003,riverside_to_airport,1305,2026-04-21T09:55:09.228,11.5570533,104.8481317,23.448,-0.15543,-0.13873,0.2373,1.0747
T0003,riverside_to_airport,1306,2026-04-21T09:55:10.303,11.55701,104.8480825,24.031,0.15464,0.29569,0.2062,1.0486
T0003,riverside_to_airport,1307,2026-04-21T09:55:11.352,11.5569667,104.8480333,24.388,0.09598,-0.05676,0.4982,1.0333
T0003,riverside_to_airport,1308,2026-04-21T09:55:12.385,11.5569233,104.8479842,25.631,0.35107,0.25945,0.463,0.9832
T0003,riverside_to_airport,1309,2026-04-21T09:55:13.368,11.55688,104.847935,24.148,-0.39473,-0.71467,0.4737,1.0436
T0003,riverside_to_airport,1310,2026-04-21T09:55:14.412,11.5568367,104.8478858,24.896,0.20512,0.59261,0.2854,1.0122
T0003,riverside_to_airport,1311,2026-04-21T09:55:15.424,11.5567933,104.8478367,23.485,-0.36528,-0.53157,0.266,1.073
T0003,riverside_to_airport,1312,2026-04-21T09:55:16.497,11.55675,104.8477875,25.155,0.46321,0.82701,0.3278,1.0018
T0003,riverside_to_airport,1313,2026-04-21T09:55:17.499,11.5567067,104.8477383,24.861,-0.08072,-0.5366,0.336,1.0137
T0003,riverside_to_airport,1314,2026-04-21T09:55:18.512,11.5566633,104.8476892,25.596,0.20741,0.29265,0.2017,0.9845
T0003,riverside_to_airport,1315,2026-04-21T09:55:19.497,11.55662,104.84764,25.367,-0.0639,-0.27311,0.4338,0.9934
T0003,riverside_to_airport,1316,2026-04-21T09:55:20.490,11.5565761,104.84759,25.18,-0.05193,0.01197,0.499,1.0008
T0003,riverside_to_airport,1317,2026-04-21T09:55:21.491,11.5565322,104.84754,24.149,-0.27438,-0.21317,0.3586,1.0435
T0003,riverside_to_airport,1318,2026-04-21T09:55:22.535,11.5564883,104.84749,24.664,0.14002,0.40559,0.3165,1.0217
T0003,riverside_to_airport,1319,2026-04-21T09:55:23.556,11.5564444,104.84744,25.892,0.35044,0.21619,0.3178,0.9733
T0003,riverside_to_airport,1320,2026-04-21T09:55:24.530,11.5564006,104.84739,23.319,-0.66146,-0.93636,0.2288,1.0807
T0003,riverside_to_airport,1321,2026-04-21T09:55:25.610,11.5563567,104.84734,23.354,0.00914,0.62149,0.2798,1.079
T0003,riverside_to_airport,1322,2026-04-21T09:55:26.689,11.5563128,104.84729,24.569,0.32898,0.31184,0.3506,1.0257
T0003,riverside_to_airport,1323,2026-04-21T09:55:27.715,11.5562689,104.84724,24.92,0.09635,-0.23004,0.3296,1.0112
T0003,riverside_to_airport,1324,2026-04-21T09:55:28.726,11.556225,104.84719,23.061,-0.47257,-0.52063,0.3635,1.0928
T0003,riverside_to_airport,1325,2026-04-21T09:55:29.819,11.5561811,104.84714,24.185,0.29965,0.74111,0.4547,1.042
T0003,riverside_to_airport,1326,2026-04-21T09:55:30.861,11.5561372,104.84709,24.156,-0.00768,-0.2946,0.2676,1.0432
T0003,riverside_to_airport,1327,2026-04-21T09:55:31.904,11.5560933,104.84704,20.974,-0.73564,-0.60588,0.2083,1.2015
T0003,riverside_to_airport,1328,2026-04-21T09:55:33.106,11.5560494,104.84699,23.968,0.79087,1.45185,0.2115,1.0514
T0003,riverside_to_airport,1329,2026-04-21T09:55:34.157,11.5560056,104.84694,24.061,0.02478,-0.73146,0.2403,1.0473
T0003,riverside_to_airport,1330,2026-04-21T09:55:35.204,11.5559617,104.84689,24.056,-0.00118,-0.02478,0.3711,1.0475
T0003,riverside_to_airport,1331,2026-04-21T09:55:36.252,11.5559178,104.84684,26.421,0.68857,0.72317,0.4425,0.9538
T0003,riverside_to_airport,1332,2026-04-21T09:55:37.206,11.5558739,104.84679,22.473,-0.97789,-1.48614,0.466,1.1213
T0003,riverside_to_airport,1333,2026-04-21T09:55:38.327,11.55583,104.84674,23.06,0.14915,1.03133,0.3905,1.0928
T0003,riverside_to_airport,1334,2026-04-21T09:55:39.420,11.5557875,104.84669,20.379,-0.60232,-0.60769,0.3209,1.2366
T0003,riverside_to_airport,1335,2026-04-21T09:55:40.656,11.555745,104.84664,23.576,0.83079,1.34072,0.2464,1.0689
T0003,riverside_to_airport,1336,2026-04-21T09:55:41.725,11.5557025,104.84659,23.703,0.03342,-0.75001,0.3204,1.0631
T0003,riverside_to_airport,1337,2026-04-21T09:55:42.788,11.55566,104.84654,23.532,-0.04449,-0.07275,0.2997,1.0709
T0003,riverside_to_airport,1338,2026-04-21T09:55:43.859,11.5556175,104.84649,25.958,0.69431,0.76103,0.461,0.9708
T0003,riverside_to_airport,1339,2026-04-21T09:55:44.830,11.555575,104.84644,25.588,-0.10453,-0.81113,0.346,0.9848
T0003,riverside_to_airport,1340,2026-04-21T09:55:45.815,11.5555325,104.84639,24.414,-0.31597,-0.20485,0.2679,1.0322
T0003,riverside_to_airport,1341,2026-04-21T09:55:46.847,11.55549,104.84634,23.741,-0.17604,0.13183,0.2866,1.0615
T0003,riverside_to_airport,1342,2026-04-21T09:55:47.909,11.5554429,104.8462886,25.836,0.59669,0.79225,0.2409,0.9754
T0003,riverside_to_airport,1343,2026-04-21T09:55:48.884,11.5553957,104.8462371,24.267,-0.41968,-0.97876,0.4756,1.0384
T0003,riverside_to_airport,1344,2026-04-21T09:55:49.922,11.5553486,104.8461857,23.07,-0.30458,0.10537,0.2151,1.0924
T0003,riverside_to_airport,1345,2026-04-21T09:55:51.015,11.5553014,104.8461343,21.723,-0.32253,-0.01547,0.2039,1.1601
T0003,riverside_to_airport,1346,2026-04-21T09:55:52.175,11.5552543,104.8460829,23.635,0.49823,0.76978,0.2549,1.0662
T0003,riverside_to_airport,1347,2026-04-21T09:55:53.241,11.5552071,104.8460314,25.429,0.50284,0.00465,0.4433,0.991
T0003,riverside_to_airport,1348,2026-04-21T09:55:54.232,11.55516,104.84598,27.712,0.69733,0.21387,0.357,0.9094
T0003,riverside_to_airport,1349,2026-04-21T09:55:55.141,11.55516,104.84597,24.389,-0.8932,-1.53936,0.3878,1.0332
T0003,riverside_to_airport,1350,2026-04-21T09:55:56.175,11.5551175,104.8459125,23.149,-0.31652,0.52974,0.3073,1.0886
T0003,riverside_to_airport,1351,2026-04-21T09:55:57.263,11.555075,104.845855,22.519,-0.15624,0.14323,0.2206,1.119
T0003,riverside_to_airport,1352,2026-04-21T09:55:58.382,11.5550325,104.8457975,25.125,0.72156,0.87518,0.4568,1.003
T0003,riverside_to_airport,1353,2026-04-21T09:55:59.385,11.55499,104.84574,21.65,-0.82926,-1.33235,0.2576,1.164
T0003,riverside_to_airport,1354,2026-04-21T09:56:00.549,11.5549475,104.8456825,25.122,0.9616,1.78535,0.2099,1.0031
T0003,riverside_to_airport,1355,2026-04-21T09:56:01.552,11.554905,104.845625,25.523,0.11283,-0.85966,0.3718,0.9873
T0003,riverside_to_airport,1356,2026-04-21T09:56:02.540,11.5548625,104.8455675,24.951,-0.15736,-0.26753,0.225,1.01
T0003,riverside_to_airport,1357,2026-04-21T09:56:03.550,11.55482,104.84551,23.967,-0.25994,-0.09756,0.2287,1.0514
T0003,riverside_to_airport,1358,2026-04-21T09:56:04.601,11.55475,104.84543,25.144,0.3262,0.58484,0.4401,1.0022
T0003,riverside_to_airport,1359,2026-04-21T09:56:05.603,11.55469,104.845405,24.553,-0.15995,-0.47367,0.3475,1.0263
T0003,riverside_to_airport,1360,2026-04-21T09:56:06.630,11.55463,104.84538,23.13,-0.36296,-0.18632,0.2725,1.0895
T0003,riverside_to_airport,1361,2026-04-21T09:56:07.719,11.5545867,104.84533,27.073,1.17661,1.65396,0.3046,0.9308
T0003,riverside_to_airport,1362,2026-04-21T09:56:08.650,11.5545433,104.84528,23.769,-0.86545,-1.92613,0.4188,1.0602
T0003,riverside_to_airport,1363,2026-04-21T09:56:09.710,11.5545,104.84523,25.461,0.47462,1.35392,0.2199,0.9898
T0003,riverside_to_airport,1364,2026-04-21T09:56:10.700,11.55443,104.84515,20.669,-1.09167,-1.28467,0.2349,1.2192
T0003,riverside_to_airport,1365,2026-04-21T09:56:11.919,11.5543878,104.8451,26.212,1.60142,2.80121,0.3849,0.9614
T0003,riverside_to_airport,1366,2026-04-21T09:56:12.881,11.5543456,104.84505,26.5,0.08426,-1.59544,0.3821,0.9509
T0003,riverside_to_airport,1367,2026-04-21T09:56:13.832,11.5543033,104.845,24.342,-0.57913,-0.64079,0.4917,1.0353
T0003,riverside_to_airport,1368,2026-04-21T09:56:14.867,11.5542611,104.84495,25.135,0.21982,0.7969,0.3124,1.0026
T0003,riverside_to_airport,1369,2026-04-21T09:56:15.869,11.5542189,104.8449,25.135,-0.00011,-0.21936,0.2195,1.0026
T0003,riverside_to_airport,1370,2026-04-21T09:56:16.872,11.5541767,104.84485,23.333,-0.46345,-0.42901,0.3613,1.08
T0003,riverside_to_airport,1371,2026-04-21T09:56:17.952,11.5541344,104.8448,25.118,0.49417,0.95449,0.3915,1.0033
T0003,riverside_to_airport,1372,2026-04-21T09:56:18.955,11.5540922,104.84475,23.084,-0.51746,-0.92669,0.2419,1.0917
T0003,riverside_to_airport,1373,2026-04-21T09:56:20.047,11.55405,104.8447,23.384,0.07728,0.55188,0.3659,1.0777
T0003,riverside_to_airport,1374,2026-04-21T09:56:21.125,11.553995,104.84463,25.987,0.7458,0.68941,0.2593,0.9697
T0003,riverside_to_airport,1375,2026-04-21T09:56:22.094,11.55394,104.84456,25.759,-0.06486,-0.82864,0.4534,0.9783
T0003,riverside_to_airport,1376,2026-04-21T09:56:23.073,11.5538992,104.84451,23.237,-0.64588,-0.53577,0.4505,1.0845
T0003,riverside_to_airport,1377,2026-04-21T09:56:24.157,11.5538585,104.84446,23.197,-0.01043,0.58493,0.3289,1.0864
T0003,riverside_to_airport,1378,2026-04-21T09:56:25.243,11.5538177,104.84441,23.329,0.03394,0.04107,0.49,1.0802
T0003,riverside_to_airport,1379,2026-04-21T09:56:26.324,11.5537769,104.84436,25.396,0.57873,0.54903,0.4939,0.9923
T0003,riverside_to_airport,1380,2026-04-21T09:56:27.316,11.5537362,104.84431,22.797,-0.65308,-1.11435,0.2388,1.1054
T0003,riverside_to_airport,1381,2026-04-21T09:56:28.421,11.5536954,104.84426,24.832,0.55704,1.19245,0.3103,1.0148
T0003,riverside_to_airport,1382,2026-04-21T09:56:29.436,11.5536546,104.84421,25.417,0.16396,-0.39647,0.3801,0.9915
T0003,riverside_to_airport,1383,2026-04-21T09:56:30.428,11.5536138,104.84416,24.165,-0.33366,-0.47717,0.2255,1.0429
T0003,riverside_to_airport,1384,2026-04-21T09:56:31.471,11.5535731,104.84411,25.812,0.46874,0.82189,0.3148,0.9763
T0003,riverside_to_airport,1385,2026-04-21T09:56:32.447,11.5535323,104.84406,23.84,-0.51811,-0.93361,0.2784,1.057
T0003,riverside_to_airport,1386,2026-04-21T09:56:33.504,11.5534915,104.84401,23.976,0.03586,0.52706,0.4856,1.051
T0003,riverside_to_airport,1387,2026-04-21T09:56:34.555,11.5534508,104.84396,22.831,-0.28818,-0.29358,0.3235,1.1038
T0003,riverside_to_airport,1388,2026-04-21T09:56:35.659,11.55341,104.84391,25.823,0.85154,1.16788,0.4288,0.9759
T0003,riverside_to_airport,1389,2026-04-21T09:56:36.635,11.55338,104.84383,23.147,-0.68266,-1.40923,0.316,1.0887
T0003,riverside_to_airport,1390,2026-04-21T09:56:37.723,11.55335,104.84375,24.822,0.45814,1.12367,0.2395,1.0152
T0003,riverside_to_airport,1391,2026-04-21T09:56:38.738,11.55334,104.84374,24.19,-0.16842,-0.60144,0.4589,1.0418
T0003,riverside_to_airport,1392,2026-04-21T09:56:39.780,11.5533,104.84369,22.718,-0.36866,-0.18052,0.2001,1.1093
T0003,riverside_to_airport,1393,2026-04-21T09:56:40.889,11.553245,104.84363,23.383,0.17154,0.50126,0.2168,1.0777
T0003,riverside_to_airport,1394,2026-04-21T09:56:41.967,11.55319,104.84357,26.371,0.86857,0.72942,0.3093,0.9556
T0003,riverside_to_airport,1395,2026-04-21T09:56:42.923,11.5531486,104.84352,24.599,-0.48044,-1.31686,0.4061,1.0244
T0003,riverside_to_airport,1396,2026-04-21T09:56:43.947,11.5531071,104.84347,22.783,-0.45612,0.02199,0.3025,1.1061
T0003,riverside_to_airport,1397,2026-04-21T09:56:45.053,11.5530657,104.84342,24.755,0.53803,0.97659,0.2199,1.018
T0003,riverside_to_airport,1398,2026-04-21T09:56:46.071,11.5530243,104.84337,24.078,-0.17972,-0.68579,0.2954,1.0466
T0003,riverside_to_airport,1399,2026-04-21T09:56:47.118,11.5529829,104.84332,29.478,1.75472,2.26284,0.2735,0.8549
T0003,riverside_to_airport,1400,2026-04-21T09:56:47.973,11.5529414,104.84327,24.725,-1.29547,-2.99265,0.2016,1.0192
T0003,riverside_to_airport,1401,2026-04-21T09:56:48.992,11.5529,104.84322,23.726,-0.26117,0.97381,0.3604,1.0621
T0003,riverside_to_airport,1402,2026-04-21T09:56:50.054,11.5528467,104.8431633,26.427,0.7868,1.099,0.235,0.9536
T0003,riverside_to_airport,1403,2026-04-21T09:56:51.008,11.5527933,104.8431067,21.535,-1.16118,-1.6647,0.2862,1.1702
T0003,riverside_to_airport,1404,2026-04-21T09:56:52.178,11.55274,104.84305,24.438,0.78203,1.88448,0.3924,1.0312
T0003,riverside_to_airport,1405,2026-04-21T09:56:53.209,11.5527,104.84302,27.289,0.85733,0.08154,0.4175,0.9235
T0003,riverside_to_airport,1406,2026-04-21T09:56:54.132,11.55267,104.843,24.123,-0.84183,-1.62651,0.279,1.0447
T0003,riverside_to_airport,1407,2026-04-21T09:56:55.177,11.55262,104.84296,21.697,-0.58013,0.22532,0.2988,1.1615
T0003,riverside_to_airport,1408,2026-04-21T09:56:56.339,11.55259,104.84294,23.703,0.52414,1.03867,0.2741,1.0632
T0003,riverside_to_airport,1409,2026-04-21T09:56:57.402,11.55256,104.84291,26.479,0.81014,0.30051,0.4871,0.9517
T0003,riverside_to_airport,1410,2026-04-21T09:56:58.353,11.5525167,104.8428611,24.861,-0.44331,-1.23659,0.2572,1.0136
T0003,riverside_to_airport,1411,2026-04-21T09:56:59.367,11.5524733,104.8428122,23.039,-0.4628,-0.01782,0.255,1.0938
T0003,riverside_to_airport,1412,2026-04-21T09:57:00.461,11.55243,104.8427633,23.269,0.0591,0.48191,0.3335,1.083
T0003,riverside_to_airport,1413,2026-04-21T09:57:01.544,11.5523867,104.8427144,23.457,0.04869,-0.00969,0.2568,1.0743
T0003,riverside_to_airport,1414,2026-04-21T09:57:02.618,11.5523433,104.8426656,24.839,0.37821,0.32479,0.247,1.0145
T0003,riverside_to_airport,1415,2026-04-21T09:57:03.633,11.5523,104.8426167,26.304,0.42492,0.04876,0.2288,0.958
T0003,riverside_to_airport,1416,2026-04-21T09:57:04.591,11.5522567,104.8425678,25.876,-0.12226,-0.56185,0.3921,0.9739
T0003,riverside_to_airport,1417,2026-04-21T09:57:05.565,11.5522133,104.8425189,24.981,-0.24634,-0.123,0.3836,1.0088
T0003,riverside_to_airport,1418,2026-04-21T09:57:06.573,11.55217,104.84247,22.299,-0.65912,-0.36527,0.395,1.1301
T0003,riverside_to_airport,1419,2026-04-21T09:57:07.703,11.552125,104.84242,22.305,0.00137,0.58461,0.432,1.1298
T0003,riverside_to_airport,1420,2026-04-21T09:57:08.833,11.55208,104.84237,25.097,0.77232,0.76779,0.2979,1.0041
T0003,riverside_to_airport,1421,2026-04-21T09:57:09.837,11.552035,104.84232,22.279,-0.69206,-1.29462,0.4755,1.1311
T0003,riverside_to_airport,1422,2026-04-21T09:57:10.968,11.55199,104.84227,23.959,0.44364,1.07975,0.42,1.0518
T0003,riverside_to_airport,1423,2026-04-21T09:57:12.020,11.55193,104.8422,24.753,0.2168,-0.22281,0.4414,1.0181
T0003,riverside_to_airport,1424,2026-04-21T09:57:13.038,11.55187,104.84213,22.591,-0.53852,-0.67711,0.4163,1.1155
T0003,riverside_to_airport,1425,2026-04-21T09:57:14.154,11.5518314,104.8420786,22.761,0.04265,0.52491,0.3075,1.1072
T0003,riverside_to_airport,1426,2026-04-21T09:57:15.261,11.5517929,104.8420271,24.156,0.3715,0.31522,0.2849,1.0432
T0003,riverside_to_airport,1427,2026-04-21T09:57:16.304,11.5517543,104.8419757,25.052,0.24761,-0.12316,0.3268,1.0059
T0003,riverside_to_airport,1428,2026-04-21T09:57:17.310,11.5517157,104.8419243,25.889,0.2388,-0.00905,0.2291,0.9734
T0003,riverside_to_airport,1429,2026-04-21T09:57:18.284,11.5516771,104.8418729,25.207,-0.18942,-0.42835,0.3354,0.9997
T0003,riverside_to_airport,1430,2026-04-21T09:57:19.283,11.5516386,104.8418214,24.407,-0.21526,-0.02503,0.2129,1.0325
T0003,riverside_to_airport,1431,2026-04-21T09:57:20.316,11.5516,104.84177,23.178,-0.31419,-0.09099,0.2012,1.0873
T0003,riverside_to_airport,1432,2026-04-21T09:57:21.403,11.5516,104.84177,7.182,-1.26632,-0.27136,0.4794,3.5088
T0003,riverside_to_airport,1433,2026-04-21T09:57:24.912,11.5515567,104.8417133,8.022,0.07428,0.42676,0.4068,3.1414
T0003,riverside_to_airport,1434,2026-04-21T09:57:28.053,11.5515133,104.8416567,9.403,0.14317,0.0257,0.3686,2.6799
T0003,riverside_to_airport,1435,2026-04-21T09:57:30.733,11.55147,104.8416,9.293,-0.01127,-0.05695,0.3023,2.7116
T0003,riverside_to_airport,1436,2026-04-21T09:57:33.445,11.551425,104.841675,5.638,-0.22715,-0.04831,0.3712,4.4693
T0003,riverside_to_airport,1437,2026-04-21T09:57:37.914,11.55138,104.84175,7.61,0.16536,0.11853,0.4675,3.3115
T0003,riverside_to_airport,1438,2026-04-21T09:57:41.225,11.5513314,104.8417943,10.595,0.34865,0.07706,0.3957,2.3785
T0003,riverside_to_airport,1439,2026-04-21T09:57:43.604,11.5512829,104.8418386,8.907,-0.16573,-0.18181,0.3807,2.8292
T0003,riverside_to_airport,1440,2026-04-21T09:57:46.433,11.5512343,104.8418829,6.663,-0.16483,0.00024,0.3381,3.7822
T0003,riverside_to_airport,1441,2026-04-21T09:57:50.215,11.5511857,104.8419271,12.322,0.76867,0.45646,0.3037,2.0451
T0003,riverside_to_airport,1442,2026-04-21T09:57:52.260,11.5511371,104.8419714,8.745,-0.34482,-0.3864,0.4096,2.8817
T0003,riverside_to_airport,1443,2026-04-21T09:57:55.142,11.5510886,104.8420157,9.365,0.06399,0.15192,0.4943,2.6909
T0003,riverside_to_airport,1444,2026-04-21T09:57:57.833,11.55104,104.84206,9.388,0.00236,-0.02296,0.3274,2.6844
T0003,riverside_to_airport,1445,2026-04-21T09:58:00.517,11.55104,104.84206,10.373,0.11261,0.04538,0.3177,2.4295
T0003,riverside_to_airport,1446,2026-04-21T09:58:02.947,11.55103,104.84206,9.833,-0.05852,-0.06677,0.3284,2.5629
T0003,riverside_to_airport,1447,2026-04-21T09:58:05.510,11.55102,104.84206,14.106,0.66456,0.40477,0.3277,1.7864
T0003,riverside_to_airport,1448,2026-04-21T09:58:07.296,11.55101,104.84206,12.429,-0.22985,-0.44113,0.4972,2.0276
T0003,riverside_to_airport,1449,2026-04-21T09:58:09.324,11.551,104.84206,12.157,-0.03644,0.0933,0.412,2.0729
T0003,riverside_to_airport,1450,2026-04-21T09:58:11.397,11.551,104.84207,11.788,-0.04788,-0.00535,0.3078,2.1377
T0003,riverside_to_airport,1451,2026-04-21T09:58:13.534,11.55099,104.84207,9.419,-0.246,-0.07405,0.3115,2.6755
T0003,riverside_to_airport,1452,2026-04-21T09:58:16.210,11.55099,104.84208,12.84,0.48424,0.37208,0.3292,1.9626
T0003,riverside_to_airport,1453,2026-04-21T09:58:18.172,11.55098,104.84208,9.659,-0.33869,-0.31543,0.211,2.6089
T0003,riverside_to_airport,1454,2026-04-21T09:58:20.781,11.55097,104.84209,11.349,0.21137,0.24772,0.3583,2.2205
T0003,riverside_to_airport,1455,2026-04-21T09:58:23.002,11.5509271,104.8420371,8.465,-0.2691,-0.16139,0.4434,2.977
T0003,riverside_to_airport,1456,2026-04-21T09:58:25.979,11.5508843,104.8419843,7.863,-0.05219,0.06768,0.3982,3.205
T0003,riverside_to_airport,1457,2026-04-21T09:58:29.184,11.5508414,104.8419314,11.401,0.44473,0.22483,0.2595,2.2103
T0003,riverside_to_airport,1458,2026-04-21T09:58:31.394,11.5507986,104.8418786,9.71,-0.18101,-0.24112,0.4184,2.5952
T0003,riverside_to_airport,1459,2026-04-21T09:58:33.989,11.5507557,104.8418257,7.94,-0.15493,0.00822,0.4158,3.1737
T0003,riverside_to_airport,1460,2026-04-21T09:58:37.163,11.5507129,104.8417729,11.735,0.49085,0.30072,0.2788,2.1475
T0003,riverside_to_airport,1461,2026-04-21T09:58:39.311,11.55067,104.84172,14.104,0.36834,-0.06857,0.3869,1.7867
T0003,riverside_to_airport,1462,2026-04-21T09:58:41.097,11.55067,104.84172,15.46,0.23109,-0.0842,0.3833,1.63
T0003,riverside_to_airport,1463,2026-04-21T09:58:42.727,11.55061,104.841766,12.99,-0.35371,-0.30145,0.4519,1.94
T0003,riverside_to_airport,1464,2026-04-21T09:58:44.667,11.55055,104.841812,13.389,0.05892,0.21924,0.2408,1.8821
T0003,riverside_to_airport,1465,2026-04-21T09:58:46.549,11.55049,104.841858,14.707,0.21372,0.09034,0.2585,1.7134
T0003,riverside_to_airport,1466,2026-04-21T09:58:48.263,11.55043,104.841904,15.059,0.05837,-0.09283,0.3458,1.6734
T0003,riverside_to_airport,1467,2026-04-21T09:58:49.936,11.55037,104.84195,12.86,-0.31166,-0.18884,0.2132,1.9595
T0003,riverside_to_airport,1468,2026-04-21T09:58:51.896,11.55033,104.84197,13.427,0.08386,0.21074,0.3247,1.8768
T0003,riverside_to_airport,1469,2026-04-21T09:58:53.773,11.55031,104.84197,13.827,0.06091,-0.01259,0.4365,1.8226
T0003,riverside_to_airport,1470,2026-04-21T09:58:55.595,11.55028,104.84198,14.207,0.05949,-0.0008,0.2446,1.7738
T0003,riverside_to_airport,1471,2026-04-21T09:58:57.369,11.55026,104.84198,13.176,-0.14966,-0.10936,0.338,1.9126
T0003,riverside_to_airport,1472,2026-04-21T09:58:59.282,11.55025,104.84198,13.196,0.00283,0.07985,0.4969,1.9097
T0003,riverside_to_airport,1473,2026-04-21T09:59:01.191,11.55023,104.84197,15.445,0.38305,0.23304,0.3518,1.6315
T0003,riverside_to_airport,1474,2026-04-21T09:59:02.823,11.55023,104.84197,18.776,0.68924,0.22813,0.3495,1.3422
T0003,riverside_to_airport,1475,2026-04-21T09:59:04.165,11.55021,104.84196,17.678,-0.21399,-0.6336,0.3676,1.4255
T0003,riverside_to_airport,1476,2026-04-21T09:59:05.591,11.55019,104.84195,19.54,0.40117,0.47699,0.2558,1.2897
T0003,riverside_to_airport,1477,2026-04-21T09:59:06.880,11.55015,104.84192,16.382,-0.57032,-0.63154,0.2441,1.5383
T0003,riverside_to_airport,1478,2026-04-21T09:59:08.418,11.550105,104.84187,19.396,0.64442,0.93496,0.4032,1.2992
T0003,riverside_to_airport,1479,2026-04-21T09:59:09.718,11.55006,104.84182,17.775,-0.31755,-0.67854,0.3187,1.4177
T0003,riverside_to_airport,1480,2026-04-21T09:59:11.135,11.5500167,104.8417683,21.868,0.98656,1.13167,0.287,1.1524
T0003,riverside_to_airport,1481,2026-04-21T09:59:12.288,11.5499733,104.8417167,15.173,-1.11977,-1.2682,0.2094,1.6609
T0003,riverside_to_airport,1482,2026-04-21T09:59:13.949,11.54993,104.841665,15.927,0.1325,0.79148,0.4538,1.5822
T0003,riverside_to_airport,1483,2026-04-21T09:59:15.531,11.5498867,104.8416133,17.59,0.32229,0.13247,0.2097,1.4327
T0003,riverside_to_airport,1484,2026-04-21T09:59:16.964,11.5498433,104.8415617,17.557,-0.00626,-0.2289,0.425,1.4353
T0003,riverside_to_airport,1485,2026-04-21T09:59:18.399,11.5498,104.84151,19.887,0.51062,0.40789,0.3146,1.2672
T0003,riverside_to_airport,1486,2026-04-21T09:59:19.666,11.54979,104.8415,15.959,-0.69095,-0.76094,0.3796,1.5791
T0003,riverside_to_airport,1487,2026-04-21T09:59:21.245,11.54978,104.84148,18.319,0.47654,0.84869,0.2743,1.3756
T0003,riverside_to_airport,1488,2026-04-21T09:59:22.621,11.54976,104.84147,18.705,0.07965,-0.29459,0.2466,1.3472
T0003,riverside_to_airport,1489,2026-04-21T09:59:23.968,11.54975,104.84146,18.018,-0.13639,-0.15448,0.36,1.3986
T0003,riverside_to_airport,1490,2026-04-21T09:59:25.366,11.54973,104.84145,15.52,-0.42743,-0.17924,0.4087,1.6237
T0003,riverside_to_airport,1491,2026-04-21T09:59:26.990,11.54972,104.84144,19.073,0.74701,0.8889,0.2586,1.3212
T0003,riverside_to_airport,1492,2026-04-21T09:59:28.311,11.5497,104.84143,18.805,-0.05548,-0.59886,0.3309,1.34
T0003,riverside_to_airport,1493,2026-04-21T09:59:29.651,11.54968,104.84143,17.861,-0.18597,-0.09249,0.3334,1.4109
T0003,riverside_to_airport,1494,2026-04-21T09:59:31.062,11.54966,104.84143,17.268,-0.11285,0.05011,0.2648,1.4594
T0003,riverside_to_airport,1495,2026-04-21T09:59:32.522,11.54964,104.84143,17.301,0.00622,0.08175,0.3695,1.4566
T0003,riverside_to_airport,1496,2026-04-21T09:59:33.978,11.54961,104.84144,16.843,-0.0849,-0.0609,0.2438,1.4961
T0003,riverside_to_airport,1497,2026-04-21T09:59:35.474,11.5496,104.84144,17.923,0.21322,0.21203,0.3529,1.406
T0003,riverside_to_airport,1498,2026-04-21T09:59:36.881,11.54957,104.84146,17.008,-0.17145,-0.25962,0.234,1.4816
T0003,riverside_to_airport,1499,2026-04-21T09:59:38.362,11.54952,104.8415071,15.689,-0.22819,-0.03532,0.3457,1.6063
T0003,riverside_to_airport,1500,2026-04-21T09:59:39.968,11.54947,104.8415543,15.389,-0.05091,0.10826,0.2935,1.6376
T0003,riverside_to_airport,1501,2026-04-21T09:59:41.606,11.54942,104.8416014,15.833,0.07764,0.08076,0.3357,1.5916
T0003,riverside_to_airport,1502,2026-04-21T09:59:43.198,11.54937,104.8416486,17.295,0.27857,0.1379,0.3301,1.4571
T0003,riverside_to_airport,1503,2026-04-21T09:59:44.655,11.54932,104.8416957,16.921,-0.06969,-0.23384,0.4724,1.4893
T0003,riverside_to_airport,1504,2026-04-21T09:59:46.144,11.54927,104.8417429,17.284,0.06925,0.09529,0.347,1.458
T0003,riverside_to_airport,1505,2026-04-21T09:59:47.602,11.54922,104.84179,17.713,0.0836,0.01009,0.4455,1.4227
